#
# There is insufficient memory for the Java Runtime Environment to continue.
# Native memory allocation (mmap) failed to map 65536 bytes. Error detail: Failed to commit metaspace.
# Possible reasons:
#   The system is out of physical RAM or swap space
#   This process is running with CompressedOops enabled, and the Java Heap may be blocking the growth of the native heap
# Possible solutions:
#   Reduce memory load on the system
#   Increase physical memory or swap space
#   Check if swap backing store is full
#   Decrease Java heap size (-Xmx/-Xms)
#   Decrease number of Java threads
#   Decrease Java thread stack sizes (-Xss)
#   Set larger code cache with -XX:ReservedCodeCacheSize=
#   JVM is running with Unscaled Compressed Oops mode in which the Java heap is
#     placed in the first 4GB address space. The Java Heap base address is the
#     maximum limit for the native heap growth. Please use -XX:HeapBaseMinAddress
#     to set the Java Heap base and to place the Java Heap above 4GB virtual address.
# This output file may be truncated or incomplete.
#
#  Out of Memory Error (virtualSpaceNode.cpp:113), pid=26884, tid=26920
#
# JRE version: OpenJDK Runtime Environment JBR-21.0.8+1-1038.73-jcef (21.0.8+1) (build 21.0.8+1-b1038.73)
# Java VM: OpenJDK 64-Bit Server VM JBR-21.0.8+1-1038.73-jcef (21.0.8+1-b1038.73, mixed mode, sharing, tiered, compressed oops, compressed class ptrs, g1 gc, windows-amd64)
# No core dump will be written. Minidumps are not enabled by default on client versions of Windows
#

---------------  S U M M A R Y ------------

Command Line: abort vfprintf -XX:ErrorFile=C:\Users\Muju\java_error_in_rider_%p.log -XX:HeapDumpPath=C:\Users\Muju\java_error_in_rider.hprof -Xms128m -Xmx2048m -XX:JbrShrinkingGcMaxHeapFreeRatio=40 -XX:ReservedCodeCacheSize=512m -XX:+HeapDumpOnOutOfMemoryError -XX:-OmitStackTraceInFastThrow -XX:CICompilerCount=2 -XX:+IgnoreUnrecognizedVMOptions -XX:+UnlockDiagnosticVMOptions -XX:TieredOldPercentage=100000 -ea -Dsun.io.useCanonCaches=false -Dsun.java2d.metal=true -Djbr.catch.SIGABRT=true -Djdk.http.auth.tunneling.disabledSchemes="" -Djdk.attach.allowAttachSelf=true -Djdk.module.illegalAccess.silent=true -Djdk.nio.maxCachedBufferSize=2097152 -Djava.util.zip.use.nio.for.zip.file.access=true -Dkotlinx.coroutines.debug=off -Djava.nio.file.spi.DefaultFileSystemProvider=com.intellij.platform.core.nio.fs.MultiRoutingFileSystemProvider -Dllm.show.ai.promotion.window.on.start=false -Xms128m -Xmx2048m -XX:ReservedCodeCacheSize=512m -XX:+IgnoreUnrecognizedVMOptions -XX:+UseG1GC -XX:SoftRefLRUPolicyMSPerMB=50 -XX:CICompilerCount=2 -XX:+HeapDumpOnOutOfMemoryError -XX:-OmitStackTraceInFastThrow -ea -Dsun.io.useCanonCaches=false -Djdk.http.auth.tunneling.disabledSchemes="" -Djdk.attach.allowAttachSelf=true -Djdk.module.illegalAccess.silent=true -Dkotlinx.coroutines.debug=off -XX:ErrorFile=$USER_HOME/java_error_in_idea_%p.log -XX:HeapDumpPath=$USER_HOME/java_error_in_idea.hprof --add-opens=java.base/jdk.internal.org.objectweb.asm=ALL-UNNAMED --add-opens=java.base/jdk.internal.org.objectweb.asm.tree=ALL-UNNAMED -javaagent:D:\BaiduNetdiskDownload\jihuo-tool\ja-netfilter.jar=jetbrains -Djb.vmOptionsFile=D:\BaiduNetdiskDownload\jihuo-tool\vmoptions\rider.vmoptions -Xbootclasspath/a:C:\Program Files\JetBrains\JetBrains Rider 2024.3.6\lib\nio-fs.jar -Djava.system.class.loader=com.intellij.util.lang.PathClassLoader -Didea.vendor.name=JetBrains -Didea.paths.selector=Rider2025.2 -Djna.boot.library.path=C:\Program Files\JetBrains\JetBrains Rider 2024.3.6/lib/jna/amd64 -Djna.nosys=true -Djna.noclasspath=true -Dpty4j.preferred.native.folder=C:\Program Files\JetBrains\JetBrains Rider 2024.3.6/lib/pty4j -Dio.netty.allocator.type=pooled -Dintellij.platform.runtime.repository.path=C:\Program Files\JetBrains\JetBrains Rider 2024.3.6/modules/module-descriptors.dat -Didea.platform.prefix=Rider -Dwsl.use.remote.agent.for.nio.filesystem=true -Djava.nio.file.spi.DefaultFileSystemProvider=com.intellij.platform.core.nio.fs.MultiRoutingFileSystemProvider -Dide.native.launcher=true -Didea.class.before.app=com.jetbrains.rider.protocol.EarlyBackendStarter -Didea.show.customize.ide.wizard=true -DFilePageCache.THROW_ERROR_ON_DUPLICATE_STORAGE_REGISTRATION=false -Dsplash=true -Daether.connector.resumeDownloads=false -Dcompose.swing.render.on.graphics=true --add-opens=java.base/java.io=ALL-UNNAMED --add-opens=java.base/java.lang=ALL-UNNAMED --add-opens=java.base/java.lang.ref=ALL-UNNAMED --add-opens=java.base/java.lang.reflect=ALL-UNNAMED --add-opens=java.base/java.net=ALL-UNNAMED --add-opens=java.base/java.nio=ALL-UNNAMED --add-opens=java.base/java.nio.charset=ALL-UNNAMED --add-opens=java.base/java.text=ALL-UNNAMED --add-opens=java.base/java.time=ALL-UNNAMED --add-opens=java.base/java.util=ALL-UNNAMED --add-opens=java.base/java.util.concurrent=ALL-UNNAMED --add-opens=java.base/java.util.concurrent.atomic=ALL-UNNAMED --add-opens=java.base/java.util.concurrent.locks=ALL-UNNAMED --add-opens=java.base/jdk.internal.vm=ALL-UNNAMED --add-opens=java.base/sun.net.dns=ALL-UNNAMED --add-opens=java.base/sun.nio.ch=ALL-UNNAMED --add-opens=java.base/sun.nio.fs=ALL-UNNAMED --add-opens=java.base/sun.security.ssl=ALL-UNNAMED --add-opens=java.base/sun.security.util=ALL-UNNAMED --add-opens=java.desktop/com.sun.java.swing=ALL-UNNAMED --add-opens=java.desktop/java.awt=ALL-UNNAMED --add-opens=java.desktop/java.awt.dnd.peer=ALL-UNNAMED --add-opens=java.desktop/java.awt.event=ALL-UNNAMED --add-opens=java.desktop/java.awt.font=ALL-UNNAMED --add-opens=java.desktop/java.awt.image=ALL-UNNAMED --add-opens=java.desktop/java.awt.peer=ALL-UNNAMED --add-opens=java.desktop/javax.swing=ALL-UNNAMED --add-opens=java.desktop/javax.swing.plaf.basic=ALL-UNNAMED --add-opens=java.desktop/javax.swing.text=ALL-UNNAMED --add-opens=java.desktop/javax.swing.text.html=ALL-UNNAMED --add-opens=java.desktop/javax.swing.text.html.parser=ALL-UNNAMED --add-opens=java.desktop/sun.awt=ALL-UNNAMED --add-opens=java.desktop/sun.awt.datatransfer=ALL-UNNAMED --add-opens=java.desktop/sun.awt.image=ALL-UNNAMED --add-opens=java.desktop/sun.awt.windows=ALL-UNNAMED --add-opens=java.desktop/sun.font=ALL-UNNAMED --add-opens=java.desktop/sun.java2d=ALL-UNNAMED --add-opens=java.desktop/sun.swing=ALL-UNNAMED --add-opens=java.management/sun.management=ALL-UNNAMED --add-opens=jdk.attach/sun.tools.attach=ALL-UNNAMED --add-opens=jdk.compiler/com.sun.tools.javac.api=ALL-UNNAMED --add-opens=jdk.internal.jvmstat/sun.jvmstat.monitor=ALL-UNNAMED --add-opens=jdk.jdi/com.sun.tools.jdi=ALL-UNNAMED -Dide.native.launcher=true -Djcef.sandbox.ptr=000001D226B07DA0 -Djcef.sandbox.cefVersion=122.1.9+gd14e051+chromium-122.0.6261.94 com.intellij.idea.Main E:\Unity\program\Pvz\Pvz.sln --line -1 --column -1 E:\Unity\program\Pvz\Assets\Scripts\PeaBullet.cs

Host: 11th Gen Intel(R) Core(TM) i7-11800H @ 2.30GHz, 16 cores, 15G,  Windows 10 , 64 bit Build 19041 (10.0.19041.5915)
Time: Mon Nov 17 00:53:39 2025 elapsed time: 41.549858 seconds (0d 0h 0m 41s)

---------------  T H R E A D  ---------------

Current thread (0x000001d2c8bbf2f0):  JavaThread "DefaultDispatcher-worker-26" daemon [_thread_in_vm, id=26920, stack(0x000000552bf00000,0x000000552c000000) (1024K)]

Stack: [0x000000552bf00000,0x000000552c000000]
Native frames: (J=compiled Java code, j=interpreted, Vv=VM code, C=native code)
V  [jvm.dll+0x6ebeb9]
V  [jvm.dll+0x8cbec3]
V  [jvm.dll+0x8ce47e]
V  [jvm.dll+0x8ceb63]
V  [jvm.dll+0x28adf6]
V  [jvm.dll+0x8c6cfe]
V  [jvm.dll+0x68c895]
V  [jvm.dll+0x1ec151]
V  [jvm.dll+0x1ebf1e]
V  [jvm.dll+0x68f1a8]
V  [jvm.dll+0x68efe2]
V  [jvm.dll+0x68d24e]
V  [jvm.dll+0x697517]
V  [jvm.dll+0x21e6ac]
V  [jvm.dll+0x21ebf5]
V  [jvm.dll+0x21f5d6]
V  [jvm.dll+0x21458a]
V  [jvm.dll+0x5c96c5]
V  [jvm.dll+0x843653]
V  [jvm.dll+0x84379b]
V  [jvm.dll+0x4838e7]
V  [jvm.dll+0x489728]
C  [java.dll+0x1959]

Java frames: (J=compiled Java code, j=interpreted, Vv=VM code)
J 915  java.lang.ClassLoader.defineClass2(Ljava/lang/ClassLoader;Ljava/lang/String;Ljava/nio/ByteBuffer;IILjava/security/ProtectionDomain;Ljava/lang/String;)Ljava/lang/Class; java.base@21.0.8 (0 bytes) @ 0x000001d23d36dd11 [0x000001d23d36dc40+0x00000000000000d1]
J 25337 c2 java.lang.ClassLoader.defineClass(Ljava/lang/String;Ljava/nio/ByteBuffer;Ljava/security/ProtectionDomain;)Ljava/lang/Class; java.base@21.0.8 (108 bytes) @ 0x000001d23daa799c [0x000001d23daa78c0+0x00000000000000dc]
J 25341 c2 com.intellij.util.lang.JarLoader.findClass(Ljava/lang/String;Ljava/lang/String;Lcom/intellij/util/lang/ClassPath$ClassDataConsumer;)Ljava/lang/Class; (14 bytes) @ 0x000001d23dabde2c [0x000001d23dabdd00+0x000000000000012c]
J 1092 c1 com.intellij.util.lang.ClassPath.findClassInLoader(Ljava/lang/String;Ljava/lang/String;Lcom/intellij/util/lang/ClassPath$ClassDataConsumer;Lcom/intellij/util/lang/Loader;)Ljava/lang/Class; (85 bytes) @ 0x000001d22d233d2c [0x000001d22d233b00+0x000000000000022c]
J 18385 c2 com.intellij.util.lang.ClassPath.findClass(Ljava/lang/String;Ljava/lang/String;JLcom/intellij/util/lang/ClassPath$ClassDataConsumer;)Ljava/lang/Class; (177 bytes) @ 0x000001d23d76fbd4 [0x000001d23d76faa0+0x0000000000000134]
J 12775 c2 com.intellij.util.lang.UrlClassLoader.findClass(Ljava/lang/String;)Ljava/lang/Class; (131 bytes) @ 0x000001d23d702e74 [0x000001d23d702680+0x00000000000007f4]
J 12862 c2 java.lang.ClassLoader.loadClass(Ljava/lang/String;Z)Ljava/lang/Class; java.base@21.0.8 (121 bytes) @ 0x000001d23d705904 [0x000001d23d705600+0x0000000000000304]
J 8903 c2 java.lang.ClassLoader.loadClass(Ljava/lang/String;)Ljava/lang/Class; java.base@21.0.8 (7 bytes) @ 0x000001d23d5efdec [0x000001d23d5efda0+0x000000000000004c]
v  ~StubRoutines::call_stub 0x000001d23cd910e7
J 915  java.lang.ClassLoader.defineClass2(Ljava/lang/ClassLoader;Ljava/lang/String;Ljava/nio/ByteBuffer;IILjava/security/ProtectionDomain;Ljava/lang/String;)Ljava/lang/Class; java.base@21.0.8 (0 bytes) @ 0x000001d23d36dd11 [0x000001d23d36dc40+0x00000000000000d1]
J 25337 c2 java.lang.ClassLoader.defineClass(Ljava/lang/String;Ljava/nio/ByteBuffer;Ljava/security/ProtectionDomain;)Ljava/lang/Class; java.base@21.0.8 (108 bytes) @ 0x000001d23daa799c [0x000001d23daa78c0+0x00000000000000dc]
J 25341 c2 com.intellij.util.lang.JarLoader.findClass(Ljava/lang/String;Ljava/lang/String;Lcom/intellij/util/lang/ClassPath$ClassDataConsumer;)Ljava/lang/Class; (14 bytes) @ 0x000001d23dabde2c [0x000001d23dabdd00+0x000000000000012c]
J 1092 c1 com.intellij.util.lang.ClassPath.findClassInLoader(Ljava/lang/String;Ljava/lang/String;Lcom/intellij/util/lang/ClassPath$ClassDataConsumer;Lcom/intellij/util/lang/Loader;)Ljava/lang/Class; (85 bytes) @ 0x000001d22d233d2c [0x000001d22d233b00+0x000000000000022c]
J 18385 c2 com.intellij.util.lang.ClassPath.findClass(Ljava/lang/String;Ljava/lang/String;JLcom/intellij/util/lang/ClassPath$ClassDataConsumer;)Ljava/lang/Class; (177 bytes) @ 0x000001d23d76fbd4 [0x000001d23d76faa0+0x0000000000000134]
J 12775 c2 com.intellij.util.lang.UrlClassLoader.findClass(Ljava/lang/String;)Ljava/lang/Class; (131 bytes) @ 0x000001d23d702e74 [0x000001d23d702680+0x00000000000007f4]
J 12862 c2 java.lang.ClassLoader.loadClass(Ljava/lang/String;Z)Ljava/lang/Class; java.base@21.0.8 (121 bytes) @ 0x000001d23d705904 [0x000001d23d705600+0x0000000000000304]
J 8903 c2 java.lang.ClassLoader.loadClass(Ljava/lang/String;)Ljava/lang/Class; java.base@21.0.8 (7 bytes) @ 0x000001d23d5efdec [0x000001d23d5efda0+0x000000000000004c]
v  ~StubRoutines::call_stub 0x000001d23cd910e7
j  com.jetbrains.rider.actions.RiderActionUpdateInterceptor.i(Lcom/intellij/openapi/actionSystem/DataContext;)Z+14
j  com.jetbrains.rider.actions.RiderActionUpdateInterceptor.i(Ljava/util/List;Lcom/intellij/openapi/actionSystem/DataContext;)Z+68
j  com.jetbrains.rider.actions.RiderActionUpdateInterceptor.runUpdateSessionForInputEvent(Ljava/util/List;Lcom/intellij/openapi/actionSystem/DataContext;Ljava/lang/String;Lcom/intellij/openapi/actionSystem/impl/SuspendingUpdateSession;Lkotlin/jvm/functions/Function2;Lkotlin/coroutines/Continuation;)Ljava/lang/Object;+115
j  com.intellij.openapi.actionSystem.impl.Utils$runUpdateSessionForInputEvent$1$1$result$1.invokeSuspend(Ljava/lang/Object;)Ljava/lang/Object;+554
j  com.intellij.openapi.actionSystem.impl.Utils$runUpdateSessionForInputEvent$1$1$result$1.invoke(Lkotlinx/coroutines/CoroutineScope;Lkotlin/coroutines/Continuation;)Ljava/lang/Object;+12
j  com.intellij.openapi.actionSystem.impl.Utils$runUpdateSessionForInputEvent$1$1$result$1.invoke(Ljava/lang/Object;Ljava/lang/Object;)Ljava/lang/Object;+9
J 27104 c1 com.intellij.openapi.actionSystem.impl.ActionUpdater$runUpdateSession$2.invokeSuspend(Ljava/lang/Object;)Ljava/lang/Object; (170 bytes) @ 0x000001d22f8994ec [0x000001d22f899260+0x000000000000028c]
J 12218 c2 kotlin.coroutines.jvm.internal.BaseContinuationImpl.resumeWith(Ljava/lang/Object;)V (124 bytes) @ 0x000001d23d6cb70c [0x000001d23d6cb660+0x00000000000000ac]
J 25429 c2 kotlinx.coroutines.DispatchedTask.run()V (438 bytes) @ 0x000001d23dae7794 [0x000001d23dae6ca0+0x0000000000000af4]
J 8953 c1 kotlinx.coroutines.internal.LimitedDispatcher$Worker.run()V (95 bytes) @ 0x000001d22ddb3e2c [0x000001d22ddb3da0+0x000000000000008c]
J 18090 c2 kotlinx.coroutines.scheduling.TaskImpl.run()V (10 bytes) @ 0x000001d23d8c1270 [0x000001d23d8c1220+0x0000000000000050]
J 6629 c1 kotlinx.coroutines.scheduling.CoroutineScheduler.runSafely(Lkotlinx/coroutines/scheduling/Task;)V (73 bytes) @ 0x000001d22dad4434 [0x000001d22dad43c0+0x0000000000000074]
J 25440 c2 kotlinx.coroutines.scheduling.CoroutineScheduler$Worker.executeTask(Lkotlinx/coroutines/scheduling/Task;)V (212 bytes) @ 0x000001d23db1602c [0x000001d23db15e20+0x000000000000020c]
j  kotlinx.coroutines.scheduling.CoroutineScheduler$Worker.runWorker()V+44
j  kotlinx.coroutines.scheduling.CoroutineScheduler$Worker.run()V+1
v  ~StubRoutines::call_stub 0x000001d23cd910e7

Compiled method (n/a) 41598  915     n 0       java.lang.ClassLoader::defineClass2 (native)
 total in heap  [0x000001d23d36da90,0x000001d23d36e1f0] = 1888
 relocation     [0x000001d23d36dbf0,0x000001d23d36dc30] = 64
 main code      [0x000001d23d36dc40,0x000001d23d36e1ef] = 1455
 stub code      [0x000001d23d36e1ef,0x000001d23d36e1f0] = 1

[Constant Pool (empty)]

[MachCode]
[Entry Point]
  # {method} {0x000001d254af4e98} 'defineClass2' '(Ljava/lang/ClassLoader;Ljava/lang/String;Ljava/nio/ByteBuffer;IILjava/security/ProtectionDomain;Ljava/lang/String;)Ljava/lang/Class;' in 'java/lang/ClassLoader'
  # parm0:    rdx:rdx   = 'java/lang/ClassLoader'
  # parm1:    r8:r8     = 'java/lang/String'
  # parm2:    r9:r9     = 'java/nio/ByteBuffer'
  # parm3:    rdi       = int
  # parm4:    rsi       = int
  # parm5:    rcx:rcx   = 'java/security/ProtectionDomain'
  # parm6:    [sp+0xa0]   = 'java/lang/String'  (sp of caller)
  0x000001d23d36dc40: 448b 5208 | 49bb 0000 | 0054 d201 | 0000 4d03 | d349 3bc2 | 0f84 0600 

  0x000001d23d36dc58: ;   {runtime_call ic_miss_stub}
  0x000001d23d36dc58: 0000 e921 | 0da7 ff90 
[Verified Entry Point]
  0x000001d23d36dc60: 8984 2400 | 80ff ff55 | 488b ec48 | 81ec 9000 | 0000 6690 | 4181 7f20 | 2c00 0000 

  0x000001d23d36dc7c: ;   {runtime_call StubRoutines (final stubs)}
  0x000001d23d36dc7c: 7405 e83d | 80a5 ff48 | 837d 1000 | 488d 4510 | 480f 4445 | 1048 8944 | 2440 4889 | 4c24 7048 
  0x000001d23d36dc9c: 83f9 0048 | 8d44 2470 | 480f 4444 | 2470 4889 | 4424 3848 | 8974 2430 | 4889 7c24 | 284c 894c 
  0x000001d23d36dcbc: 2458 4983 | f900 488d | 4424 5848 | 0f44 4424 | 5848 8944 | 2420 4c89 | 4424 5049 | 83f8 004c 
  0x000001d23d36dcdc: 8d4c 2450 | 4c0f 444c | 2450 4889 | 5424 4848 | 83fa 004c | 8d44 2448 | 4c0f 4444 

  0x000001d23d36dcf8: ;   {oop(a 'java/lang/Class'{0x0000000080be5140} = 'java/lang/ClassLoader')}
  0x000001d23d36dcf8: 2448 49be | 4051 be80 | 0000 0000 | 4c89 7424 | 784c 8d74 | 2478 498b | d6c5 f877 

  0x000001d23d36dd14: ;   {internal_word}
  0x000001d23d36dd14: 49ba 11dd | 363d d201 | 0000 4d89 | 97a0 0300 | 0049 89a7 | 9803 0000 

  0x000001d23d36dd2c: ;   {external_word}
  0x000001d23d36dd2c: 49ba 8ef0 | 4a31 fc7f | 0000 4180 | 3a00 0f84 | 4e00 0000 | 5241 5041 

  0x000001d23d36dd44: ;   {metadata({method} {0x000001d254af4e98} 'defineClass2' '(Ljava/lang/ClassLoader;Ljava/lang/String;Ljava/nio/ByteBuffer;IILjava/security/ProtectionDomain;Ljava/lang/String;)Ljava/lang/Class;' in 'java/lang/ClassLoader')}
  0x000001d23d36dd44: 5148 ba90 | 4eaf 54d2 | 0100 0049 | 8bcf 4883 | ec20 40f6 | c40f 0f84 | 1900 0000 | 4883 ec08 
  0x000001d23d36dd64: ;   {runtime_call}
  0x000001d23d36dd64: 48b8 1031 | f430 fc7f | 0000 ffd0 | 4883 c408 | e90c 0000 

  0x000001d23d36dd78: ;   {runtime_call}
  0x000001d23d36dd78: 0048 b810 | 31f4 30fc | 7f00 00ff | d048 83c4 | 2041 5941 | 585a 498d | 8fb8 0300 | 0041 c787 
  0x000001d23d36dd98: 4404 0000 | 0400 0000 

  0x000001d23d36dda0: ;   {runtime_call}
  0x000001d23d36dda0: 48b8 5c18 | e306 fd7f | 0000 ffd0 | c5f8 7741 | c787 4404 | 0000 0500 | 0000 f083 | 4424 c000 
  0x000001d23d36ddc0: 493b af48 | 0400 000f | 870e 0000 | 0041 83bf | 4004 0000 | 000f 842b | 0000 00c5 | f877 4889 
  0x000001d23d36dde0: 45f8 498b | cf4c 8be4 | 4883 ec20 | 4883 e4f0 

  0x000001d23d36ddf0: ;   {runtime_call}
  0x000001d23d36ddf0: 48b8 70fc | be30 fc7f | 0000 ffd0 | 498b e44d | 33e4 488b | 45f8 41c7 | 8744 0400 | 0008 0000 
  0x000001d23d36de10: 0041 83bf | c004 0000 | 020f 84a3 

  0x000001d23d36de1c: ;   {external_word}
  0x000001d23d36de1c: 0300 0049 | ba8e f04a | 31fc 7f00 | 0041 803a | 000f 844c | 0000 0048 

  0x000001d23d36de34: ;   {metadata({method} {0x000001d254af4e98} 'defineClass2' '(Ljava/lang/ClassLoader;Ljava/lang/String;Ljava/nio/ByteBuffer;IILjava/security/ProtectionDomain;Ljava/lang/String;)Ljava/lang/Class;' in 'java/lang/ClassLoader')}
  0x000001d23d36de34: 8945 f848 | ba90 4eaf | 54d2 0100 | 0049 8bcf | 4883 ec20 | 40f6 c40f | 0f84 1900 | 0000 4883 
  0x000001d23d36de54: ;   {runtime_call}
  0x000001d23d36de54: ec08 48b8 | 1031 f430 | fc7f 0000 | ffd0 4883 | c408 e90c 

  0x000001d23d36de68: ;   {runtime_call}
  0x000001d23d36de68: 0000 0048 | b810 31f4 | 30fc 7f00 | 00ff d048 | 83c4 2048 | 8b45 f849 | c787 9803 | 0000 0000 
  0x000001d23d36de88: 0000 49c7 | 87a0 0300 | 0000 0000 | 00c5 f877 | 4885 c00f | 84fe 0200 | 00a8 030f | 8508 0000 
  0x000001d23d36dea8: 0048 8b00 | e9ee 0200 | 00a8 010f | 8509 0000 | 0048 8b40 | fee9 dd02 | 0000 488b | 40ff 4180 
  0x000001d23d36dec8: 7f40 000f | 84ce 0200 | 0048 83f8 | 000f 84c4 | 0200 0049 | 8b4f 2848 | 83f9 000f | 8414 0000 
  0x000001d23d36dee8: 0048 83e9 | 0849 894f | 2849 034f | 3848 8901 | e9a2 0200 | 0048 81ec | 5001 0000 | 4889 0424 
  0x000001d23d36df08: 4889 4c24 | 0848 8954 | 2410 4889 | 7424 1848 | 897c 2420 | 4c89 4424 | 284c 894c | 2430 4c89 
  0x000001d23d36df28: 5424 384c | 895c 2440 | c5fb 1144 | 2450 c5fb | 114c 2458 | c5fb 1154 | 2460 c5fb | 115c 2468 
  0x000001d23d36df48: c5fb 1164 | 2470 c5fb | 116c 2478 | c5fb 11b4 | 2480 0000 | 00c5 fb11 | bc24 8800 | 0000 c57b 
  0x000001d23d36df68: ;   {no_reloc}
  0x000001d23d36df68: 1184 2490 | 0000 00c5 | 7b11 8c24 | 9800 0000 | c57b 1194 | 24a0 0000 | 00c5 7b11 | 9c24 a800 
  0x000001d23d36df88: 0000 c57b | 11a4 24b0 | 0000 00c5 | 7b11 ac24 | b800 0000 | c57b 11b4 | 24c0 0000 | 00c5 7b11 
  0x000001d23d36dfa8: bc24 c800 | 0000 62e1 | ff08 1144 | 241a 62e1 | ff08 114c | 241b 62e1 | ff08 1154 | 241c 62e1 
  0x000001d23d36dfc8: ff08 115c | 241d 62e1 | ff08 1164 | 241e 62e1 | ff08 116c | 241f 62e1 | ff08 1174 | 2420 62e1 
  0x000001d23d36dfe8: ff08 117c | 2421 6261 | ff08 1144 | 2422 6261 | ff08 114c | 2423 6261 | ff08 1154 | 2424 6261 
  0x000001d23d36e008: ff08 115c | 2425 6261 | ff08 1164 | 2426 6261 | ff08 116c | 2427 6261 | ff08 1174 | 2428 6261 
  0x000001d23d36e028: ff08 117c | 2429 498b | d748 8bc8 | 4883 ec20 | 40f6 c40f | 0f84 1900 | 0000 4883 

  0x000001d23d36e044: ;   {runtime_call}
  0x000001d23d36e044: ec08 48b8 | 7004 b230 | fc7f 0000 | ffd0 4883 | c408 e90c 

  0x000001d23d36e058: ;   {runtime_call}
  0x000001d23d36e058: 0000 0048 | b870 04b2 | 30fc 7f00 | 00ff d048 | 83c4 2062 | 61ff 0810 | 7c24 2962 | 61ff 0810 
  0x000001d23d36e078: 7424 2862 | 61ff 0810 | 6c24 2762 | 61ff 0810 | 6424 2662 | 61ff 0810 | 5c24 2562 | 61ff 0810 
  0x000001d23d36e098: 5424 2462 | 61ff 0810 | 4c24 2362 | 61ff 0810 | 4424 2262 | e1ff 0810 | 7c24 2162 | e1ff 0810 
  0x000001d23d36e0b8: 7424 2062 | e1ff 0810 | 6c24 1f62 | e1ff 0810 | 6424 1e62 | e1ff 0810 | 5c24 1d62 | e1ff 0810 
  0x000001d23d36e0d8: 5424 1c62 | e1ff 0810 | 4c24 1b62 | e1ff 0810 | 4424 1ac5 | 7b10 bc24 | c800 0000 | c57b 10b4 
  0x000001d23d36e0f8: 24c0 0000 | 00c5 7b10 | ac24 b800 | 0000 c57b | 10a4 24b0 | 0000 00c5 | 7b10 9c24 | a800 0000 
  0x000001d23d36e118: c57b 1094 | 24a0 0000 | 00c5 7b10 | 8c24 9800 | 0000 c57b | 1084 2490 | 0000 00c5 | fb10 bc24 
  0x000001d23d36e138: 8800 0000 | c5fb 10b4 | 2480 0000 | 00c5 fb10 | 6c24 78c5 | fb10 6424 | 70c5 fb10 | 5c24 68c5 
  0x000001d23d36e158: ;   {no_reloc}
  0x000001d23d36e158: fb10 5424 | 60c5 fb10 | 4c24 58c5 | fb10 4424 | 504c 8b5c | 2440 4c8b | 5424 384c | 8b4c 2430 
  0x000001d23d36e178: 4c8b 4424 | 2848 8b7c | 2420 488b | 7424 1848 | 8b54 2410 | 488b 4c24 | 0848 8b04 | 2448 81c4 
  0x000001d23d36e198: 5001 0000 | c5f8 7749 | 8b8f 2804 | 0000 c781 | 0001 0000 | 0000 0000 | c949 837f | 0800 0f85 
  0x000001d23d36e1b8: 0100 0000 

  0x000001d23d36e1bc: ;   {runtime_call StubRoutines (initial stubs)}
  0x000001d23d36e1bc: c3e9 3e2d | a2ff c5f8 | 7748 8945 | f84c 8be4 | 4883 ec20 | 4883 e4f0 

  0x000001d23d36e1d4: ;   {runtime_call}
  0x000001d23d36e1d4: 48b8 6068 | f430 fc7f | 0000 ffd0 | 498b e44d | 33e4 488b | 45f8 e930 | fcff fff4 
[/MachCode]


Compiled method (c2) 41625 25337       4       java.lang.ClassLoader::defineClass (108 bytes)
 total in heap  [0x000001d23daa7510,0x000001d23daaa350] = 11840
 relocation     [0x000001d23daa7670,0x000001d23daa78c0] = 592
 main code      [0x000001d23daa78c0,0x000001d23daa8fc8] = 5896
 stub code      [0x000001d23daa8fc8,0x000001d23daa9118] = 336
 oops           [0x000001d23daa9118,0x000001d23daa9120] = 8
 metadata       [0x000001d23daa9120,0x000001d23daa9310] = 496
 scopes data    [0x000001d23daa9310,0x000001d23daa9b78] = 2152
 scopes pcs     [0x000001d23daa9b78,0x000001d23daa9fb8] = 1088
 dependencies   [0x000001d23daa9fb8,0x000001d23daaa030] = 120
 handler table  [0x000001d23daaa030,0x000001d23daaa300] = 720
 nul chk table  [0x000001d23daaa300,0x000001d23daaa350] = 80

[Constant Pool (empty)]

[MachCode]
[Entry Point]
  # {method} {0x000001d254af52a8} 'defineClass' '(Ljava/lang/String;Ljava/nio/ByteBuffer;Ljava/security/ProtectionDomain;)Ljava/lang/Class;' in 'java/lang/ClassLoader'
  # this:     rdx:rdx   = 'java/lang/ClassLoader'
  # parm0:    r8:r8     = 'java/lang/String'
  # parm1:    r9:r9     = 'java/nio/ByteBuffer'
  # parm2:    rdi:rdi   = 'java/security/ProtectionDomain'
  #           [sp+0xc0]  (sp of caller)
  0x000001d23daa78c0: 448b 5208 | 49bb 0000 | 0054 d201 | 0000 4d03 | d349 3bc2 

  0x000001d23daa78d4: ;   {runtime_call ic_miss_stub}
  0x000001d23daa78d4: 0f85 a670 | 33ff 6690 | 0f1f 4000 
[Verified Entry Point]
  0x000001d23daa78e0: 8984 2400 | 80ff ff55 | 4881 ecb0 | 0000 0090 | 4181 7f20 | 2c00 0000 | 0f85 bc16 | 0000 4889 
  0x000001d23daa7900: 7c24 304c | 8944 2420 | 4889 5424 | 284c 894c | 2438 458b | 591c 452b | 5918 458b | 4108 4585 
  0x000001d23daa7920: db0f 8e12 | 0900 0044 | 895c 2440 

  0x000001d23daa792c: ;   {metadata('java/nio/DirectByteBufferR')}
  0x000001d23daa792c: 4181 f848 | 024d 000f | 857f 0800 | 0048 8b54 | 2428 4c8b | 4424 204c | 8b4c 2430 

  0x000001d23daa7948: ;   {optimized virtual_call}
  0x000001d23daa7948: c5f8 77e8 

  0x000001d23daa794c: ; ImmutableOopMap {[32]=Oop [40]=Oop [56]=Oop }
                      ;*invokevirtual preDefineClass {reexecute=0 rethrow=0 return_oop=1}
                      ; - java.lang.ClassLoader::defineClass@70 (line 1116)
  0x000001d23daa794c: d0e2 ffff 

  0x000001d23daa7950: ;   {other}
  0x000001d23daa7950: 0f1f 8400 | 4004 0000 | 4889 4424 | 308b 6810 

  0x000001d23daa7960: ; implicit exception: dispatches to 0x000001d23daa8f00
  0x000001d23daa7960: 448b 550c | 4585 d20f | 85e3 0800 | 0045 33d2 | 4c8b 5c24 | 3841 8b7b | 1848 8b54 | 2428 4c8b 
  0x000001d23daa7980: 4424 204d | 8bcb 8b74 | 2440 488b | 4c24 304c | 8914 2490 

  0x000001d23daa7994: ;   {static_call}
  0x000001d23daa7994: c5f8 77e8 

  0x000001d23daa7998: ; ImmutableOopMap {[40]=Oop [48]=Oop }
                      ;*invokestatic defineClass2 {reexecute=0 rethrow=0 return_oop=1}
                      ; - java.lang.ClassLoader::defineClass@93 (line 1118)
  0x000001d23daa7998: c462 8cff 

  0x000001d23daa799c: ;   {other}
  0x000001d23daa799c: 0f1f 8400 | 8c04 0001 | 4889 4424 | 3844 8b50 | 3c45 85d2 | 0f85 c603 | 0000 4c8b | 5010 4d85 
  0x000001d23daa79bc: d20f 84c1 | 0800 0045 | 8b5a 0845 | 85db 0f8c | 7411 0000 | 448b 582c | 4585 db0f | 849f 0700 
  0x000001d23daa79dc: 004d 8bd3 | 4c89 5424 | 404c 8b54 | 2440 418b | 6a14 448b | 550c 4c8b | 5c24 4045 | 0fbe 4310 
  0x000001d23daa79fc: c442 3af7 | ca41 ffc9 | 4585 c00f | 85dc 0c00 | 0045 8d5a | ff45 3bd9 | 450f 4fd9 | 4585 db0f 
  0x000001d23daa7a1c: 8c4f 0800 | 004c 8bcd | 49b8 0000 | c34d d201 | 0000 4c89 | 4424 7066 | 0f1f 8400 | 0000 0000 
  0x000001d23daa7a3c: 6666 6690 | 453b da0f | 8380 0f00 | 0042 807c | 1d10 2e74 | 1c49 8b8f | 5004 0000 | 41ff cb4c 
  0x000001d23daa7a5c: ; ImmutableOopMap {r8=Oop r9=Oop rbp=NarrowOop [40]=Oop [48]=Oop [56]=Oop [64]=Oop }
                      ;*goto {reexecute=1 rethrow=0 return_oop=0}
                      ; - (reexecute) java.lang.StringLatin1::lastIndexOf@35 (line 285)
                      ; - java.lang.String::lastIndexOf@13 (line 2573)
                      ; - java.lang.String::lastIndexOf@8 (line 2535)
                      ; - java.lang.Class::getPackageName@47 (line 1168)
                      ; - java.lang.ClassLoader::postDefineClass@2 (line 934)
                      ; - java.lang.ClassLoader::defineClass@102 (line 1119)
  0x000001d23daa7a5c: 8b44 2438 

  0x000001d23daa7a60: ;   {poll}
  0x000001d23daa7a60: 8501 4585 | db7d d941 | bbff ffff | ff41 83fb | ff0f 84a1 | 0d00 004c | 8b54 2440 | 418b 4a14 
  0x000001d23daa7a80: ; implicit exception: dispatches to 0x000001d23daa8ee8
  0x000001d23daa7a80: 448b 510c | 4c8b 4424 | 4041 0fbe | 5810 c4c2 | 62f7 fa45 | 85db 0f8c | ed0f 0000 | 443b df0f 
  0x000001d23daa7aa0: 8f53 1100 | 0044 3bdf | 0f84 9807 | 0000 85db | 0f85 710d | 0000 4585 | db0f 844a | 0d00 0049 
  0x000001d23daa7ac0: 8b9f b801 | 0000 4c8b | c349 83c0 | 184d 3b87 | c801 0000 | 0f83 7f0d | 0000 4d89 | 87b8 0100 
  0x000001d23daa7ae0: 0041 0f0d | 88c0 0000 | 0048 c703 | 0100 0000 | 4c8b c349 

  0x000001d23daa7af4: ;   {metadata('java/lang/String')}
  0x000001d23daa7af4: 83c0 10c7 | 4308 100a | 0100 4489 | 630c c5fd | efc0 c4c1 | 79d6 004c | 8bc1 4c89 | 8424 9000 
  0x000001d23daa7b14: 0000 4c8d | 4910 453b | da0f 84de | 0000 0041 | 81fb 0000 | 1000 0f87 | 3011 0000 | 4963 d345 
  0x000001d23daa7b34: 3bd3 418b | ea41 0f4f | eb44 3bd5 | 0f82 9511 | 0000 443b | dd0f 828c | 1100 0048 | 83c2 174c 
  0x000001d23daa7b54: 8bc2 4983 | e0f8 4181 | fb00 0010 | 000f 87a2 | 0e00 0049 | 8bb7 b801 | 0000 4c8b | d64d 03d0 
  0x000001d23daa7b74: 4d3b 97c8 | 0100 000f | 8388 0e00 | 004d 8997 | b801 0000 | 410f 0d8a | c000 0000 | 48c7 0601 
  0x000001d23daa7b94: 0000 0041 | 0f0d 8a00 

  0x000001d23daa7b9c: ;   {metadata({type array byte})}
  0x000001d23daa7b9c: 0100 00c7 | 4608 a025 | 0000 4489 | 5e0c 410f | 0d8a 4001 | 0000 410f | 0d8a 8001 | 0000 4c8b 
  0x000001d23daa7bbc: d649 83c2 | 1048 c1ea | 0385 ed0f | 849b 1000 | 0041 3beb | 0f8c 490b | 0000 4983 | c0f0 49c1 
  0x000001d23daa7bdc: e803 498b | c949 8bd2 | c5f8 7749 | ba00 1ddc | 3cd2 0100 | 0041 ffd2 

  0x000001d23daa7bf4: ;   {other}
  0x000001d23daa7bf4: 0f1f 8400 | 0000 0000 | e991 0000 | 004d 63c2 | 4181 fa00 | 0010 000f | 87a4 0c00 | 0049 8bb7 
  0x000001d23daa7c14: b801 0000 | 4d8d 5817 | 4983 e3f8 | 488b fe49 | 03fb 493b | bfc8 0100 | 000f 8382 | 0c00 0049 
  0x000001d23daa7c34: 89bf b801 | 0000 0f0d | 8fc0 0000 | 0048 c706 | 0100 0000 | 0f0d 8f00 

  0x000001d23daa7c4c: ;   {metadata({type array byte})}
  0x000001d23daa7c4c: 0100 00c7 | 4608 a025 | 0000 4489 | 560c 0f0d | 8f40 0100 | 000f 0d8f | 8001 0000 | 488b d648 
  0x000001d23daa7c6c: 83c2 1049 | 83c0 0749 | c1e8 0349 | 8bc9 c5f8 | 7749 ba00 | 1ddc 3cd2 | 0100 0041 

  0x000001d23daa7c88: ;   {other}
  0x000001d23daa7c88: ffd2 0f1f | 8400 0000 | 0000 4180 | 7f40 000f | 853d 0600 | 004c 8bd3 | 4c8b c644 | 8943 144c 
  0x000001d23daa7ca8: 8bde 4d33 | da49 c1eb | 144d 85db | 741a 49c1 | ea09 48b9 | 0000 c34d | d201 0000 | 4903 ca80 
  0x000001d23daa7cc8: 3902 0f85 | 3d06 0000 | 4488 6310 | 488b d348 | 8b6c 2428 

  0x000001d23daa7cdc: ;   {optimized virtual_call}
  0x000001d23daa7cdc: c5f8 77e8 

  0x000001d23daa7ce0: ; ImmutableOopMap {rbp=Oop [40]=Oop [48]=Oop [56]=Oop }
                      ;*invokevirtual intern {reexecute=0 rethrow=0 return_oop=1}
                      ; - java.lang.Class::getPackageName@65 (line 1169)
                      ; - java.lang.ClassLoader::postDefineClass@2 (line 934)
                      ; - java.lang.ClassLoader::defineClass@102 (line 1119)
  0x000001d23daa7ce0: fc61 89ff 

  0x000001d23daa7ce4: ;   {other}
  0x000001d23daa7ce4: 0f1f 8400 | d407 0003 | 488b d841 | 807f 4000 | 0f85 a805 | 0000 4c8b | 5424 384c | 8bc3 4c8b 
  0x000001d23daa7d04: 5c24 3845 | 8943 3c4c | 8bdb 4d33 | da49 c1eb | 144d 85db | 7474 4885 | db74 6f49 | c1ea 0948 
  0x000001d23daa7d24: b900 00c3 | 4dd2 0100 | 0049 03ca | 8039 0274 | 594d 8b57 | 484d 8b5f | 58f0 8344 | 24c0 0080 
  0x000001d23daa7d44: 3900 7446 | 4488 214d | 85d2 751d | 498b d7c5 | f877 49ba | 5004 b230 | fc7f 0000 

  0x000001d23daa7d60: ;   {other}
  0x000001d23daa7d60: 41ff d20f | 1f84 0000 | 0000 00eb | 214b 894c | 13f8 4983 | c2f8 4d89 | 5748 eb12 | 498b da49 
  0x000001d23daa7d80: ba00 00c3 | 4dd2 0100 | 004c 8954 | 2470 4c8b | 5424 2845 | 8b4a 3845 | 85c9 0f84 | 2d0d 0000 
  0x000001d23daa7da0: 4c8b db8b | 430c 4c8b | 5424 3845 | 8b42 3085 | c00f 8463 | 0300 0041 | 8b49 2885 | c90f 84f7 
  0x000001d23daa7dc0: 0000 008b | 690c 85ed | 0f86 560d | 0000 448b | d041 c1ea | 1044 33d0 | ffcd 4181 | e2ff ffff 
  0x000001d23daa7de0: 7f41 23ea | 4c63 cd42 | 8b4c 8910 | 85c9 0f84 | c600 0000 | 448b 490c | 488b d945 | 3bca 0f84 
  0x000001d23daa7e00: 5002 0000 | 4585 c90f | 8c6e 0600 | 008b 4b18 | 85c9 0f84 | a200 0000 | 488b f949 | 8b97 5004 
  0x000001d23daa7e20: 0000 8b4f 

  0x000001d23daa7e24: ; ImmutableOopMap {r11=Oop r8=NarrowOop rdi=Oop [40]=Oop [48]=Oop [56]=Oop }
                      ;*if_icmpne {reexecute=1 rethrow=0 return_oop=0}
                      ; - (reexecute) java.util.concurrent.ConcurrentHashMap::get@127 (line 946)
                      ; - java.lang.ClassLoader::getNamedPackage@5 (line 341)
                      ; - java.lang.ClassLoader::postDefineClass@9 (line 934)
                      ; - java.lang.ClassLoader::defineClass@102 (line 1119)
                      ;   {poll}
  0x000001d23daa7e24: 0c85 0241 | 3bca 7410 | 8b4f 1885 | c90f 8483 | 0000 0048 | 8bf9 ebdf | 8b6f 104c | 8bcd 4d3b 
  0x000001d23daa7e44: cb74 6885 | ed0f 84d9 | 0e00 0048 | 897c 2458 | 4489 5424 | 5444 8944 | 2450 4c89 | 5c24 484c 
  0x000001d23daa7e64: 8b54 2428 | 4c89 5424 | 204c 8bc5 | 498b d390 

  0x000001d23daa7e74: ;   {optimized virtual_call}
  0x000001d23daa7e74: c5f8 77e8 

  0x000001d23daa7e78: ; ImmutableOopMap {[32]=Oop [48]=Oop [56]=Oop [72]=Oop [80]=NarrowOop [88]=Oop }
                      ;*invokevirtual equals {reexecute=0 rethrow=0 return_oop=0}
                      ; - java.util.concurrent.ConcurrentHashMap::get@149 (line 947)
                      ; - java.lang.ClassLoader::getNamedPackage@5 (line 341)
                      ; - java.lang.ClassLoader::postDefineClass@9 (line 934)
                      ; - java.lang.ClassLoader::defineClass@102 (line 1119)
  0x000001d23daa7e78: 44c8 93ff 

  0x000001d23daa7e7c: ;   {other}
  0x000001d23daa7e7c: 0f1f 8400 | 6c09 0005 | 4d8b 9750 

  0x000001d23daa7e88: ; ImmutableOopMap {[32]=Oop [48]=Oop [56]=Oop [72]=Oop [80]=NarrowOop [88]=Oop }
                      ;*ifeq {reexecute=1 rethrow=0 return_oop=0}
                      ; - (reexecute) java.util.concurrent.ConcurrentHashMap::get@152 (line 947)
                      ; - java.lang.ClassLoader::getNamedPackage@5 (line 341)
                      ; - java.lang.ClassLoader::postDefineClass@9 (line 934)
                      ; - java.lang.ClassLoader::defineClass@102 (line 1119)
                      ;   {poll}
  0x000001d23daa7e88: 0400 0041 | 8502 85c0 | 0f84 9a0a | 0000 4c8b | 5424 204c | 8954 2428 | 4c8b 5c24 | 4844 8b44 
  0x000001d23daa7ea8: 2450 488b | 7c24 588b | 6f14 85ed | 0f85 f901 | 0000 498b | 87b8 0100 | 004c 8bd0 | 4983 c218 
  0x000001d23daa7ec8: 4d3b 97c8 | 0100 000f | 837e 0a00 | 004d 8997 | b801 0000 | 4c8b c849 | 83c1 1048 | c700 0100 
  0x000001d23daa7ee8: 0000 410f | 0d8a c000 

  0x000001d23daa7ef0: ;   {metadata('java/lang/NamedPackage')}
  0x000001d23daa7ef0: 0000 c740 | 0840 0b02 | 0044 8960 | 0cc5 fdef | c0c4 c179 | d601 458b | 4b14 458b | 510c 4585 
  0x000001d23daa7f10: d20f 863e | 0600 004c | 895c 2420 | 4889 4424 | 4849 8be8 | 4489 4424 | 4048 8b54 | 2420 6690 
  0x000001d23daa7f30: ;   {optimized virtual_call}
  0x000001d23daa7f30: c5f8 77e8 

  0x000001d23daa7f34: ; ImmutableOopMap {rbp=Oop [32]=Oop [40]=Oop [48]=Oop [56]=Oop [64]=NarrowOop [72]=Oop }
                      ;*invokevirtual intern {reexecute=0 rethrow=0 return_oop=1}
                      ; - java.lang.NamedPackage::<init>@47 (line 51)
                      ; - java.lang.ClassLoader::getNamedPackage@22 (line 343)
                      ; - java.lang.ClassLoader::postDefineClass@9 (line 934)
                      ; - java.lang.ClassLoader::defineClass@102 (line 1119)
  0x000001d23daa7f34: 486f 33ff 

  0x000001d23daa7f38: ;   {other}
  0x000001d23daa7f38: 0f1f 8400 | 280a 0007 | 488b d841 | 807f 4000 | 0f85 4f04 | 0000 4c8b | d34c 8b5c | 2448 4589 
  0x000001d23daa7f58: 530c 4d8b | d34c 8bdb | 4d33 da49 | c1eb 144d | 85db 741f | 4885 db74 | 1a49 c1ea | 0948 b900 
  0x000001d23daa7f78: 00c3 4dd2 | 0100 0049 | 03ca 8039 | 020f 859f | 0400 0041 | 807f 4000 | 0f85 cf03 | 0000 4c8b 
  0x000001d23daa7f98: 5424 4844 | 8b5c 2440 | 4589 5a10 | 4c8b d54c | 8b5c 2448 | 4d33 d349 | c1ea 144d | 85d2 7420 
  0x000001d23daa7fb8: 448b 4424 | 4045 85c0 | 7416 49c1 | eb09 4c8b | 4424 704d | 03c3 4180 | 3802 0f85 | fd03 0000 
  0x000001d23daa7fd8: 4c8b 5424 | 2845 8b52 | 3845 85d2 | 0f84 9a0b | 0000 498b | d24c 8b44 | 2420 4c8b | 4c24 4890 
  0x000001d23daa7ff8: ;   {optimized virtual_call}
  0x000001d23daa7ff8: c5f8 77e8 

  0x000001d23daa7ffc: ; ImmutableOopMap {[40]=Oop [48]=Oop [56]=Oop [64]=NarrowOop [72]=Oop }
                      ;*invokevirtual putIfAbsent {reexecute=0 rethrow=0 return_oop=1}
                      ; - java.lang.ClassLoader::getNamedPackage@32 (line 345)
                      ; - java.lang.ClassLoader::postDefineClass@9 (line 934)
                      ; - java.lang.ClassLoader::defineClass@102 (line 1119)
  0x000001d23daa7ffc: 806e 33ff 

  0x000001d23daa8000: ;   {other}
  0x000001d23daa8000: 0f1f 8400 | f00a 0008 | 4885 c00f | 84ca 0000 | 0044 8b50 | 0849 bb00 | 0000 54d2 | 0100 004d 
  0x000001d23daa8020: 03da 4d8b 

  0x000001d23daa8024: ;   {metadata('java/lang/NamedPackage')}
  0x000001d23daa8024: 5338 49bb | 400b 0254 | d201 0000 | 4d3b d30f | 8467 0b00 | 00ba deff | ffff 488b | e866 6690 
  0x000001d23daa8044: ;   {runtime_call UncommonTrapBlob}
  0x000001d23daa8044: c5f8 77e8 

  0x000001d23daa8048: ; ImmutableOopMap {rbp=Oop }
                      ;*checkcast {reexecute=0 rethrow=0 return_oop=0}
                      ; - java.lang.ClassLoader::getNamedPackage@35 (line 345)
                      ; - java.lang.ClassLoader::postDefineClass@9 (line 934)
                      ; - java.lang.ClassLoader::defineClass@102 (line 1119)
  0x000001d23daa8048: b4fc 33ff 

  0x000001d23daa804c: ;   {other}
  0x000001d23daa804c: 0f1f 8400 | 3c0b 0009 | 8b69 104c | 8bcd 4d3b | cb74 4985 | ed0f 8499 | 0c00 0048 | 895c 2450 
  0x000001d23daa806c: 894c 2448 | 4489 5424 | 4444 8944 | 2440 4c8b | c549 8bd3 | 498b eb90 

  0x000001d23daa8084: ;   {optimized virtual_call}
  0x000001d23daa8084: c5f8 77e8 

  0x000001d23daa8088: ; ImmutableOopMap {rbp=Oop [40]=Oop [48]=Oop [56]=Oop [64]=NarrowOop [72]=NarrowOop [80]=Oop }
                      ;*invokevirtual equals {reexecute=0 rethrow=0 return_oop=0}
                      ; - java.util.concurrent.ConcurrentHashMap::get@73 (line 940)
                      ; - java.lang.ClassLoader::getNamedPackage@5 (line 341)
                      ; - java.lang.ClassLoader::postDefineClass@9 (line 934)
                      ; - java.lang.ClassLoader::defineClass@102 (line 1119)
  0x000001d23daa8088: 34c6 93ff 

  0x000001d23daa808c: ;   {other}
  0x000001d23daa808c: 0f1f 8400 | 7c0b 000a | 85c0 0f84 | 5607 0000 | 4c8b dd44 | 8b44 2440 | 8b4c 2448 | 8b69 1485 
  0x000001d23daa80ac: ed0f 8407 | feff ff44 | 8b55 0849 | bb00 0000 | 54d2 0100 | 004d 03da | 4d8b 5338 

  0x000001d23daa80c8: ;   {metadata('java/lang/NamedPackage')}
  0x000001d23daa80c8: 49bb 400b | 0254 d201 | 0000 4d3b | d30f 8531 | 0a00 004c | 8b54 2430 | 458b 5210 

  0x000001d23daa80e4: ; implicit exception: dispatches to 0x000001d23daa8f18
  0x000001d23daa80e4: 418b 6a14 | 85ed 0f85 | 700a 0000 | 418b 6a10 | 85ed 0f85 | ec09 0000 | 488b 4424 | 38c5 f877 
  0x000001d23daa8104: 4881 c4b0 | 0000 005d 

  0x000001d23daa810c: ;   {poll_return}
  0x000001d23daa810c: 493b a748 | 0400 000f | 878b 0e00 | 00c3 440f | b653 1145 | 85d2 0f85 | 3602 0000 | 448b 5314 
  0x000001d23daa812c: 498b e949 | 8bd2 807b | 1000 0f85 | f303 0000 | 4489 4424 | 4444 894c | 2440 4889 | 5c24 2090 
  0x000001d23daa814c: ;   {static_call}
  0x000001d23daa814c: c5f8 77e8 

  0x000001d23daa8150: ; ImmutableOopMap {rbp=Oop [32]=Oop [40]=Oop [48]=Oop [56]=Oop [64]=NarrowOop [68]=NarrowOop }
                      ;*invokestatic hashCode {reexecute=0 rethrow=0 return_oop=0}
                      ; - java.lang.String::hashCode@27 (line 2369)
                      ; - java.util.concurrent.ConcurrentHashMap::get@1 (line 936)
                      ; - java.lang.ClassLoader::getNamedPackage@5 (line 341)
                      ; - java.lang.ClassLoader::postDefineClass@9 (line 934)
                      ; - java.lang.ClassLoader::defineClass@102 (line 1119)
  0x000001d23daa8150: 2c77 33ff 

  0x000001d23daa8154: ;   {other}
  0x000001d23daa8154: 0f1f 8400 | 440c 000b | 85c0 0f84 | 8008 0000 | 4c8b 5c24 | 2041 8943 | 0c44 8b4c | 2440 448b 
  0x000001d23daa8174: 4424 44e9 | 3bfc ffff | 488b d048 | 8b6c 2428 

  0x000001d23daa8184: ;   {optimized virtual_call}
  0x000001d23daa8184: c5f8 77e8 

  0x000001d23daa8188: ; ImmutableOopMap {rbp=Oop [40]=Oop [48]=Oop [56]=Oop }
                      ;*invokevirtual initClassName {reexecute=0 rethrow=0 return_oop=1}
                      ; - java.lang.Class::getName@14 (line 948)
                      ; - java.lang.Class::getPackageName@40 (line 1167)
                      ; - java.lang.ClassLoader::postDefineClass@2 (line 934)
                      ; - java.lang.ClassLoader::defineClass@102 (line 1119)
  0x000001d23daa8188: d444 8cff 

  0x000001d23daa818c: ;   {other}
  0x000001d23daa818c: 0f1f 8400 | 7c0c 000c | 4889 4424 | 4048 85c0 | 0f85 43f8 | ffff baf6 | ffff ff90 

  0x000001d23daa81a8: ;   {runtime_call UncommonTrapBlob}
  0x000001d23daa81a8: c5f8 77e8 

  0x000001d23daa81ac: ; ImmutableOopMap {}
                      ;*invokevirtual lastIndexOf {reexecute=0 rethrow=0 return_oop=0}
                      ; - java.lang.Class::getPackageName@47 (line 1168)
                      ; - java.lang.ClassLoader::postDefineClass@2 (line 934)
                      ; - java.lang.ClassLoader::defineClass@102 (line 1119)
  0x000001d23daa81ac: 50fb 33ff 

  0x000001d23daa81b0: ;   {other}
  0x000001d23daa81b0: 0f1f 8400 | a00c 000d | 498b d148 | 8b6c 2428 | 6690 c5f8 | 7748 b840 | 882f 54d2 

  0x000001d23daa81cc: ;   {virtual_call}
  0x000001d23daa81cc: 0100 00e8 

  0x000001d23daa81d0: ; ImmutableOopMap {rbp=Oop [32]=Oop [40]=Oop [48]=Oop [56]=Oop }
                      ;*invokevirtual isDirect {reexecute=0 rethrow=0 return_oop=0}
                      ; - java.lang.ClassLoader::defineClass@7 (line 1103)
  0x000001d23daa81d0: cc52 c9ff 

  0x000001d23daa81d4: ;   {other}
  0x000001d23daa81d4: 0f1f 8400 | c40c 000e | 85c0 0f85 | 55f7 ffff | 4c8b 5424 | 3845 8b5a | 3045 85db | 0f84 b60b 
  0x000001d23daa81f4: 0000 410f | b66a 2c85 | ed0f 8592 | 0b00 0041 | 8b7a 1841 | 037a 284d | 8bcb 488b | 5424 284c 
  0x000001d23daa8214: 8b44 2420 | 8b74 2440 | 488b 4c24 | 3066 6690 

  0x000001d23daa8224: ;   {optimized virtual_call}
  0x000001d23daa8224: c5f8 77e8 

  0x000001d23daa8228: ; ImmutableOopMap {}
                      ;*invokevirtual defineClass {reexecute=0 rethrow=0 return_oop=1}
                      ; - java.lang.ClassLoader::defineClass@38 (line 1105)
  0x000001d23daa8228: 546c 33ff 

  0x000001d23daa822c: ;   {other}
  0x000001d23daa822c: 0f1f 8400 | 1c0d 000f | e9c8 feff | ff45 33d2 | 4489 5424 | 40e9 e6f6 | ffff 488b | 5c24 40e9 
  0x000001d23daa824c: 84fa ffff | 498b d248 | 8b6c 2438 

  0x000001d23daa8258: ;   {optimized virtual_call}
  0x000001d23daa8258: c5f8 77e8 

  0x000001d23daa825c: ; ImmutableOopMap {rbp=Oop [32]=Oop [40]=Oop [48]=Oop [56]=Oop }
                      ;*invokevirtual toExternalForm {reexecute=0 rethrow=0 return_oop=1}
                      ; - java.net.URL::toString@1 (line 1189)
                      ; - java.lang.ClassLoader::defineClassSourceLocation@22 (line 927)
                      ; - java.lang.ClassLoader::defineClass@76 (line 1117)
  0x000001d23daa825c: 206c 33ff 

  0x000001d23daa8260: ;   {other}
  0x000001d23daa8260: 0f1f 8400 | 500d 0010 | 4c8b d0e9 | 00f7 ffff | 49ba 0000 | c34d d201 | 0000 4c89 | 5424 70e9 
  0x000001d23daa8280: e3f7 ffff 

  0x000001d23daa8284: ;   {oop("java.lang"{0x0000000080baa248})}
  0x000001d23daa8284: 48bb 48a2 | ba80 0000 | 0000 49ba | 0000 c34d | d201 0000 | 4c89 5424 | 70e9 4dfa | ffff 4c8b 
  0x000001d23daa82a4: 5424 3845 | 8b52 3c45 | 85d2 0f84 | 46fa ffff | 4d8b 5f28 | 498b ca4d | 85db 0f84 | f408 0000 
  0x000001d23daa82c4: 4d8b 5738 | 4b89 4c1a | f849 83c3 | f84d 895f | 28e9 20fa | ffff 448b | 5314 4585 | d20f 84b6 
  0x000001d23daa82e4: f9ff ff4d | 8b5f 2849 | 8bca 4d85 | db0f 84e1 | 0800 004d | 8b57 384b | 894c 1af8 | 4983 c3f8 
  0x000001d23daa8304: 4d89 5f28 | e990 f9ff | ff4d 8b57 | 484d 8b5f | 58f0 8344 | 24c0 0080 | 3900 0f84 | acf9 ffff 
  0x000001d23daa8324: 4488 214d | 85d2 7520 | 498b d7c5 | f877 49ba | 5004 b230 | fc7f 0000 

  0x000001d23daa833c: ;   {other}
  0x000001d23daa833c: 41ff d20f | 1f84 0000 | 0000 00e9 | 84f9 ffff | 4b89 4c13 | f849 83c2 | f84d 8957 | 48e9 72f9 
  0x000001d23daa835c: ffff 33c0 | e952 faff | ff4c 8b54 | 2448 458b | 5210 4585 | d20f 841f | fcff ff4d | 8b5f 2849 
  0x000001d23daa837c: 8bca 4d85 | db0f 8499 | 0800 004d | 8b57 384b | 894c 1af8 | 4983 c3f8 | 4d89 5f28 | e9f9 fbff 
  0x000001d23daa839c: ff4c 8b54 | 2448 458b | 5a0c 4585 | db0f 849f | fbff ff4d | 8b57 2849 | 8bcb 4d85 | d20f 8481 
  0x000001d23daa83bc: 0800 004d | 8b5f 384b | 894c 13f8 | 4983 c2f8 | 4d89 5728 | e979 fbff | ff4d 8b57 | 484d 8b5f 
  0x000001d23daa83dc: 58f0 8344 | 24c0 0041 | 8038 000f | 84eb fbff | ff45 8820 | 4d85 d275 | 2349 8bc8 | 498b d7c5 
  0x000001d23daa83fc: f877 49ba | 5004 b230 | fc7f 0000 

  0x000001d23daa8408: ;   {other}
  0x000001d23daa8408: 41ff d20f | 1f84 0000 | 0000 00e9 | c0fb ffff | 4f89 4413 | f849 83c2 | f84d 8957 | 48e9 aefb 
  0x000001d23daa8428: ffff 4d8b | 5758 4d8b | 5f48 f083 | 4424 c000 | 8039 000f | 844a fbff | ff44 8821 | 4d85 db75 
  0x000001d23daa8448: 2049 8bd7 | c5f8 7749 | ba50 04b2 | 30fc 7f00 | 0041 ffd2 

  0x000001d23daa845c: ;   {other}
  0x000001d23daa845c: 0f1f 8400 | 0000 0000 | e922 fbff | ff4b 894c | 1af8 4983 | c3f8 4d89 | 5f48 e910 | fbff ff44 
  0x000001d23daa847c: ;   {metadata('java/util/concurrent/ConcurrentHashMap$TreeBin')}
  0x000001d23daa847c: 8b49 0841 | 81f9 88bc | 8f02 744a 

  0x000001d23daa8488: ;   {metadata('java/util/concurrent/ConcurrentHashMap$ForwardingNode')}
  0x000001d23daa8488: 4181 f9f8 | 9a24 000f | 8583 0900 | 0044 8944 | 2450 4c89 | 5c24 484c | 8b5c 2470 | 4c89 5c24 
  0x000001d23daa84a8: 404c 8b5c | 2428 4c89 | 5c24 2048 | 8bd3 458b | c24c 8b4c | 2448 6690 

  0x000001d23daa84c0: ;   {optimized virtual_call}
  0x000001d23daa84c0: c5f8 77e8 

  0x000001d23daa84c4: ; ImmutableOopMap {[32]=Oop [48]=Oop [56]=Oop [72]=Oop [80]=NarrowOop }
                      ;*invokevirtual find {reexecute=0 rethrow=0 return_oop=1}
                      ; - java.util.concurrent.ConcurrentHashMap::get@93 (line 944)
                      ; - java.lang.ClassLoader::getNamedPackage@5 (line 341)
                      ; - java.lang.ClassLoader::postDefineClass@9 (line 934)
                      ; - java.lang.ClassLoader::defineClass@102 (line 1119)
  0x000001d23daa84c4: b869 33ff 

  0x000001d23daa84c8: ;   {other}
  0x000001d23daa84c8: 0f1f 8400 | b80f 0011 | eb3a 4489 | 4424 504c | 895c 2448 | 4c8b 5c24 | 704c 895c | 2440 4c8b 
  0x000001d23daa84e8: 5c24 284c | 895c 2420 | 488b d345 | 8bc2 4c8b | 4c24 4890 

  0x000001d23daa84fc: ;   {optimized virtual_call}
  0x000001d23daa84fc: c5f8 77e8 

  0x000001d23daa8500: ; ImmutableOopMap {[32]=Oop [48]=Oop [56]=Oop [72]=Oop [80]=NarrowOop }
                      ;*invokevirtual find {reexecute=0 rethrow=0 return_oop=1}
                      ; - java.util.concurrent.ConcurrentHashMap::get@93 (line 944)
                      ; - java.lang.ClassLoader::getNamedPackage@5 (line 341)
                      ; - java.lang.ClassLoader::postDefineClass@9 (line 934)
                      ; - java.lang.ClassLoader::defineClass@102 (line 1119)
  0x000001d23daa8500: 7c69 33ff 

  0x000001d23daa8504: ;   {other}
  0x000001d23daa8504: 0f1f 8400 | f40f 0012 | 4885 c00f | 8491 0400 | 008b 6814 | 85ed 0f84 | 8604 0000 | 4c8b 5424 
  0x000001d23daa8524: 204c 8954 | 2428 e984 | fbff ff44 | 8944 2444 | 4489 4c24 | 4048 895c | 2420 6690 

  0x000001d23daa8540: ;   {static_call}
  0x000001d23daa8540: c5f8 77e8 

  0x000001d23daa8544: ; ImmutableOopMap {rbp=Oop [32]=Oop [40]=Oop [48]=Oop [56]=Oop [64]=NarrowOop [68]=NarrowOop }
                      ;*invokestatic hashCode {reexecute=0 rethrow=0 return_oop=0}
                      ; - java.lang.String::hashCode@37 (line 2370)
                      ; - java.util.concurrent.ConcurrentHashMap::get@1 (line 936)
                      ; - java.lang.ClassLoader::getNamedPackage@5 (line 341)
                      ; - java.lang.ClassLoader::postDefineClass@9 (line 934)
                      ; - java.lang.ClassLoader::defineClass@102 (line 1119)
  0x000001d23daa8544: 3873 33ff 

  0x000001d23daa8548: ;   {other}
  0x000001d23daa8548: 0f1f 8400 | 3810 0013 | e907 fcff | ff45 85c0 | 0f84 6e08 | 0000 4889 | 4424 484c | 895c 2420 
  0x000001d23daa8568: 4d8b d04c | 8954 2450 | 4489 4424 | 4049 8bd2 

  0x000001d23daa8578: ;   {optimized virtual_call}
  0x000001d23daa8578: c5f8 77e8 

  0x000001d23daa857c: ; ImmutableOopMap {[32]=Oop [40]=Oop [48]=Oop [56]=Oop [64]=NarrowOop [72]=Oop [80]=Oop }
                      ;*invokevirtual isNamed {reexecute=0 rethrow=0 return_oop=0}
                      ; - java.lang.NamedPackage::<init>@12 (line 48)
                      ; - java.lang.ClassLoader::getNamedPackage@22 (line 343)
                      ; - java.lang.ClassLoader::postDefineClass@9 (line 934)
                      ; - java.lang.ClassLoader::defineClass@102 (line 1119)
  0x000001d23daa857c: 0069 33ff 

  0x000001d23daa8580: ;   {other}
  0x000001d23daa8580: 0f1f 8400 | 7010 0014 | 85c0 0f84 | 6f04 0000 | 498b 87b8 | 0100 004c | 8bd0 4983 | c228 4d3b 
  0x000001d23daa85a0: 97c8 0100 | 000f 83ca | 0700 004d | 8997 b801 | 0000 410f | 0d8a c000 | 0000 48c7 | 0001 0000 
  0x000001d23daa85c0: 004c 8bd0 | 4983 c210 

  0x000001d23daa85c8: ;   {metadata('java/lang/InternalError')}
  0x000001d23daa85c8: c740 0820 | 2d01 0044 | 8960 0cc5 | fdef c041 | b807 0000 | 00c4 c178 | 92f8 62d1 | fe2f 7f02 
  0x000001d23daa85e8: 4c8b d04c | 8954 2468 | 498b 87b8 | 0100 004c | 8bd0 4983 | c218 4d3b | 97c8 0100 | 000f 8349 
  0x000001d23daa8608: 0700 004d | 8997 b801 | 0000 4c8b | c049 83c0 | 1048 c700 | 0100 0000 | 410f 0d8a | c000 0000 
  0x000001d23daa8628: ;   {metadata('java/lang/StringBuilder')}
  0x000001d23daa8628: c740 0848 | 8f00 0044 | 8960 0cc5 | fdef c0c4 | c179 d600 | 488b e848 | 8bd5 6690 

  0x000001d23daa8644: ;   {optimized virtual_call}
  0x000001d23daa8644: c5f8 77e8 

  0x000001d23daa8648: ; ImmutableOopMap {rbp=Oop [32]=Oop [40]=Oop [48]=Oop [56]=Oop [64]=NarrowOop [72]=Oop [80]=Oop [104]=Oop }
                      ;*invokespecial <init> {reexecute=0 rethrow=0 return_oop=0}
                      ; - java.lang.NamedPackage::<init>@26 (line 49)
                      ; - java.lang.ClassLoader::getNamedPackage@22 (line 343)
                      ; - java.lang.ClassLoader::postDefineClass@9 (line 934)
                      ; - java.lang.ClassLoader::defineClass@102 (line 1119)
  0x000001d23daa8648: 3468 33ff 

  0x000001d23daa864c: ;   {other}
  0x000001d23daa864c: 0f1f 8400 | 3c11 0015 

  0x000001d23daa8654: ;   {oop("unnamed package in  "{0x00000000825f03e8})}
  0x000001d23daa8654: 49b8 e803 | 5f82 0000 | 0000 488b | d566 6690 

  0x000001d23daa8664: ;   {optimized virtual_call}
  0x000001d23daa8664: c5f8 77e8 

  0x000001d23daa8668: ; ImmutableOopMap {[32]=Oop [40]=Oop [48]=Oop [56]=Oop [64]=NarrowOop [72]=Oop [80]=Oop [104]=Oop }
                      ;*invokevirtual append {reexecute=0 rethrow=0 return_oop=1}
                      ; - java.lang.NamedPackage::<init>@31 (line 49)
                      ; - java.lang.ClassLoader::getNamedPackage@22 (line 343)
                      ; - java.lang.ClassLoader::postDefineClass@9 (line 934)
                      ; - java.lang.ClassLoader::defineClass@102 (line 1119)
  0x000001d23daa8668: 1468 33ff 

  0x000001d23daa866c: ;   {other}
  0x000001d23daa866c: 0f1f 8400 | 5c11 0016 | 4885 c00f | 8467 0700 | 0048 8bd0 | 4c8b 4424 | 504c 8b54 | 2468 4c89 
  0x000001d23daa868c: 5424 6090 

  0x000001d23daa8690: ;   {optimized virtual_call}
  0x000001d23daa8690: c5f8 77e8 

  0x000001d23daa8694: ; ImmutableOopMap {[32]=Oop [40]=Oop [48]=Oop [56]=Oop [64]=NarrowOop [72]=Oop [96]=Oop [104]=Oop }
                      ;*invokevirtual append {reexecute=0 rethrow=0 return_oop=1}
                      ; - java.lang.NamedPackage::<init>@35 (line 49)
                      ; - java.lang.ClassLoader::getNamedPackage@22 (line 343)
                      ; - java.lang.ClassLoader::postDefineClass@9 (line 934)
                      ; - java.lang.ClassLoader::defineClass@102 (line 1119)
  0x000001d23daa8694: e867 33ff 

  0x000001d23daa8698: ;   {other}
  0x000001d23daa8698: 0f1f 8400 | 8811 0017 | 4885 c00f | 8457 0700 | 0048 8bd0 

  0x000001d23daa86ac: ;   {optimized virtual_call}
  0x000001d23daa86ac: c5f8 77e8 

  0x000001d23daa86b0: ; ImmutableOopMap {[32]=Oop [40]=Oop [48]=Oop [56]=Oop [64]=NarrowOop [72]=Oop [96]=Oop }
                      ;*invokevirtual toString {reexecute=0 rethrow=0 return_oop=1}
                      ; - java.lang.NamedPackage::<init>@38 (line 49)
                      ; - java.lang.ClassLoader::getNamedPackage@22 (line 343)
                      ; - java.lang.ClassLoader::postDefineClass@9 (line 934)
                      ; - java.lang.ClassLoader::defineClass@102 (line 1119)
  0x000001d23daa86b0: cc67 33ff 

  0x000001d23daa86b4: ;   {other}
  0x000001d23daa86b4: 0f1f 8400 | a411 0018 | 488b 5424 | 604c 8bc0 

  0x000001d23daa86c4: ;   {optimized virtual_call}
  0x000001d23daa86c4: c5f8 77e8 

  0x000001d23daa86c8: ; ImmutableOopMap {[32]=Oop [40]=Oop [48]=Oop [56]=Oop [64]=NarrowOop [72]=Oop [96]=Oop }
                      ;*invokespecial <init> {reexecute=0 rethrow=0 return_oop=0}
                      ; - java.lang.NamedPackage::<init>@41 (line 49)
                      ; - java.lang.ClassLoader::getNamedPackage@22 (line 343)
                      ; - java.lang.ClassLoader::postDefineClass@9 (line 934)
                      ; - java.lang.ClassLoader::defineClass@102 (line 1119)
  0x000001d23daa86c8: b467 33ff 

  0x000001d23daa86cc: ;   {other}
  0x000001d23daa86cc: 0f1f 8400 | bc11 0019 | 488b 5424 | 60c5 f877 | 4881 c4b0 | 0000 005d 

  0x000001d23daa86e4: ;   {runtime_call _rethrow_Java}
  0x000001d23daa86e4: e917 e041 | ff48 8bd5 | 41b8 2e00 | 0000 488b | 6c24 3890 

  0x000001d23daa86f8: ;   {static_call}
  0x000001d23daa86f8: c5f8 77e8 

  0x000001d23daa86fc: ; ImmutableOopMap {rbp=Oop [40]=Oop [48]=Oop [56]=Oop [64]=Oop }
                      ;*invokestatic lastIndexOf {reexecute=0 rethrow=0 return_oop=0}
                      ; - java.lang.String::lastIndexOf@25 (line 2574)
                      ; - java.lang.String::lastIndexOf@8 (line 2535)
                      ; - java.lang.Class::getPackageName@47 (line 1168)
                      ; - java.lang.ClassLoader::postDefineClass@2 (line 934)
                      ; - java.lang.ClassLoader::defineClass@102 (line 1119)
  0x000001d23daa86fc: 8071 33ff 

  0x000001d23daa8700: ;   {other}
  0x000001d23daa8700: 0f1f 8400 | f011 001a | 448b d849 | ba00 00c3 | 4dd2 0100 | 004c 8954 | 2470 e94e | f3ff ff4c 
  0x000001d23daa8720: 63c5 4d8d | 5810 498b | cb48 83e1 | f848 8bfe | 4803 f949 | c1eb 0349 | 2bd3 488b | ca48 33c0 
  0x000001d23daa8740: 4883 f908 | 7f10 48ff | c978 5648 | 8904 cf48 | ffc9 7df7 | eb4b c5fd | efc0 e90d | 0000 00c5 
  0x000001d23daa8760: fe7f 07c5 | fe7f 4720 | 4883 c740 | 4883 e908 | 7ded 4883 | c104 7c0c | c5fe 7f07 | 4883 c720 
  0x000001d23daa8780: 4883 e904 | 4883 c104 | 7e17 48c7 | c0ff ffff | ffc4 e2f0 | f5c0 c4e1 | fb92 f862 | f1fe 2f7f 
  0x000001d23daa87a0: 0749 83f8 | 2077 284c | 63dd 49b8 | ffff ffff | ffff ffff | c442 a0f5 | c0c4 c1fb | 92f8 62d1 
  0x000001d23daa87c0: 7faf 6f01 | 62d1 7f2f | 7f02 e92d | f4ff ff49 | 8bc9 498b | d2c5 f877 | 49ba 40fa | db3c d201 
  0x000001d23daa87e0: 0000 41ff 

  0x000001d23daa87e4: ;   {other}
  0x000001d23daa87e4: d20f 1f84 | 0000 0000 | 00e9 0af4 | ffff 4c8b | dd44 8b44 | 2440 448b | 5424 4448 | 8b5c 2450 
  0x000001d23daa8804: e904 f6ff 

  0x000001d23daa8808: ;   {oop(""{0x0000000080b8da08})}
  0x000001d23daa8808: ff48 bb08 | dab8 8000 | 0000 00e9 | bcf4 ffff 

  0x000001d23daa8818: ;   {oop(""{0x0000000080b8da08})}
  0x000001d23daa8818: 48bb 08da | b880 0000 | 0000 e9c8 | f4ff ff48 | 8bd1 4533 | c045 8bcb | 488b 6c24 | 3866 6690 
  0x000001d23daa8838: ;   {static_call}
  0x000001d23daa8838: c5f8 77e8 

  0x000001d23daa883c: ; ImmutableOopMap {rbp=Oop [40]=Oop [48]=Oop [56]=Oop }
                      ;*invokestatic newString {reexecute=0 rethrow=0 return_oop=1}
                      ; - java.lang.String::substring@54 (line 2840)
                      ; - java.lang.Class::getPackageName@62 (line 1169)
                      ; - java.lang.ClassLoader::postDefineClass@2 (line 934)
                      ; - java.lang.ClassLoader::defineClass@102 (line 1119)
  0x000001d23daa883c: 4070 33ff 

  0x000001d23daa8840: ;   {other}
  0x000001d23daa8840: 0f1f 8400 | 3013 001b | 4885 c00f | 84ef 0500 | 0048 8bd8 | e97b f4ff | ff44 8954 | 2450 894c 
  0x000001d23daa8860: 244c 4489 | 5c24 484c | 8b54 2438 | 4c89 5424 | 2048 8b6c 

  0x000001d23daa8874: ;   {metadata('java/lang/String')}
  0x000001d23daa8874: 2430 48ba | 100a 0154 | d201 0000 

  0x000001d23daa8880: ;   {runtime_call _new_instance_Java}
  0x000001d23daa8880: c5f8 77e8 

  0x000001d23daa8884: ; ImmutableOopMap {rbp=Oop [32]=Oop [40]=Oop [76]=NarrowOop }
                      ;*new {reexecute=0 rethrow=0 return_oop=1}
                      ; - java.lang.StringLatin1::newString@7 (line 752)
                      ; - java.lang.String::substring@41 (line 2839)
                      ; - java.lang.Class::getPackageName@62 (line 1169)
                      ; - java.lang.ClassLoader::postDefineClass@2 (line 934)
                      ; - java.lang.ClassLoader::defineClass@102 (line 1119)
  0x000001d23daa8884: f868 41ff 

  0x000001d23daa8888: ;   {other}
  0x000001d23daa8888: 0f1f 8400 | 7813 001c | 4889 6c24 | 304c 8b54 | 2420 4c89 | 5424 3844 | 8b5c 2448 | 8b4c 244c 
  0x000001d23daa88a8: 448b 5424 | 5048 8bd8 | e956 f2ff | ff4c 8944 | 2460 4c89 | 4c24 5848 | 895c 2450 | 894c 2448 
  0x000001d23daa88c8: 4c8b 5c24 | 704c 895c | 2440 4c8b | 5c24 384c | 895c 2420 | 488b 6c24 

  0x000001d23daa88e0: ;   {metadata({type array byte})}
  0x000001d23daa88e0: 3048 baa0 | 2500 54d2 | 0100 0045 | 8bc2 6690 

  0x000001d23daa88f0: ;   {runtime_call _new_array_nozero_Java}
  0x000001d23daa88f0: c5f8 77e8 

  0x000001d23daa88f4: ; ImmutableOopMap {rbp=Oop [32]=Oop [40]=Oop [72]=NarrowOop [80]=Oop [144]=Oop [88]=Derived_oop_[144] }
                      ;*invokevirtual clone {reexecute=1 rethrow=0 return_oop=1}
                      ; - (reexecute) java.util.Arrays::copyOfRange@18 (line 3856)
                      ; - java.lang.StringLatin1::newString@16 (line 752)
                      ; - java.lang.String::substring@41 (line 2839)
                      ; - java.lang.Class::getPackageName@62 (line 1169)
                      ; - java.lang.ClassLoader::postDefineClass@2 (line 934)
                      ; - java.lang.ClassLoader::defineClass@102 (line 1119)
  0x000001d23daa88f4: 08bf 41ff 

  0x000001d23daa88f8: ;   {other}
  0x000001d23daa88f8: 0f1f 8400 | e813 001d | 4889 6c24 | 304c 8b5c | 2420 4c89 | 5c24 384c | 8b5c 2440 | 4c89 5c24 
  0x000001d23daa8918: 7048 8b5c | 2450 4c8b | 4c24 584c | 8b44 2460 | 488b f0e9 | 38f3 ffff | 4c8b 5424 | 204c 8954 
  0x000001d23daa8938: 2428 4c8b | 5c24 4844 | 8b44 2450 | 448b 5424 | 5448 8b5c | 2458 e9ba | f4ff ff44 | 8944 2450 
  0x000001d23daa8958: 4c89 5c24 | 484c 8b54 | 2430 4c89 | 5424 2048 | 8b6c 2428 

  0x000001d23daa896c: ;   {metadata('java/lang/NamedPackage')}
  0x000001d23daa896c: 48ba 400b | 0254 d201 | 0000 6690 

  0x000001d23daa8978: ;   {runtime_call _new_instance_Java}
  0x000001d23daa8978: c5f8 77e8 

  0x000001d23daa897c: ; ImmutableOopMap {rbp=Oop [32]=Oop [56]=Oop [72]=Oop [80]=NarrowOop }
                      ;*new {reexecute=0 rethrow=0 return_oop=1}
                      ; - java.lang.ClassLoader::getNamedPackage@16 (line 343)
                      ; - java.lang.ClassLoader::postDefineClass@9 (line 934)
                      ; - java.lang.ClassLoader::defineClass@102 (line 1119)
  0x000001d23daa897c: 0068 41ff 

  0x000001d23daa8980: ;   {other}
  0x000001d23daa8980: 0f1f 8400 | 7014 001e | 4889 6c24 | 284c 8b54 | 2420 4c89 | 5424 304c | 8b5c 2448 | 448b 4424 
  0x000001d23daa89a0: 50e9 60f5 | ffff 4c8b | 5424 204c | 8954 2428 | 4c8b 5424 | 404c 8954 | 2470 4c8b | 5c24 4844 
  0x000001d23daa89c0: 8b44 2450 | e9f1 f4ff | ffba e4ff | ffff 4489 | 5c24 2490 

  0x000001d23daa89d4: ;   {runtime_call UncommonTrapBlob}
  0x000001d23daa89d4: c5f8 77e8 

  0x000001d23daa89d8: ; ImmutableOopMap {rbp=NarrowOop [40]=Oop [48]=Oop [56]=Oop [64]=Oop }
                      ;*baload {reexecute=0 rethrow=0 return_oop=0}
                      ; - java.lang.StringLatin1::lastIndexOf@24 (line 286)
                      ; - java.lang.String::lastIndexOf@13 (line 2573)
                      ; - java.lang.String::lastIndexOf@8 (line 2535)
                      ; - java.lang.Class::getPackageName@47 (line 1168)
                      ; - java.lang.ClassLoader::postDefineClass@2 (line 934)
                      ; - java.lang.ClassLoader::defineClass@102 (line 1119)
  0x000001d23daa89d8: 24f3 33ff 

  0x000001d23daa89dc: ;   {other}
  0x000001d23daa89dc: 0f1f 8400 | cc14 001f | 4c8b 5c24 | 2041 c643 | 1101 33c0 | 448b 4c24 | 4044 8b44 | 2444 e9b8 
  0x000001d23daa89fc: f3ff ff44 | 8b44 2440 | e918 f5ff | ff4c 8944 | 2468 4889 | 5424 604c | 894c 2458 | 4889 5c24 
  0x000001d23daa8a1c: 5044 895c | 2448 4c8b | 5424 704c | 8954 2440 | 4c8b 5424 | 304c 8954 

  0x000001d23daa8a34: ;   {metadata({type array byte})}
  0x000001d23daa8a34: 2420 48ba | a025 0054 | d201 0000 | 458b c390 

  0x000001d23daa8a44: ;   {runtime_call _new_array_nozero_Java}
  0x000001d23daa8a44: c5f8 77e8 

  0x000001d23daa8a48: ; ImmutableOopMap {[32]=Oop [40]=Oop [56]=Oop [80]=Oop [144]=Oop [88]=Derived_oop_[144] }
                      ;*newarray {reexecute=0 rethrow=0 return_oop=1}
                      ; - java.util.Arrays::copyOfRangeByte@10 (line 3863)
                      ; - java.util.Arrays::copyOfRange@13 (line 3854)
                      ; - java.lang.StringLatin1::newString@16 (line 752)
                      ; - java.lang.String::substring@41 (line 2839)
                      ; - java.lang.Class::getPackageName@62 (line 1169)
                      ; - java.lang.ClassLoader::postDefineClass@2 (line 934)
                      ; - java.lang.ClassLoader::defineClass@102 (line 1119)
  0x000001d23daa8a48: b4bd 41ff 

  0x000001d23daa8a4c: ;   {other}
  0x000001d23daa8a4c: 0f1f 8400 | 3c15 0020 | 4c8b 5c24 | 204c 895c | 2430 4c8b | 5c24 404c | 895c 2470 | 448b 5c24 
  0x000001d23daa8a6c: 4848 8b5c | 2450 4c8b | 4c24 5848 | 8bf0 488b | 5424 604c | 8b44 2468 | e931 f1ff 

  0x000001d23daa8a88: ;   {oop(a 'jdk/internal/util/Preconditions$4'{0x0000000080c212f0})}
  0x000001d23daa8a88: ff48 baf0 | 12c2 8000 | 0000 0041 | 8beb 4533 | c045 8bcb | 4c8b 5424 | 384c 8954 | 2420 897c 
  0x000001d23daa8aa8: 2458 6690 

  0x000001d23daa8aac: ;   {static_call}
  0x000001d23daa8aac: c5f8 77e8 

  0x000001d23daa8ab0: ; ImmutableOopMap {[32]=Oop [40]=Oop [48]=Oop [64]=Oop }
                      ;*invokestatic outOfBoundsCheckFromToIndex {reexecute=0 rethrow=0 return_oop=1}
                      ; - jdk.internal.util.Preconditions::checkFromToIndex@18 (line 349)
                      ; - java.lang.String::checkBoundsBeginEnd@6 (line 4865)
                      ; - java.lang.String::substring@8 (line 2834)
                      ; - java.lang.Class::getPackageName@62 (line 1169)
                      ; - java.lang.ClassLoader::postDefineClass@2 (line 934)
                      ; - java.lang.ClassLoader::defineClass@102 (line 1119)
  0x000001d23daa8ab0: cc6d 33ff 

  0x000001d23daa8ab4: ;   {other}
  0x000001d23daa8ab4: 0f1f 8400 | a415 0021 | 4885 c00f | 8493 0300 | 0048 8bd0 | e90c fcff | ffba f6ff | ffff 488b 
  0x000001d23daa8ad4: eb66 6690 

  0x000001d23daa8ad8: ;   {runtime_call UncommonTrapBlob}
  0x000001d23daa8ad8: c5f8 77e8 

  0x000001d23daa8adc: ; ImmutableOopMap {rbp=Oop }
                      ;*invokevirtual get {reexecute=0 rethrow=0 return_oop=0}
                      ; - java.lang.ClassLoader::getNamedPackage@5 (line 341)
                      ; - java.lang.ClassLoader::postDefineClass@9 (line 934)
                      ; - java.lang.ClassLoader::defineClass@102 (line 1119)
  0x000001d23daa8adc: 20f2 33ff 

  0x000001d23daa8ae0: ;   {other}
  0x000001d23daa8ae0: 0f1f 8400 | d015 0022 | baec ffff | ff48 ff74 | 2438 488f | 4424 3044 | 8954 2438 

  0x000001d23daa8afc: ;   {runtime_call UncommonTrapBlob}
  0x000001d23daa8afc: c5f8 77e8 

  0x000001d23daa8b00: ; ImmutableOopMap {rbp=NarrowOop [40]=Oop [48]=Oop [56]=NarrowOop }
                      ;*ifnull {reexecute=1 rethrow=0 return_oop=0}
                      ; - (reexecute) java.security.CodeSource::getCertificates@22 (line 207)
                      ; - java.lang.ClassLoader::postDefineClass@24 (line 937)
                      ; - java.lang.ClassLoader::defineClass@102 (line 1119)
  0x000001d23daa8b00: fcf1 33ff 

  0x000001d23daa8b04: ;   {other}
  0x000001d23daa8b04: 0f1f 8400 | f415 0023 | bade ffff | ff66 6690 

  0x000001d23daa8b14: ;   {runtime_call UncommonTrapBlob}
  0x000001d23daa8b14: c5f8 77e8 

  0x000001d23daa8b18: ; ImmutableOopMap {rbp=NarrowOop }
                      ;*checkcast {reexecute=0 rethrow=0 return_oop=0}
                      ; - java.lang.ClassLoader::getNamedPackage@8 (line 341)
                      ; - java.lang.ClassLoader::postDefineClass@9 (line 934)
                      ; - java.lang.ClassLoader::defineClass@102 (line 1119)
  0x000001d23daa8b18: e4f1 33ff 

  0x000001d23daa8b1c: ;   {other}
  0x000001d23daa8b1c: 0f1f 8400 | 0c16 0024 | ba45 ffff | ff4c 895c | 2448 4489 | 4424 5090 

  0x000001d23daa8b34: ;   {runtime_call UncommonTrapBlob}
  0x000001d23daa8b34: c5f8 77e8 

  0x000001d23daa8b38: ; ImmutableOopMap {[40]=Oop [48]=Oop [56]=Oop [72]=Oop [80]=NarrowOop }
                      ;*ifle {reexecute=1 rethrow=0 return_oop=0}
                      ; - (reexecute) java.util.concurrent.ConcurrentHashMap::get@23 (line 937)
                      ; - java.lang.ClassLoader::getNamedPackage@5 (line 341)
                      ; - java.lang.ClassLoader::postDefineClass@9 (line 934)
                      ; - java.lang.ClassLoader::defineClass@102 (line 1119)
  0x000001d23daa8b38: c4f1 33ff 

  0x000001d23daa8b3c: ;   {other}
  0x000001d23daa8b3c: 0f1f 8400 | 2c16 0025 | ba45 ffff | ff48 8944 | 2440 6690 

  0x000001d23daa8b50: ;   {runtime_call UncommonTrapBlob}
  0x000001d23daa8b50: c5f8 77e8 

  0x000001d23daa8b54: ; ImmutableOopMap {[40]=Oop [48]=Oop [56]=Oop [64]=Oop }
                      ;*ifeq {reexecute=1 rethrow=0 return_oop=0}
                      ; - (reexecute) java.lang.Class::getPackageName@13 (line 1163)
                      ; - java.lang.ClassLoader::postDefineClass@2 (line 934)
                      ; - java.lang.ClassLoader::defineClass@102 (line 1119)
  0x000001d23daa8b54: a8f1 33ff 

  0x000001d23daa8b58: ;   {other}
  0x000001d23daa8b58: 0f1f 8400 | 4816 0026 | ba45 ffff | ff48 ff74 | 2438 488f | 4424 3044 | 8954 2438 

  0x000001d23daa8b74: ;   {runtime_call UncommonTrapBlob}
  0x000001d23daa8b74: c5f8 77e8 

  0x000001d23daa8b78: ; ImmutableOopMap {rbp=NarrowOop [40]=Oop [48]=Oop [56]=NarrowOop }
                      ;*ifnull {reexecute=1 rethrow=0 return_oop=0}
                      ; - (reexecute) java.security.CodeSource::getCertificates@4 (line 204)
                      ; - java.lang.ClassLoader::postDefineClass@24 (line 937)
                      ; - java.lang.ClassLoader::defineClass@102 (line 1119)
  0x000001d23daa8b78: 84f1 33ff 

  0x000001d23daa8b7c: ;   {other}
  0x000001d23daa8b7c: 0f1f 8400 | 6c16 0027 | baf6 ffff | ff48 8b6c | 2420 6690 

  0x000001d23daa8b90: ;   {runtime_call UncommonTrapBlob}
  0x000001d23daa8b90: c5f8 77e8 

  0x000001d23daa8b94: ; ImmutableOopMap {rbp=Oop [72]=Oop }
                      ;*invokevirtual putIfAbsent {reexecute=0 rethrow=0 return_oop=0}
                      ; - java.lang.ClassLoader::getNamedPackage@32 (line 345)
                      ; - java.lang.ClassLoader::postDefineClass@9 (line 934)
                      ; - java.lang.ClassLoader::defineClass@102 (line 1119)
  0x000001d23daa8b94: 68f1 33ff 

  0x000001d23daa8b98: ;   {other}
  0x000001d23daa8b98: 0f1f 8400 | 8816 0028 | 488b e8ba | 54ff ffff 

  0x000001d23daa8ba8: ;   {runtime_call UncommonTrapBlob}
  0x000001d23daa8ba8: c5f8 77e8 

  0x000001d23daa8bac: ; ImmutableOopMap {rbp=Oop [40]=Oop [48]=Oop [56]=Oop [64]=NarrowOop [72]=Oop }
                      ;*ifnull {reexecute=1 rethrow=0 return_oop=0}
                      ; - (reexecute) java.lang.ClassLoader::getNamedPackage@42 (line 346)
                      ; - java.lang.ClassLoader::postDefineClass@9 (line 934)
                      ; - java.lang.ClassLoader::defineClass@102 (line 1119)
  0x000001d23daa8bac: 50f1 33ff 

  0x000001d23daa8bb0: ;   {other}
  0x000001d23daa8bb0: 0f1f 8400 | a016 0029 | 498b d7c5 | f877 49ba | 7004 b230 | fc7f 0000 

  0x000001d23daa8bc8: ;   {other}
  0x000001d23daa8bc8: 41ff d20f | 1f84 0000 | 0000 00e9 | 22f1 ffff | 498b d7c5 | f877 49ba | 7004 b230 | fc7f 0000 
  0x000001d23daa8be8: ;   {other}
  0x000001d23daa8be8: 41ff d20f | 1f84 0000 | 0000 00e9 | a5f0 ffff | ba45 ffff | ff44 895c | 2420 4489 | 5c24 2489 
  0x000001d23daa8c08: 7c24 6489 | 7c24 6890 

  0x000001d23daa8c10: ;   {runtime_call UncommonTrapBlob}
  0x000001d23daa8c10: c5f8 77e8 

  0x000001d23daa8c14: ; ImmutableOopMap {[40]=Oop [48]=Oop [56]=Oop [64]=Oop }
                      ;*if_icmple {reexecute=1 rethrow=0 return_oop=0}
                      ; - (reexecute) jdk.internal.util.Preconditions::checkFromToIndex@11 (line 348)
                      ; - java.lang.String::checkBoundsBeginEnd@6 (line 4865)
                      ; - java.lang.String::substring@8 (line 2834)
                      ; - java.lang.Class::getPackageName@62 (line 1169)
                      ; - java.lang.ClassLoader::postDefineClass@2 (line 934)
                      ; - java.lang.ClassLoader::defineClass@102 (line 1119)
  0x000001d23daa8c14: e8f0 33ff 

  0x000001d23daa8c18: ;   {other}
  0x000001d23daa8c18: 0f1f 8400 | 0817 002a | 498b d7c5 | f877 49ba | 7004 b230 | fc7f 0000 

  0x000001d23daa8c30: ;   {other}
  0x000001d23daa8c30: 41ff d20f | 1f84 0000 | 0000 00e9 | 56f3 ffff | 498b d7c5 | f877 49ba | 7004 b230 | fc7f 0000 
  0x000001d23daa8c50: ;   {other}
  0x000001d23daa8c50: 41ff d20f | 1f84 0000 | 0000 00e9 | eef2 ffff | 4963 d3e9 | cbee ffff | 4883 c2fe | 488b ca49 
  0x000001d23daa8c70: 8bfa 4833 | c048 83f9 | 087f 1048 | ffc9 7856 | 4889 04cf | 48ff c97d | f7eb 4bc5 | fdef c0e9 
  0x000001d23daa8c90: 0d00 0000 | c5fe 7f07 | c5fe 7f47 | 2048 83c7 | 4048 83e9 | 087d ed48 | 83c1 047c | 0cc5 fe7f 
  0x000001d23daa8cb0: 0748 83c7 | 2048 83e9 | 0448 83c1 | 047e 1748 | c7c0 ffff | ffff c4e2 | f0f5 c0c4 | e1fb 92f8 
  0x000001d23daa8cd0: 62f1 fe2f | 7f07 e921 | efff ffba | ccff ffff | 4489 5c24 | 2048 895c | 2460 894c | 2424 6690 
  0x000001d23daa8cf0: ;   {runtime_call UncommonTrapBlob}
  0x000001d23daa8cf0: c5f8 77e8 

  0x000001d23daa8cf4: ; ImmutableOopMap {[36]=NarrowOop [40]=Oop [48]=Oop [56]=Oop [96]=Oop }
                      ;*newarray {reexecute=1 rethrow=0 return_oop=0}
                      ; - (reexecute) java.util.Arrays::copyOfRangeByte@10 (line 3863)
                      ; - java.util.Arrays::copyOfRange@13 (line 3854)
                      ; - java.lang.StringLatin1::newString@16 (line 752)
                      ; - java.lang.String::substring@41 (line 2839)
                      ; - java.lang.Class::getPackageName@62 (line 1169)
                      ; - java.lang.ClassLoader::postDefineClass@2 (line 934)
                      ; - java.lang.ClassLoader::defineClass@102 (line 1119)
  0x000001d23daa8cf4: 08f0 33ff 

  0x000001d23daa8cf8: ;   {other}
  0x000001d23daa8cf8: 0f1f 8400 | e817 002b | ba45 ffff | ff44 8944 | 2450 4c89 | 5c24 5889 | 4c24 5444 | 8954 2460 
  0x000001d23daa8d18: ;   {runtime_call UncommonTrapBlob}
  0x000001d23daa8d18: c5f8 77e8 

  0x000001d23daa8d1c: ; ImmutableOopMap {rbp=NarrowOop [40]=Oop [48]=Oop [56]=Oop [80]=NarrowOop [84]=NarrowOop [88]=Oop }
                      ;*ifnull {reexecute=1 rethrow=0 return_oop=0}
                      ; - (reexecute) java.util.concurrent.ConcurrentHashMap::get@67 (line 940)
                      ; - java.lang.ClassLoader::getNamedPackage@5 (line 341)
                      ; - java.lang.ClassLoader::postDefineClass@9 (line 934)
                      ; - java.lang.ClassLoader::defineClass@102 (line 1119)
  0x000001d23daa8d1c: e0ef 33ff 

  0x000001d23daa8d20: ;   {other}
  0x000001d23daa8d20: 0f1f 8400 | 1018 002c | ba45 ffff | ff44 8944 | 2450 4c89 | 5c24 5848 | 897c 2460 | 4489 5424 
  0x000001d23daa8d40: 5466 6690 

  0x000001d23daa8d44: ;   {runtime_call UncommonTrapBlob}
  0x000001d23daa8d44: c5f8 77e8 

  0x000001d23daa8d48: ; ImmutableOopMap {rbp=NarrowOop [40]=Oop [48]=Oop [56]=Oop [80]=NarrowOop [88]=Oop [96]=Oop }
                      ;*ifnull {reexecute=1 rethrow=0 return_oop=0}
                      ; - (reexecute) java.util.concurrent.ConcurrentHashMap::get@143 (line 946)
                      ; - java.lang.ClassLoader::getNamedPackage@5 (line 341)
                      ; - java.lang.ClassLoader::postDefineClass@9 (line 934)
                      ; - java.lang.ClassLoader::defineClass@102 (line 1119)
  0x000001d23daa8d48: b4ef 33ff 

  0x000001d23daa8d4c: ;   {other}
  0x000001d23daa8d4c: 0f1f 8400 | 3c18 002d 

  0x000001d23daa8d54: ;   {metadata('java/lang/StringBuilder')}
  0x000001d23daa8d54: 48ba 488f | 0054 d201 | 0000 6690 

  0x000001d23daa8d60: ;   {runtime_call _new_instance_Java}
  0x000001d23daa8d60: c5f8 77e8 

  0x000001d23daa8d64: ; ImmutableOopMap {[32]=Oop [40]=Oop [48]=Oop [56]=Oop [64]=NarrowOop [72]=Oop [80]=Oop [104]=Oop }
                      ;*new {reexecute=0 rethrow=0 return_oop=1}
                      ; - java.lang.NamedPackage::<init>@22 (line 49)
                      ; - java.lang.ClassLoader::getNamedPackage@22 (line 343)
                      ; - java.lang.ClassLoader::postDefineClass@9 (line 934)
                      ; - java.lang.ClassLoader::defineClass@102 (line 1119)
  0x000001d23daa8d64: 1864 41ff 

  0x000001d23daa8d68: ;   {other}
  0x000001d23daa8d68: 0f1f 8400 | 5818 002e | e9c7 f8ff 

  0x000001d23daa8d74: ;   {metadata('java/lang/InternalError')}
  0x000001d23daa8d74: ff48 ba20 | 2d01 54d2 | 0100 0090 

  0x000001d23daa8d80: ;   {runtime_call _new_instance_Java}
  0x000001d23daa8d80: c5f8 77e8 

  0x000001d23daa8d84: ; ImmutableOopMap {[32]=Oop [40]=Oop [48]=Oop [56]=Oop [64]=NarrowOop [72]=Oop [80]=Oop }
                      ;*new {reexecute=0 rethrow=0 return_oop=1}
                      ; - java.lang.NamedPackage::<init>@18 (line 49)
                      ; - java.lang.ClassLoader::getNamedPackage@22 (line 343)
                      ; - java.lang.ClassLoader::postDefineClass@9 (line 934)
                      ; - java.lang.ClassLoader::defineClass@102 (line 1119)
  0x000001d23daa8d84: f863 41ff 

  0x000001d23daa8d88: ;   {other}
  0x000001d23daa8d88: 0f1f 8400 | 7818 002f | e953 f8ff | ffba 45ff | ffff 6690 

  0x000001d23daa8d9c: ;   {runtime_call UncommonTrapBlob}
  0x000001d23daa8d9c: c5f8 77e8 

  0x000001d23daa8da0: ; ImmutableOopMap {[32]=Oop [40]=Oop [48]=Oop [56]=Oop }
                      ;*ifne {reexecute=1 rethrow=0 return_oop=0}
                      ; - (reexecute) java.nio.ByteBuffer::hasArray@11 (line 1481)
                      ; - java.lang.ClassLoader::defineClass@14 (line 1104)
  0x000001d23daa8da0: 5cef 33ff 

  0x000001d23daa8da4: ;   {other}
  0x000001d23daa8da4: 0f1f 8400 | 9418 0030 | ba45 ffff | ff4c 8954 | 2428 4489 | 5c24 3c90 

  0x000001d23daa8dbc: ;   {runtime_call UncommonTrapBlob}
  0x000001d23daa8dbc: c5f8 77e8 

  0x000001d23daa8dc0: ; ImmutableOopMap {rbp=Oop [32]=Oop [40]=Oop [48]=Oop [60]=NarrowOop }
                      ;*ifnull {reexecute=1 rethrow=0 return_oop=0}
                      ; - (reexecute) java.nio.ByteBuffer::hasArray@4 (line 1481)
                      ; - java.lang.ClassLoader::defineClass@14 (line 1104)
  0x000001d23daa8dc0: 3cef 33ff 

  0x000001d23daa8dc4: ;   {other}
  0x000001d23daa8dc4: 0f1f 8400 | b418 0031 | baf6 ffff | ff66 6690 

  0x000001d23daa8dd4: ;   {runtime_call UncommonTrapBlob}
  0x000001d23daa8dd4: c5f8 77e8 

  0x000001d23daa8dd8: ; ImmutableOopMap {}
                      ;*invokevirtual isNamed {reexecute=0 rethrow=0 return_oop=0}
                      ; - java.lang.NamedPackage::<init>@12 (line 48)
                      ; - java.lang.ClassLoader::getNamedPackage@22 (line 343)
                      ; - java.lang.ClassLoader::postDefineClass@9 (line 934)
                      ; - java.lang.ClassLoader::defineClass@102 (line 1119)
  0x000001d23daa8dd8: 24ef 33ff 

  0x000001d23daa8ddc: ;   {other}
  0x000001d23daa8ddc: 0f1f 8400 | cc18 0032 | baf6 ffff | ff8b 6c24 | 4066 6690 

  0x000001d23daa8df0: ;   {runtime_call UncommonTrapBlob}
  0x000001d23daa8df0: c5f8 77e8 

  0x000001d23daa8df4: ; ImmutableOopMap {rbp=NarrowOop }
                      ;*invokevirtual append {reexecute=0 rethrow=0 return_oop=0}
                      ; - java.lang.NamedPackage::<init>@35 (line 49)
                      ; - java.lang.ClassLoader::getNamedPackage@22 (line 343)
                      ; - java.lang.ClassLoader::postDefineClass@9 (line 934)
                      ; - java.lang.ClassLoader::defineClass@102 (line 1119)
  0x000001d23daa8df4: 08ef 33ff 

  0x000001d23daa8df8: ;   {other}
  0x000001d23daa8df8: 0f1f 8400 | e818 0033 | baf6 ffff | ff66 6690 

  0x000001d23daa8e08: ;   {runtime_call UncommonTrapBlob}
  0x000001d23daa8e08: c5f8 77e8 

  0x000001d23daa8e0c: ; ImmutableOopMap {}
                      ;*invokevirtual toString {reexecute=0 rethrow=0 return_oop=0}
                      ; - java.lang.NamedPackage::<init>@38 (line 49)
                      ; - java.lang.ClassLoader::getNamedPackage@22 (line 343)
                      ; - java.lang.ClassLoader::postDefineClass@9 (line 934)
                      ; - java.lang.ClassLoader::defineClass@102 (line 1119)
  0x000001d23daa8e0c: f0ee 33ff 

  0x000001d23daa8e10: ;   {other}
  0x000001d23daa8e10: 0f1f 8400 | 0019 0034 | bac6 ffff | ff44 8944 | 2448 894c | 244c 4489 | 5424 504c | 895c 2458 
  0x000001d23daa8e30: ;   {runtime_call UncommonTrapBlob}
  0x000001d23daa8e30: c5f8 77e8 

  0x000001d23daa8e34: ; ImmutableOopMap {[40]=Oop [48]=Oop [56]=Oop [72]=NarrowOop [76]=NarrowOop [88]=Oop }
                      ;*invokevirtual find {reexecute=0 rethrow=0 return_oop=0}
                      ; - java.util.concurrent.ConcurrentHashMap::get@93 (line 944)
                      ; - java.lang.ClassLoader::getNamedPackage@5 (line 341)
                      ; - java.lang.ClassLoader::postDefineClass@9 (line 934)
                      ; - java.lang.ClassLoader::defineClass@102 (line 1119)
  0x000001d23daa8e34: c8ee 33ff 

  0x000001d23daa8e38: ;   {other}
  0x000001d23daa8e38: 0f1f 8400 | 2819 0035 | baf6 ffff | ff66 6690 

  0x000001d23daa8e48: ;   {runtime_call UncommonTrapBlob}
  0x000001d23daa8e48: c5f8 77e8 

  0x000001d23daa8e4c: ; ImmutableOopMap {}
                      ;*invokevirtual intern {reexecute=0 rethrow=0 return_oop=0}
                      ; - java.lang.Class::getPackageName@65 (line 1169)
                      ; - java.lang.ClassLoader::postDefineClass@2 (line 934)
                      ; - java.lang.ClassLoader::defineClass@102 (line 1119)
  0x000001d23daa8e4c: b0ee 33ff 

  0x000001d23daa8e50: ;   {other}
  0x000001d23daa8e50: 0f1f 8400 | 4019 0036 | baf6 ffff | ff66 6690 

  0x000001d23daa8e60: ;   {runtime_call UncommonTrapBlob}
  0x000001d23daa8e60: c5f8 77e8 

  0x000001d23daa8e64: ; ImmutableOopMap {}
                      ;*athrow {reexecute=1 rethrow=0 return_oop=0}
                      ; - (reexecute) jdk.internal.util.Preconditions::checkFromToIndex@21 (line 349)
                      ; - java.lang.String::checkBoundsBeginEnd@6 (line 4865)
                      ; - java.lang.String::substring@8 (line 2834)
                      ; - java.lang.Class::getPackageName@62 (line 1169)
                      ; - java.lang.ClassLoader::postDefineClass@2 (line 934)
                      ; - java.lang.ClassLoader::defineClass@102 (line 1119)
  0x000001d23daa8e64: 98ee 33ff 

  0x000001d23daa8e68: ;   {other}
  0x000001d23daa8e68: 0f1f 8400 | 5819 0037 | baf6 ffff | ff66 6690 

  0x000001d23daa8e78: ;   {runtime_call UncommonTrapBlob}
  0x000001d23daa8e78: c5f8 77e8 

  0x000001d23daa8e7c: ; ImmutableOopMap {}
                      ;*invokevirtual remaining {reexecute=0 rethrow=0 return_oop=0}
                      ; - java.lang.ClassLoader::defineClass@1 (line 1100)
  0x000001d23daa8e7c: 80ee 33ff 

  0x000001d23daa8e80: ;   {other}
  0x000001d23daa8e80: 0f1f 8400 | 7019 0038 | baf6 ffff | ff66 6690 

  0x000001d23daa8e90: ;   {runtime_call UncommonTrapBlob}
  0x000001d23daa8e90: c5f8 77e8 

  0x000001d23daa8e94: ; ImmutableOopMap {}
                      ;*invokevirtual getCodeSource {reexecute=0 rethrow=0 return_oop=0}
                      ; - java.lang.ClassLoader::defineClassSourceLocation@1 (line 924)
                      ; - java.lang.ClassLoader::defineClass@76 (line 1117)
  0x000001d23daa8e94: 68ee 33ff 

  0x000001d23daa8e98: ;   {other}
  0x000001d23daa8e98: 0f1f 8400 | 8819 0039 | baf6 ffff | ff66 6690 

  0x000001d23daa8ea8: ;   {runtime_call UncommonTrapBlob}
  0x000001d23daa8ea8: c5f8 77e8 

  0x000001d23daa8eac: ; ImmutableOopMap {}
                      ;*invokevirtual getPackageName {reexecute=0 rethrow=0 return_oop=0}
                      ; - java.lang.ClassLoader::postDefineClass@2 (line 934)
                      ; - java.lang.ClassLoader::defineClass@102 (line 1119)
  0x000001d23daa8eac: 50ee 33ff 

  0x000001d23daa8eb0: ;   {other}
  0x000001d23daa8eb0: 0f1f 8400 | a019 003a | baf6 ffff | ff66 6690 

  0x000001d23daa8ec0: ;   {runtime_call UncommonTrapBlob}
  0x000001d23daa8ec0: c5f8 77e8 

  0x000001d23daa8ec4: ; ImmutableOopMap {}
                      ;*invokevirtual hashCode {reexecute=0 rethrow=0 return_oop=0}
                      ; - java.util.concurrent.ConcurrentHashMap::get@1 (line 936)
                      ; - java.lang.ClassLoader::getNamedPackage@5 (line 341)
                      ; - java.lang.ClassLoader::postDefineClass@9 (line 934)
                      ; - java.lang.ClassLoader::defineClass@102 (line 1119)
  0x000001d23daa8ec4: 38ee 33ff 

  0x000001d23daa8ec8: ;   {other}
  0x000001d23daa8ec8: 0f1f 8400 | b819 003b | baf6 ffff | ff66 6690 

  0x000001d23daa8ed8: ;   {runtime_call UncommonTrapBlob}
  0x000001d23daa8ed8: c5f8 77e8 

  0x000001d23daa8edc: ; ImmutableOopMap {}
                      ;*arraylength {reexecute=0 rethrow=0 return_oop=0}
                      ; - java.lang.String::length@4 (line 1519)
                      ; - java.lang.String::lastIndexOf@3 (line 2535)
                      ; - java.lang.Class::getPackageName@47 (line 1168)
                      ; - java.lang.ClassLoader::postDefineClass@2 (line 934)
                      ; - java.lang.ClassLoader::defineClass@102 (line 1119)
  0x000001d23daa8edc: 20ee 33ff 

  0x000001d23daa8ee0: ;   {other}
  0x000001d23daa8ee0: 0f1f 8400 | d019 003c | baf6 ffff | ff66 6690 

  0x000001d23daa8ef0: ;   {runtime_call UncommonTrapBlob}
  0x000001d23daa8ef0: c5f8 77e8 

  0x000001d23daa8ef4: ; ImmutableOopMap {}
                      ;*arraylength {reexecute=0 rethrow=0 return_oop=0}
                      ; - java.lang.String::length@4 (line 1519)
                      ; - java.lang.String::substring@1 (line 2833)
                      ; - java.lang.Class::getPackageName@62 (line 1169)
                      ; - java.lang.ClassLoader::postDefineClass@2 (line 934)
                      ; - java.lang.ClassLoader::defineClass@102 (line 1119)
  0x000001d23daa8ef4: 08ee 33ff 

  0x000001d23daa8ef8: ;   {other}
  0x000001d23daa8ef8: 0f1f 8400 | e819 003d | ba45 ffff | ff66 6690 

  0x000001d23daa8f08: ;   {runtime_call UncommonTrapBlob}
  0x000001d23daa8f08: c5f8 77e8 

  0x000001d23daa8f0c: ; ImmutableOopMap {rbp=NarrowOop [32]=Oop [40]=Oop [48]=Oop [56]=Oop }
                      ;*ifnull {reexecute=1 rethrow=0 return_oop=0}
                      ; - (reexecute) java.lang.ClassLoader::defineClassSourceLocation@8 (line 926)
                      ; - java.lang.ClassLoader::defineClass@76 (line 1117)
  0x000001d23daa8f0c: f0ed 33ff 

  0x000001d23daa8f10: ;   {other}
  0x000001d23daa8f10: 0f1f 8400 | 001a 003e | ba45 ffff | ff44 8954 | 2420 6690 

  0x000001d23daa8f24: ;   {runtime_call UncommonTrapBlob}
  0x000001d23daa8f24: c5f8 77e8 

  0x000001d23daa8f28: ; ImmutableOopMap {[32]=NarrowOop [56]=Oop }
                      ;*ifnull {reexecute=1 rethrow=0 return_oop=0}
                      ; - (reexecute) java.lang.ClassLoader::postDefineClass@17 (line 936)
                      ; - java.lang.ClassLoader::defineClass@102 (line 1119)
  0x000001d23daa8f28: d4ed 33ff 

  0x000001d23daa8f2c: ;   {other}
  0x000001d23daa8f2c: 0f1f 8400 | 1c1a 003f | baf6 ffff | ff66 6690 

  0x000001d23daa8f3c: ;   {runtime_call UncommonTrapBlob}
  0x000001d23daa8f3c: c5f8 77e8 

  0x000001d23daa8f40: ; ImmutableOopMap {}
                      ;*arraylength {reexecute=0 rethrow=0 return_oop=0}
                      ; - java.lang.String::isEmpty@4 (line 1532)
                      ; - java.lang.NamedPackage::<init>@5 (line 48)
                      ; - java.lang.ClassLoader::getNamedPackage@22 (line 343)
                      ; - java.lang.ClassLoader::postDefineClass@9 (line 934)
                      ; - java.lang.ClassLoader::defineClass@102 (line 1119)
  0x000001d23daa8f40: bced 33ff 

  0x000001d23daa8f44: ;   {other}
  0x000001d23daa8f44: 0f1f 8400 | 341a 0040 | ba97 ffff | ff66 6690 

  0x000001d23daa8f54: ;   {runtime_call UncommonTrapBlob}
  0x000001d23daa8f54: c5f8 77e8 

  0x000001d23daa8f58: ; ImmutableOopMap {rbp=Oop [32]=Oop [40]=Oop [72]=NarrowOop [80]=Oop }
                      ;*invokevirtual clone {reexecute=1 rethrow=0 return_oop=0}
                      ; - (reexecute) java.util.Arrays::copyOfRange@18 (line 3856)
                      ; - java.lang.StringLatin1::newString@16 (line 752)
                      ; - java.lang.String::substring@41 (line 2839)
                      ; - java.lang.Class::getPackageName@62 (line 1169)
                      ; - java.lang.ClassLoader::postDefineClass@2 (line 934)
                      ; - java.lang.ClassLoader::defineClass@102 (line 1119)
  0x000001d23daa8f58: a4ed 33ff 

  0x000001d23daa8f5c: ;   {other}
  0x000001d23daa8f5c: 0f1f 8400 | 4c1a 0041 | eb36 eb34 | eb32 eb30 | eb2e eb2c | eb2a eb28 | eb26 eb24 | eb22 eb20 
  0x000001d23daa8f7c: eb1e eb1c | eb1a eb18 | eb16 eb14 | eb12 eb10 | eb0e eb0c | eb0a eb08 | eb06 eb04 | eb02 eb00 
  0x000001d23daa8f9c: 488b d0e9 | 35f7 ffff 

  0x000001d23daa8fa4: ;   {internal_word}
  0x000001d23daa8fa4: 49ba 0c81 | aa3d d201 | 0000 4d89 | 9760 0400 

  0x000001d23daa8fb4: ;   {runtime_call SafepointBlob}
  0x000001d23daa8fb4: 00e9 c6db 

  0x000001d23daa8fb8: ;   {runtime_call StubRoutines (final stubs)}
  0x000001d23daa8fb8: 33ff e801 | cd31 ffe9 | 3ae9 ffff | f4f4 f4f4 
[Stub Code]
  0x000001d23daa8fc8: ;   {no_reloc}
  0x000001d23daa8fc8: 48bb 0000 | 0000 0000 

  0x000001d23daa8fd0: ;   {runtime_call nmethod}
  0x000001d23daa8fd0: 0000 e9fb 

  0x000001d23daa8fd4: ;   {static_stub}
  0x000001d23daa8fd4: ffff ff48 | bb00 0000 | 0000 0000 

  0x000001d23daa8fe0: ;   {runtime_call nmethod}
  0x000001d23daa8fe0: 00e9 fbff 

  0x000001d23daa8fe4: ;   {static_stub}
  0x000001d23daa8fe4: ffff 48bb | 0000 0000 | 0000 0000 

  0x000001d23daa8ff0: ;   {runtime_call nmethod}
  0x000001d23daa8ff0: e9fb ffff 

  0x000001d23daa8ff4: ;   {static_stub}
  0x000001d23daa8ff4: ff48 bb00 | 0000 0000 

  0x000001d23daa8ffc: ;   {runtime_call nmethod}
  0x000001d23daa8ffc: 0000 00e9 | fbff ffff 

  0x000001d23daa9004: ;   {static_stub}
  0x000001d23daa9004: 48bb 0000 | 0000 0000 

  0x000001d23daa900c: ;   {runtime_call nmethod}
  0x000001d23daa900c: 0000 e9fb 

  0x000001d23daa9010: ;   {static_stub}
  0x000001d23daa9010: ffff ff48 | bb00 0000 | 0000 0000 

  0x000001d23daa901c: ;   {runtime_call nmethod}
  0x000001d23daa901c: 00e9 fbff 

  0x000001d23daa9020: ;   {static_stub}
  0x000001d23daa9020: ffff 48bb | 0000 0000 | 0000 0000 

  0x000001d23daa902c: ;   {runtime_call nmethod}
  0x000001d23daa902c: e9fb ffff 

  0x000001d23daa9030: ;   {static_stub}
  0x000001d23daa9030: ff48 bb00 | 0000 0000 

  0x000001d23daa9038: ;   {runtime_call nmethod}
  0x000001d23daa9038: 0000 00e9 | fbff ffff 

  0x000001d23daa9040: ;   {static_stub}
  0x000001d23daa9040: 48bb 0000 | 0000 0000 

  0x000001d23daa9048: ;   {runtime_call nmethod}
  0x000001d23daa9048: 0000 e9fb 

  0x000001d23daa904c: ;   {static_stub}
  0x000001d23daa904c: ffff ff48 | bb00 0000 | 0000 0000 

  0x000001d23daa9058: ;   {runtime_call nmethod}
  0x000001d23daa9058: 00e9 fbff 

  0x000001d23daa905c: ;   {static_stub}
  0x000001d23daa905c: ffff 48bb | 0000 0000 | 0000 0000 

  0x000001d23daa9068: ;   {runtime_call nmethod}
  0x000001d23daa9068: e9fb ffff 

  0x000001d23daa906c: ;   {static_stub}
  0x000001d23daa906c: ff48 bb00 | 0000 0000 

  0x000001d23daa9074: ;   {runtime_call nmethod}
  0x000001d23daa9074: 0000 00e9 | fbff ffff 

  0x000001d23daa907c: ;   {static_stub}
  0x000001d23daa907c: 48bb 0000 | 0000 0000 

  0x000001d23daa9084: ;   {runtime_call nmethod}
  0x000001d23daa9084: 0000 e9fb 

  0x000001d23daa9088: ;   {static_stub}
  0x000001d23daa9088: ffff ff48 | bb00 0000 | 0000 0000 

  0x000001d23daa9094: ;   {runtime_call nmethod}
  0x000001d23daa9094: 00e9 fbff 

  0x000001d23daa9098: ;   {static_stub}
  0x000001d23daa9098: ffff 48bb | 0000 0000 | 0000 0000 

  0x000001d23daa90a4: ;   {runtime_call nmethod}
  0x000001d23daa90a4: e9fb ffff 

  0x000001d23daa90a8: ;   {static_stub}
  0x000001d23daa90a8: ff48 bb00 | 0000 0000 

  0x000001d23daa90b0: ;   {runtime_call nmethod}
  0x000001d23daa90b0: 0000 00e9 | fbff ffff 

  0x000001d23daa90b8: ;   {static_stub}
  0x000001d23daa90b8: 48bb 0000 | 0000 0000 

  0x000001d23daa90c0: ;   {runtime_call nmethod}
  0x000001d23daa90c0: 0000 e9fb 

  0x000001d23daa90c4: ;   {static_stub}
  0x000001d23daa90c4: ffff ff48 | bb00 0000 | 0000 0000 

  0x000001d23daa90d0: ;   {runtime_call nmethod}
  0x000001d23daa90d0: 00e9 fbff 

  0x000001d23daa90d4: ;   {static_stub}
  0x000001d23daa90d4: ffff 48bb | 0000 0000 | 0000 0000 

  0x000001d23daa90e0: ;   {runtime_call nmethod}
  0x000001d23daa90e0: e9fb ffff 

  0x000001d23daa90e4: ;   {static_stub}
  0x000001d23daa90e4: ff48 bb00 | 0000 0000 

  0x000001d23daa90ec: ;   {runtime_call nmethod}
  0x000001d23daa90ec: 0000 00e9 | fbff ffff 

  0x000001d23daa90f4: ;   {static_stub}
  0x000001d23daa90f4: 48bb 0000 | 0000 0000 

  0x000001d23daa90fc: ;   {runtime_call nmethod}
  0x000001d23daa90fc: 0000 e9fb 

  0x000001d23daa9100: ;   {runtime_call ExceptionBlob}
  0x000001d23daa9100: ffff ffe9 | f869 41ff 
[Deopt Handler Code]
  0x000001d23daa9108: e800 0000 | 0048 832c 

  0x000001d23daa9110: ;   {runtime_call DeoptimizationBlob}
  0x000001d23daa9110: 2405 e909 | ef33 fff4 
[/MachCode]


Compiled method (c2) 41780 25341       4       com.intellij.util.lang.JarLoader::findClass (14 bytes)
 total in heap  [0x000001d23dabda90,0x000001d23dabe890] = 3584
 relocation     [0x000001d23dabdbf0,0x000001d23dabdcf0] = 256
 main code      [0x000001d23dabdd00,0x000001d23dabe1c8] = 1224
 stub code      [0x000001d23dabe1c8,0x000001d23dabe278] = 176
 oops           [0x000001d23dabe278,0x000001d23dabe288] = 16
 metadata       [0x000001d23dabe288,0x000001d23dabe300] = 120
 scopes data    [0x000001d23dabe300,0x000001d23dabe580] = 640
 scopes pcs     [0x000001d23dabe580,0x000001d23dabe730] = 432
 dependencies   [0x000001d23dabe730,0x000001d23dabe748] = 24
 handler table  [0x000001d23dabe748,0x000001d23dabe868] = 288
 nul chk table  [0x000001d23dabe868,0x000001d23dabe890] = 40

[Constant Pool (empty)]

[MachCode]
[Entry Point]
  # {method} {0x000001d296436fd0} 'findClass' '(Ljava/lang/String;Ljava/lang/String;Lcom/intellij/util/lang/ClassPath$ClassDataConsumer;)Ljava/lang/Class;' in 'com/intellij/util/lang/JarLoader'
  # this:     rdx:rdx   = 'com/intellij/util/lang/JarLoader'
  # parm0:    r8:r8     = 'java/lang/String'
  # parm1:    r9:r9     = 'java/lang/String'
  # parm2:    rdi:rdi   = 'com/intellij/util/lang/ClassPath$ClassDataConsumer'
  #           [sp+0x50]  (sp of caller)
  0x000001d23dabdd00: 448b 5208 | 49bb 0000 | 0054 d201 | 0000 4d03 | d349 3bc2 

  0x000001d23dabdd14: ;   {runtime_call ic_miss_stub}
  0x000001d23dabdd14: 0f85 660c | 32ff 6690 | 0f1f 4000 
[Verified Entry Point]
  0x000001d23dabdd20: 8984 2400 | 80ff ff55 | 4883 ec40 | 4181 7f20 | 2c00 0000 | 0f85 8204 | 0000 4c8b | d24c 8904 
  0x000001d23dabdd40: 2444 8b42 | 1445 8b58 

  0x000001d23dabdd48: ;   {metadata('com/intellij/util/lang/ZipResourceFile')}
  0x000001d23dabdd48: 0841 81fb | b870 0002 | 0f85 7d02 | 0000 4d8b | d04c 8954 | 2420 410f | b66a 0c85 | ed0f 85b5 
  0x000001d23dabdd68: 0200 0044 

  0x000001d23dabdd6c: ;   {metadata('com/intellij/util/lang/PathClassLoader')}
  0x000001d23dabdd6c: 8b57 0841 | 81fa 8813 | 0002 741d 

  0x000001d23dabdd78: ;   {metadata('com/intellij/ide/plugins/cl/PluginClassLoader')}
  0x000001d23dabdd78: 4181 faa0 | 9635 020f | 85d3 0200 | 004d 85c9 | 0f84 e100 | 0000 4c89 | 4c24 08eb | 1d4c 8bd7 
  0x000001d23dabdd98: 4d85 c90f | 84d7 0200 | 0041 8b6a | 6085 ed0f | 854b 0200 | 004c 894c | 2408 4889 | 7c24 104c 
  0x000001d23dabddb8: 8b54 2420 | 418b 6a10 

  0x000001d23dabddc0: ; implicit exception: dispatches to 0x000001d23dabe110
  0x000001d23dabddc0: 448b 5d08 

  0x000001d23dabddc4: ;   {metadata('com/intellij/util/lang/ImmutableZipFile')}
  0x000001d23dabddc4: 488b d541 | 81fb 507c | 0002 0f85 | d300 0000 | 4c8b 0424 

  0x000001d23dabddd8: ;   {optimized virtual_call}
  0x000001d23dabddd8: 6666 90e8 

  0x000001d23dabdddc: ; ImmutableOopMap {[8]=Oop [16]=Oop [32]=Oop }
                      ;*invokeinterface getByteBuffer {reexecute=0 rethrow=0 return_oop=1}
                      ; - com.intellij.util.lang.ZipResourceFile::findClass@23 (line 108)
                      ; - com.intellij.util.lang.JarLoader::findClass@8 (line 60)
  0x000001d23dabdddc: 2068 fcff 

  0x000001d23dabdde0: ;   {other}
  0x000001d23dabdde0: 0f1f 8400 | 5003 0000 | 4889 0424 | 4885 c074 | 7a48 8b6c | 2408 4885 | ed0f 843d | 0200 0048 
  0x000001d23dabde00: 8b54 2410 | 4c8b 4424 

  0x000001d23dabde08: ;   {optimized virtual_call}
  0x000001d23dabde08: 0866 90e8 

  0x000001d23dabde0c: ; ImmutableOopMap {rbp=Oop [0]=Oop [16]=Oop [32]=Oop }
                      ;*invokespecial definePackageIfNeeded {reexecute=0 rethrow=0 return_oop=0}
                      ; - com.intellij.util.lang.UrlClassLoader::consumeClassData@11 (line 308)
                      ; - com.intellij.util.lang.ZipResourceFile::findClass@42 (line 114)
                      ; - com.intellij.util.lang.JarLoader::findClass@8 (line 60)
  0x000001d23dabde0c: b01d fcff 

  0x000001d23dabde10: ;   {other}
  0x000001d23dabde10: 0f1f 8400 | 8003 0001 | 488b 5424 | 104c 8bc5 | 4c8b 0c24 

  0x000001d23dabde24: ;   {optimized virtual_call}
  0x000001d23dabde24: 33ff 90e8 

  0x000001d23dabde28: ; ImmutableOopMap {[0]=Oop [32]=Oop }
                      ;*invokespecial defineClass {reexecute=0 rethrow=0 return_oop=1}
                      ; - com.intellij.util.lang.UrlClassLoader::consumeClassData@18 (line 309)
                      ; - com.intellij.util.lang.ZipResourceFile::findClass@42 (line 114)
                      ; - com.intellij.util.lang.JarLoader::findClass@8 (line 60)
  0x000001d23dabde28: b49a feff 

  0x000001d23dabde2c: ;   {other}
  0x000001d23dabde2c: 0f1f 8400 | 9c03 0002 | 4889 4424 | 084c 8b54 | 2420 418b | 6a10 448b 

  0x000001d23dabde44: ;   {metadata('com/intellij/util/lang/ImmutableZipFile')}
  0x000001d23dabde44: 5508 4181 | fa50 7c00 | 020f 85d2 | 0000 0048 | 8b44 2408 | 4883 c440 

  0x000001d23dabde5c: ;   {poll_return}
  0x000001d23dabde5c: 5d49 3ba7 | 4804 0000 | 0f87 3c03 | 0000 c333 | c0eb e94c | 8b54 2420 | 4c89 5424 | 1848 897c 
  0x000001d23dabde7c: 2410 4c89 | 4c24 0848 | 8bef ba11 

  0x000001d23dabde88: ;   {static_call}
  0x000001d23dabde88: 0000 00e8 

  0x000001d23dabde8c: ; ImmutableOopMap {rbp=Oop [0]=Oop [8]=Oop [16]=Oop [24]=Oop [32]=Oop }
                      ;*invokestatic $$$reportNull$$$0 {reexecute=0 rethrow=0 return_oop=0}
                      ; - com.intellij.util.lang.UrlClassLoader::isByteBufferSupported@6
                      ; - com.intellij.util.lang.ZipResourceFile::findClass@10 (line 107)
                      ; - com.intellij.util.lang.JarLoader::findClass@8 (line 60)
  0x000001d23dabde8c: f019 32ff 

  0x000001d23dabde90: ;   {other}
  0x000001d23dabde90: 0f1f 8400 | 0004 0003 | 4c8b 4c24 | 0848 8b7c | 2410 e9e7 

  0x000001d23dabdea4: ;   {metadata('com/intellij/util/lang/HashMapZipFile')}
  0x000001d23dabdea4: feff ff41 | 81fb c0d0 | 0002 0f85 | f401 0000 | 488b ea4c | 8b14 244c | 8954 2418 | 4d85 d20f 
  0x000001d23dabdec4: 84b0 0000 | 0045 33c0 

  0x000001d23dabdecc: ;   {optimized virtual_call}
  0x000001d23dabdecc: 498b d2e8 

  0x000001d23dabded0: ; ImmutableOopMap {rbp=Oop [8]=Oop [16]=Oop [24]=Oop [32]=Oop }
                      ;*invokevirtual charAt {reexecute=0 rethrow=0 return_oop=0}
                      ; - com.intellij.util.lang.HashMapZipFile::getByteBuffer@12 (line 110)
                      ; - com.intellij.util.lang.ZipResourceFile::findClass@23 (line 108)
                      ; - com.intellij.util.lang.JarLoader::findClass@8 (line 60)
  0x000001d23dabded0: ec48 8aff 

  0x000001d23dabded4: ;   {other}
  0x000001d23dabded4: 0f1f 8400 | 4404 0004 | 83f8 2f0f | 84c7 0000 | 004c 8b44 | 2418 488b 

  0x000001d23dabdeec: ;   {optimized virtual_call}
  0x000001d23dabdeec: d566 90e8 

  0x000001d23dabdef0: ; ImmutableOopMap {rbp=Oop [8]=Oop [16]=Oop [32]=Oop }
                      ;*invokevirtual getRawEntry {reexecute=0 rethrow=0 return_oop=1}
                      ; - com.intellij.util.lang.HashMapZipFile::getByteBuffer@29 (line 110)
                      ; - com.intellij.util.lang.ZipResourceFile::findClass@23 (line 108)
                      ; - com.intellij.util.lang.JarLoader::findClass@8 (line 60)
  0x000001d23dabdef0: 0ce0 def0 

  0x000001d23dabdef4: ;   {other}
  0x000001d23dabdef4: 0f1f 8400 | 6404 0005 | 4885 c00f | 84c7 0000 | 0048 8bd0 | 4c8b c545 | 33c9 488b 

  0x000001d23dabdf10: ;   {optimized virtual_call}
  0x000001d23dabdf10: 6c24 20e8 

  0x000001d23dabdf14: ; ImmutableOopMap {rbp=Oop [8]=Oop [16]=Oop [32]=Oop }
                      ;*invokevirtual getByteBuffer {reexecute=0 rethrow=0 return_oop=1}
                      ; - com.intellij.util.lang.HashMapZipFile::getByteBuffer@44 (line 111)
                      ; - com.intellij.util.lang.ZipResourceFile::findClass@23 (line 108)
                      ; - com.intellij.util.lang.JarLoader::findClass@8 (line 60)
  0x000001d23dabdf14: a8d9 dff0 

  0x000001d23dabdf18: ;   {other}
  0x000001d23dabdf18: 0f1f 8400 | 8804 0006 | e9c3 feff 

  0x000001d23dabdf24: ;   {metadata('com/intellij/util/lang/HashMapZipFile')}
  0x000001d23dabdf24: ff41 81fa | c0d0 0002 | 0f85 8a01 | 0000 488b | 1424 488b | e848 b840 | 882f 54d2 

  0x000001d23dabdf40: ;   {virtual_call}
  0x000001d23dabdf40: 0100 00e8 

  0x000001d23dabdf44: ; ImmutableOopMap {rbp=Oop [0]=Oop [8]=Oop }
                      ;*invokevirtual isReadOnly {reexecute=0 rethrow=0 return_oop=0}
                      ; - com.intellij.util.lang.ZipFile::releaseBuffer@1 (line 30)
                      ; - com.intellij.util.lang.ZipResourceFile::findClass@55 (line 117)
                      ; - com.intellij.util.lang.JarLoader::findClass@8 (line 60)
  0x000001d23dabdf44: d80c 8dff 

  0x000001d23dabdf48: ;   {other}
  0x000001d23dabdf48: 0f1f 8400 | b804 0007 | 85c0 0f85 | fbfe ffff 

  0x000001d23dabdf58: ;   {oop(a 'com/intellij/util/lang/DirectByteBufferPool'{0x0000000080c253a8})}
  0x000001d23dabdf58: 48ba a853 | c280 0000 | 0000 4c8b 

  0x000001d23dabdf64: ;   {optimized virtual_call}
  0x000001d23dabdf64: 0424 90e8 

  0x000001d23dabdf68: ; ImmutableOopMap {rbp=Oop [8]=Oop }
                      ;*invokevirtual release {reexecute=0 rethrow=0 return_oop=0}
                      ; - com.intellij.util.lang.ZipFile::releaseBuffer@11 (line 31)
                      ; - com.intellij.util.lang.ZipResourceFile::findClass@55 (line 117)
                      ; - com.intellij.util.lang.JarLoader::findClass@8 (line 60)
  0x000001d23dabdf68: 74ee c4f1 

  0x000001d23dabdf6c: ;   {other}
  0x000001d23dabdf6c: 0f1f 8400 | dc04 0008 | e9da feff | ffba 0a00 

  0x000001d23dabdf7c: ;   {static_call}
  0x000001d23dabdf7c: 0000 90e8 

  0x000001d23dabdf80: ; ImmutableOopMap {rbp=Oop [8]=Oop [16]=Oop [32]=Oop }
                      ;*invokestatic $$$reportNull$$$0 {reexecute=0 rethrow=0 return_oop=0}
                      ; - com.intellij.util.lang.HashMapZipFile::getByteBuffer@6
                      ; - com.intellij.util.lang.ZipResourceFile::findClass@23 (line 108)
                      ; - com.intellij.util.lang.JarLoader::findClass@8 (line 60)
  0x000001d23dabdf80: fc18 32ff 

  0x000001d23dabdf84: ;   {other}
  0x000001d23dabdf84: 0f1f 8400 | f404 0009 | baf6 ffff | ff48 8b6c | 2420 4c8b | 5424 084c 

  0x000001d23dabdf9c: ;   {runtime_call UncommonTrapBlob}
  0x000001d23dabdf9c: 8914 24e8 

  0x000001d23dabdfa0: ; ImmutableOopMap {rbp=Oop [0]=Oop [16]=Oop }
                      ;*invokevirtual charAt {reexecute=0 rethrow=0 return_oop=0}
                      ; - com.intellij.util.lang.HashMapZipFile::getByteBuffer@12 (line 110)
                      ; - com.intellij.util.lang.ZipResourceFile::findClass@23 (line 108)
                      ; - com.intellij.util.lang.JarLoader::findClass@8 (line 60)
  0x000001d23dabdfa0: 5c9d 32ff 

  0x000001d23dabdfa4: ;   {other}
  0x000001d23dabdfa4: 0f1f 8400 | 1405 000a | 41b8 0100 | 0000 488b 

  0x000001d23dabdfb4: ;   {optimized virtual_call}
  0x000001d23dabdfb4: 5424 18e8 

  0x000001d23dabdfb8: ; ImmutableOopMap {rbp=Oop [8]=Oop [16]=Oop [32]=Oop }
                      ;*invokevirtual substring {reexecute=0 rethrow=0 return_oop=1}
                      ; - com.intellij.util.lang.HashMapZipFile::getByteBuffer@22 (line 110)
                      ; - com.intellij.util.lang.ZipResourceFile::findClass@23 (line 108)
                      ; - com.intellij.util.lang.JarLoader::findClass@8 (line 60)
  0x000001d23dabdfb8: c40e 32ff 

  0x000001d23dabdfbc: ;   {other}
  0x000001d23dabdfbc: 0f1f 8400 | 2c05 000b | 4c8b c0e9 | 1eff ffff | 33c0 e915 | feff ffba | deff ffff | 418b e84c 
  0x000001d23dabdfdc: 894c 2408 | 4c89 5424 | 1048 897c 

  0x000001d23dabdfe8: ;   {runtime_call UncommonTrapBlob}
  0x000001d23dabdfe8: 2418 90e8 

  0x000001d23dabdfec: ; ImmutableOopMap {rbp=NarrowOop [0]=Oop [8]=Oop [16]=Oop [24]=Oop }
                      ;*invokeinterface findClass {reexecute=0 rethrow=0 return_oop=0}
                      ; - com.intellij.util.lang.JarLoader::findClass@8 (line 60)
  0x000001d23dabdfec: 109d 32ff 

  0x000001d23dabdff0: ;   {other}
  0x000001d23dabdff0: 0f1f 8400 | 6005 000c | baec ffff | ff4c 894c | 2410 4c8b | 5c24 204c | 895c 2418 | 4c89 5424 
  0x000001d23dabe010: ;   {runtime_call UncommonTrapBlob}
  0x000001d23dabe010: 2866 90e8 

  0x000001d23dabe014: ; ImmutableOopMap {rbp=NarrowOop [0]=Oop [16]=Oop [24]=Oop [40]=Oop }
                      ;*ifnull {reexecute=1 rethrow=0 return_oop=0}
                      ; - (reexecute) com.intellij.util.lang.PathClassLoader::isByteBufferSupported@12 (line 81)
                      ; - com.intellij.util.lang.ZipResourceFile::findClass@10 (line 107)
                      ; - com.intellij.util.lang.JarLoader::findClass@8 (line 60)
  0x000001d23dabe014: e89c 32ff 

  0x000001d23dabe018: ;   {other}
  0x000001d23dabe018: 0f1f 8400 | 8805 000d | ba45 ffff | ff4c 894c | 2408 4889 

  0x000001d23dabe02c: ;   {runtime_call UncommonTrapBlob}
  0x000001d23dabe02c: 7c24 10e8 

  0x000001d23dabe030: ; ImmutableOopMap {[0]=Oop [8]=Oop [16]=Oop [32]=Oop }
                      ;*ifne {reexecute=1 rethrow=0 return_oop=0}
                      ; - (reexecute) com.intellij.util.lang.ZipResourceFile::findClass@4 (line 107)
                      ; - com.intellij.util.lang.JarLoader::findClass@8 (line 60)
  0x000001d23dabe030: cc9c 32ff 

  0x000001d23dabe034: ;   {other}
  0x000001d23dabe034: 0f1f 8400 | a405 000e | ba45 ffff | ff4c 8b54 | 2420 4c89 

  0x000001d23dabe048: ;   {runtime_call UncommonTrapBlob}
  0x000001d23dabe048: 5424 08e8 

  0x000001d23dabe04c: ; ImmutableOopMap {rbp=Oop [0]=Oop [8]=Oop [16]=Oop }
                      ;*ifnonnull {reexecute=1 rethrow=0 return_oop=0}
                      ; - (reexecute) com.intellij.util.lang.UrlClassLoader::consumeClassData@1
                      ; - com.intellij.util.lang.ZipResourceFile::findClass@42 (line 114)
                      ; - com.intellij.util.lang.JarLoader::findClass@8 (line 60)
  0x000001d23dabe04c: b09c 32ff 

  0x000001d23dabe050: ;   {other}
  0x000001d23dabe050: 0f1f 8400 | c005 000f | bac6 ffff | ff48 8b2c | 2448 897c | 2410 4c89 

  0x000001d23dabe068: ;   {runtime_call UncommonTrapBlob}
  0x000001d23dabe068: 4c24 18e8 

  0x000001d23dabe06c: ; ImmutableOopMap {rbp=Oop [16]=Oop [24]=Oop [32]=Oop }
                      ;*invokeinterface isByteBufferSupported {reexecute=0 rethrow=0 return_oop=0}
                      ; - com.intellij.util.lang.ZipResourceFile::findClass@10 (line 107)
                      ; - com.intellij.util.lang.JarLoader::findClass@8 (line 60)
  0x000001d23dabe06c: 909c 32ff 

  0x000001d23dabe070: ;   {other}
  0x000001d23dabe070: 0f1f 8400 | e005 0010 | ba45 ffff | ff48 8b2c | 244c 894c | 2408 4c89 | 4c24 104c | 8b5c 2420 
  0x000001d23dabe090: 4c89 5c24 | 184c 8954 

  0x000001d23dabe098: ;   {runtime_call UncommonTrapBlob}
  0x000001d23dabe098: 2428 90e8 

  0x000001d23dabe09c: ; ImmutableOopMap {rbp=Oop [8]=Oop [16]=Oop [24]=Oop [40]=Oop }
                      ;*ifnonnull {reexecute=1 rethrow=0 return_oop=0}
                      ; - (reexecute) com.intellij.util.lang.PathClassLoader::isByteBufferSupported@1
                      ; - com.intellij.util.lang.ZipResourceFile::findClass@10 (line 107)
                      ; - com.intellij.util.lang.JarLoader::findClass@8 (line 60)
  0x000001d23dabe09c: 609c 32ff 

  0x000001d23dabe0a0: ;   {other}
  0x000001d23dabe0a0: 0f1f 8400 | 1006 0011 | bac6 ffff 

  0x000001d23dabe0ac: ;   {runtime_call UncommonTrapBlob}
  0x000001d23dabe0ac: ff66 90e8 

  0x000001d23dabe0b0: ; ImmutableOopMap {rbp=NarrowOop [0]=Oop [8]=Oop [16]=Oop [32]=Oop }
                      ;*invokeinterface getByteBuffer {reexecute=0 rethrow=0 return_oop=0}
                      ; - com.intellij.util.lang.ZipResourceFile::findClass@23 (line 108)
                      ; - com.intellij.util.lang.JarLoader::findClass@8 (line 60)
  0x000001d23dabe0b0: 4c9c 32ff 

  0x000001d23dabe0b4: ;   {other}
  0x000001d23dabe0b4: 0f1f 8400 | 2406 0012 | bac6 ffff 

  0x000001d23dabe0c0: ;   {runtime_call UncommonTrapBlob}
  0x000001d23dabe0c0: ff66 90e8 

  0x000001d23dabe0c4: ; ImmutableOopMap {rbp=NarrowOop [0]=Oop [8]=Oop }
                      ;*invokeinterface releaseBuffer {reexecute=0 rethrow=0 return_oop=0}
                      ; - com.intellij.util.lang.ZipResourceFile::findClass@55 (line 117)
                      ; - com.intellij.util.lang.JarLoader::findClass@8 (line 60)
  0x000001d23dabe0c4: 389c 32ff 

  0x000001d23dabe0c8: ;   {other}
  0x000001d23dabe0c8: 0f1f 8400 | 3806 0013 | baf6 ffff | ff48 8b2c | 244c 890c | 244c 8954 | 2408 4889 

  0x000001d23dabe0e4: ;   {runtime_call UncommonTrapBlob}
  0x000001d23dabe0e4: 7c24 10e8 

  0x000001d23dabe0e8: ; ImmutableOopMap {rbp=Oop [0]=Oop [8]=Oop [16]=Oop }
                      ;*invokeinterface findClass {reexecute=0 rethrow=0 return_oop=0}
                      ; - com.intellij.util.lang.JarLoader::findClass@8 (line 60)
  0x000001d23dabe0e8: 149c 32ff 

  0x000001d23dabe0ec: ;   {other}
  0x000001d23dabe0ec: 0f1f 8400 | 5c06 0014 | baf6 ffff | ff48 8b2c | 244c 894c 

  0x000001d23dabe100: ;   {runtime_call UncommonTrapBlob}
  0x000001d23dabe100: 2408 90e8 

  0x000001d23dabe104: ; ImmutableOopMap {rbp=Oop [8]=Oop [32]=Oop }
                      ;*invokeinterface isByteBufferSupported {reexecute=0 rethrow=0 return_oop=0}
                      ; - com.intellij.util.lang.ZipResourceFile::findClass@10 (line 107)
                      ; - com.intellij.util.lang.JarLoader::findClass@8 (line 60)
  0x000001d23dabe104: f89b 32ff 

  0x000001d23dabe108: ;   {other}
  0x000001d23dabe108: 0f1f 8400 | 7806 0015 | baf6 ffff | ff48 8b2c 

  0x000001d23dabe118: ;   {runtime_call UncommonTrapBlob}
  0x000001d23dabe118: 2466 90e8 

  0x000001d23dabe11c: ; ImmutableOopMap {rbp=Oop [8]=Oop [16]=Oop [32]=Oop }
                      ;*invokeinterface getByteBuffer {reexecute=0 rethrow=0 return_oop=0}
                      ; - com.intellij.util.lang.ZipResourceFile::findClass@23 (line 108)
                      ; - com.intellij.util.lang.JarLoader::findClass@8 (line 60)
  0x000001d23dabe11c: e09b 32ff 

  0x000001d23dabe120: ;   {other}
  0x000001d23dabe120: 0f1f 8400 | 9006 0016 | baf6 ffff | ff48 8be8 

  0x000001d23dabe130: ;   {runtime_call UncommonTrapBlob}
  0x000001d23dabe130: 6666 90e8 

  0x000001d23dabe134: ; ImmutableOopMap {rbp=Oop [0]=Oop }
                      ;*invokeinterface releaseBuffer {reexecute=0 rethrow=0 return_oop=0}
                      ; - com.intellij.util.lang.ZipResourceFile::findClass@55 (line 117)
                      ; - com.intellij.util.lang.JarLoader::findClass@8 (line 60)
  0x000001d23dabe134: c89b 32ff 

  0x000001d23dabe138: ;   {other}
  0x000001d23dabe138: 0f1f 8400 | a806 0017 | 488b d0eb | 57eb 0aeb | 50eb 4eeb | 4ceb 4aeb | 4848 8bd0 | eb46 488b 
  0x000001d23dabe158: d0eb 414c | 8b54 2420 | 458b 5a10 | 488b e8eb | 0c4c 8b54 | 2420 458b | 5a10 488b | e849 8bd3 
  0x000001d23dabe178: 4c8b 0424 | 9048 b8ff | ffff ffff 

  0x000001d23dabe184: ;   {virtual_call}
  0x000001d23dabe184: ffff ffe8 

  0x000001d23dabe188: ; ImmutableOopMap {rbp=Oop }
                      ;*invokeinterface releaseBuffer {reexecute=0 rethrow=0 return_oop=0}
                      ; - com.intellij.util.lang.ZipResourceFile::findClass@71 (line 117)
                      ; - com.intellij.util.lang.JarLoader::findClass@8 (line 60)
  0x000001d23dabe188: f411 32ff 

  0x000001d23dabe18c: ;   {other}
  0x000001d23dabe18c: 0f1f 8400 | fc06 0018 | 488b d5eb | 0348 8bd0 | 4883 c440 

  0x000001d23dabe1a0: ;   {runtime_call _rethrow_Java}
  0x000001d23dabe1a0: 5de9 5a85 

  0x000001d23dabe1a4: ;   {internal_word}
  0x000001d23dabe1a4: 40ff 49ba | 5dde ab3d | d201 0000 | 4d89 9760 

  0x000001d23dabe1b4: ;   {runtime_call SafepointBlob}
  0x000001d23dabe1b4: 0400 00e9 | c489 32ff 

  0x000001d23dabe1bc: ;   {runtime_call StubRoutines (final stubs)}
  0x000001d23dabe1bc: e8ff 7a30 | ffe9 74fb | ffff f4f4 
[Stub Code]
  0x000001d23dabe1c8: ;   {no_reloc}
  0x000001d23dabe1c8: 48bb 0000 | 0000 0000 

  0x000001d23dabe1d0: ;   {runtime_call nmethod}
  0x000001d23dabe1d0: 0000 e9fb 

  0x000001d23dabe1d4: ;   {static_stub}
  0x000001d23dabe1d4: ffff ff48 | bb00 0000 | 0000 0000 

  0x000001d23dabe1e0: ;   {runtime_call nmethod}
  0x000001d23dabe1e0: 00e9 fbff 

  0x000001d23dabe1e4: ;   {static_stub}
  0x000001d23dabe1e4: ffff 48bb | 188b 4496 | d201 0000 

  0x000001d23dabe1f0: ;   {runtime_call I2C/C2I adapters}
  0x000001d23dabe1f0: e912 6d32 

  0x000001d23dabe1f4: ;   {static_stub}
  0x000001d23dabe1f4: ff48 bb00 | 0000 0000 

  0x000001d23dabe1fc: ;   {runtime_call nmethod}
  0x000001d23dabe1fc: 0000 00e9 | fbff ffff 

  0x000001d23dabe204: ;   {static_stub}
  0x000001d23dabe204: 48bb 0000 | 0000 0000 

  0x000001d23dabe20c: ;   {runtime_call nmethod}
  0x000001d23dabe20c: 0000 e9fb 

  0x000001d23dabe210: ;   {static_stub}
  0x000001d23dabe210: ffff ff48 | bb00 0000 | 0000 0000 

  0x000001d23dabe21c: ;   {runtime_call nmethod}
  0x000001d23dabe21c: 00e9 fbff 

  0x000001d23dabe220: ;   {static_stub}
  0x000001d23dabe220: ffff 48bb | 0000 0000 | 0000 0000 

  0x000001d23dabe22c: ;   {runtime_call nmethod}
  0x000001d23dabe22c: e9fb ffff 

  0x000001d23dabe230: ;   {static_stub}
  0x000001d23dabe230: ff48 bb00 | 0000 0000 

  0x000001d23dabe238: ;   {runtime_call nmethod}
  0x000001d23dabe238: 0000 00e9 | fbff ffff 

  0x000001d23dabe240: ;   {static_stub}
  0x000001d23dabe240: 48bb 0000 | 0000 0000 

  0x000001d23dabe248: ;   {runtime_call nmethod}
  0x000001d23dabe248: 0000 e9fb 

  0x000001d23dabe24c: ;   {static_stub}
  0x000001d23dabe24c: ffff ff48 | bb00 0000 | 0000 0000 

  0x000001d23dabe258: ;   {runtime_call nmethod}
  0x000001d23dabe258: 00e9 fbff 

  0x000001d23dabe25c: ;   {runtime_call ExceptionBlob}
  0x000001d23dabe25c: ffff e99d | 1840 ffe8 | 0000 0000 | 4883 2c24 

  0x000001d23dabe26c: ;   {runtime_call DeoptimizationBlob}
  0x000001d23dabe26c: 05e9 ae9d | 32ff f4f4 | f4f4 f4f4 
[/MachCode]


---------------  P R O C E S S  ---------------

Threads class SMR info:
_java_thread_list=0x000001d351265d30, length=207, elements={
0x000001d226b28570, 0x000001d252a74920, 0x000001d252a7e790, 0x000001d253551e20,
0x000001d2535594c0, 0x000001d25355a010, 0x000001d25355b300, 0x000001d25355e470,
0x000001d253570900, 0x000001d2535723b0, 0x000001d2c3b9b9a0, 0x000001d2c44e3870,
0x000001d2c44ea4c0, 0x000001d2c45cfef0, 0x000001d2c46197a0, 0x000001d2c4617340,
0x000001d2c4618060, 0x000001d2c46179d0, 0x000001d2c46186f0, 0x000001d2c466ab40,
0x000001d2c466bef0, 0x000001d2c46676c0, 0x000001d2c4669e20, 0x000001d2c46683e0,
0x000001d2c466b1d0, 0x000001d2c466b860, 0x000001d2c46655f0, 0x000001d2c4666310,
0x000001d2c4667030, 0x000001d2c4667d50, 0x000001d2c50f56b0, 0x000001d2c50f9850,
0x000001d2c50fac00, 0x000001d2c66c9890, 0x000001d2c66c8b70, 0x000001d2c66cac40,
0x000001d2c50f6a60, 0x000001d2c6b0a000, 0x000001d2c6b0c0d0, 0x000001d2c6b092e0,
0x000001d2c6b078a0, 0x000001d2c6b0cdf0, 0x000001d2c6b0eec0, 0x000001d2c6b08c50,
0x000001d2c6b0d480, 0x000001d2c8bbbe70, 0x000001d2c8bbf2f0, 0x000001d2c8bbdf40,
0x000001d2c8bbf980, 0x000001d2c8bbb7e0, 0x000001d2c8bbb150, 0x000001d2c8bb9710,
0x000001d2c978a540, 0x000001d2c9a70400, 0x000001d2215a08a0, 0x000001d221599fa0,
0x000001d31487eef0, 0x000001d314b7c490, 0x000001d314b819e0, 0x000001d314b847d0,
0x000001d314b88970, 0x000001d31487ba70, 0x000001d31816f990, 0x000001d31816cba0,
0x000001d3181741c0, 0x000001d318175c00, 0x000001d318176290, 0x000001d318176920,
0x000001d3181713d0, 0x000001d318179080, 0x000001d32956d380, 0x000001d32956a590,
0x000001d32956bfd0, 0x000001d3295756c0, 0x000001d3295735f0, 0x000001d329573c80,
0x000001d329577790, 0x000001d329576a70, 0x000001d32fbea7a0, 0x000001d32fb5a8a0,
0x000001d32fb41850, 0x000001d344dd2d90, 0x000001d344de75b0, 0x000001d34d4101c0,
0x000001d34d412290, 0x000001d34d40b990, 0x000001d34e5d68c0, 0x000001d34e5dbe10,
0x000001d34e5d6f50, 0x000001d34e5d75e0, 0x000001d34e5db0f0, 0x000001d34e5daa60,
0x000001d34e5e6220, 0x000001d34e5e4e70, 0x000001d34e5e7c60, 0x000001d34e5e82f0,
0x000001d34e5e8980, 0x000001d34e5e5b90, 0x000001d34e5e9010, 0x000001d34e5e2080,
0x000001d34e5e96a0, 0x000001d34e5e2710, 0x000001d34e5e9d30, 0x000001d34e5ea3c0,
0x000001d34e5e5500, 0x000001d34e5e3430, 0x000001d34e5eaa50, 0x000001d34e5e3ac0,
0x000001d34e5eb0e0, 0x000001d34e5e4150, 0x000001d34e5eb770, 0x000001d34e5e47e0,
0x000001d34e5ecb20, 0x000001d34e5ec490, 0x000001d34e5ebe00, 0x000001d34e5ed840,
0x000001d34e5ed1b0, 0x000001d34e5eded0, 0x000001d34e5f2700, 0x000001d34e5f0630,
0x000001d34e5f0cc0, 0x000001d34e5ee560, 0x000001d34e5f2d90, 0x000001d34e5eebf0,
0x000001d34e5f1350, 0x000001d34e5effa0, 0x000001d34e5f2070, 0x000001d34e5ef280,
0x000001d34e5ef910, 0x000001d34e5f19e0, 0x000001d34d40cd40, 0x000001d34d40d3d0,
0x000001d34d416ac0, 0x000001d34d41a5d0, 0x000001d34d419f40, 0x000001d34d41ac60,
0x000001d34d4198b0, 0x000001d34d417150, 0x000001d34fca9440, 0x000001d34fca6ce0,
0x000001d34fcb24a0, 0x000001d34fcb3850, 0x000001d34fcb03d0, 0x000001d34fca2b40,
0x000001d34fca03e0, 0x000001d34fc9e310, 0x000001d34fca24b0, 0x000001d34fca0a70,
0x000001d34fc9dc80, 0x000001d34fc9d5f0, 0x000001d34fca31d0, 0x000001d34fc9f6c0,
0x000001d34fc9e9a0, 0x000001d34fca1e20, 0x000001d34fc9c240, 0x000001d34fc9cf60,
0x000001d34fcaf020, 0x000001d34fcafd40, 0x000001d34fcb10f0, 0x000001d34fcab510,
0x000001d34d41e770, 0x000001d35740efd0, 0x000001d357411dc0, 0x000001d357416c80,
0x000001d3574193e0, 0x000001d35741a790, 0x000001d35741e930, 0x000001d35741d580,
0x000001d357425f50, 0x000001d3574372f0, 0x000001d357437980, 0x000001d35d3021f0,
0x000001d35d2f42d0, 0x000001d35d2f4960, 0x000001d35d2f7de0, 0x000001d35d2f8470,
0x000001d357438010, 0x000001d357431710, 0x000001d357434b90, 0x000001d357438d30,
0x000001d357433150, 0x000001d357431da0, 0x000001d357435220, 0x000001d3574365d0,
0x000001d357439a50, 0x000001d35d310110, 0x000001d35d310e30, 0x000001d35d302880,
0x000001d35d305d00, 0x000001d35d309ea0, 0x000001d35d309180, 0x000001d35d306390,
0x000001d35d311b50, 0x000001d35d317730, 0x000001d35d31c5f0, 0x000001d35d2e42e0,
0x000001d35d2e0140, 0x000001d34d420840, 0x000001d363527750, 0x000001d363527de0,
0x000001d363524960, 0x000001d363524ff0, 0x000001d363521b70, 0x000001d3635263a0,
0x000001d363520e50, 0x000001d35d30b250, 0x000001d35744adf0
}

Java Threads: ( => current thread )
  0x000001d226b28570 JavaThread "main"                              [_thread_blocked, id=22196, stack(0x0000005527b00000,0x0000005527d00000) (2048K)]
  0x000001d252a74920 JavaThread "Common-Cleaner"             daemon [_thread_blocked, id=33992, stack(0x0000005528400000,0x0000005528500000) (1024K)]
  0x000001d252a7e790 JavaThread "Reference Handler"          daemon [_thread_blocked, id=34316, stack(0x0000005528500000,0x0000005528600000) (1024K)]
  0x000001d253551e20 JavaThread "Finalizer"                  daemon [_thread_blocked, id=9796, stack(0x0000005528600000,0x0000005528700000) (1024K)]
  0x000001d2535594c0 JavaThread "Signal Dispatcher"          daemon [_thread_blocked, id=32312, stack(0x0000005528700000,0x0000005528800000) (1024K)]
  0x000001d25355a010 JavaThread "Attach Listener"            daemon [_thread_blocked, id=17372, stack(0x0000005528800000,0x0000005528900000) (1024K)]
  0x000001d25355b300 JavaThread "Service Thread"             daemon [_thread_blocked, id=34424, stack(0x0000005528900000,0x0000005528a00000) (1024K)]
  0x000001d25355e470 JavaThread "Monitor Deflation Thread"   daemon [_thread_blocked, id=18348, stack(0x0000005528a00000,0x0000005528b00000) (1024K)]
  0x000001d253570900 JavaThread "C2 CompilerThread0"         daemon [_thread_blocked, id=31860, stack(0x0000005528b00000,0x0000005528c00000) (1024K)]
  0x000001d2535723b0 JavaThread "C1 CompilerThread0"         daemon [_thread_blocked, id=3980, stack(0x0000005528c00000,0x0000005528d00000) (1024K)]
  0x000001d2c3b9b9a0 JavaThread "Notification Thread"        daemon [_thread_blocked, id=34360, stack(0x0000005528d00000,0x0000005528e00000) (1024K)]
  0x000001d2c44e3870 JavaThread "DefaultDispatcher-worker-1" daemon [_thread_blocked, id=33820, stack(0x0000005529400000,0x0000005529500000) (1024K)]
  0x000001d2c44ea4c0 JavaThread "DefaultDispatcher-worker-2" daemon [_thread_blocked, id=19488, stack(0x0000005529500000,0x0000005529600000) (1024K)]
  0x000001d2c45cfef0 JavaThread "DefaultDispatcher-worker-3" daemon [_thread_blocked, id=640, stack(0x0000005529600000,0x0000005529700000) (1024K)]
  0x000001d2c46197a0 JavaThread "DefaultDispatcher-worker-4" daemon [_thread_blocked, id=32324, stack(0x0000005529700000,0x0000005529800000) (1024K)]
  0x000001d2c4617340 JavaThread "DefaultDispatcher-worker-5" daemon [_thread_blocked, id=23000, stack(0x0000005529800000,0x0000005529900000) (1024K)]
  0x000001d2c4618060 JavaThread "DefaultDispatcher-worker-6" daemon [_thread_blocked, id=33996, stack(0x0000005529900000,0x0000005529a00000) (1024K)]
  0x000001d2c46179d0 JavaThread "DefaultDispatcher-worker-7" daemon [_thread_blocked, id=25668, stack(0x0000005529a00000,0x0000005529b00000) (1024K)]
  0x000001d2c46186f0 JavaThread "DefaultDispatcher-worker-8" daemon [_thread_blocked, id=11928, stack(0x0000005529b00000,0x0000005529c00000) (1024K)]
  0x000001d2c466ab40 JavaThread "DefaultDispatcher-worker-9" daemon [_thread_blocked, id=32556, stack(0x0000005529c00000,0x0000005529d00000) (1024K)]
  0x000001d2c466bef0 JavaThread "DefaultDispatcher-worker-10" daemon [_thread_blocked, id=28724, stack(0x0000005529d00000,0x0000005529e00000) (1024K)]
  0x000001d2c46676c0 JavaThread "DefaultDispatcher-worker-11" daemon [_thread_blocked, id=31848, stack(0x0000005529e00000,0x0000005529f00000) (1024K)]
  0x000001d2c4669e20 JavaThread "DefaultDispatcher-worker-12" daemon [_thread_blocked, id=23296, stack(0x0000005529f00000,0x000000552a000000) (1024K)]
  0x000001d2c46683e0 JavaThread "DefaultDispatcher-worker-13" daemon [_thread_blocked, id=20048, stack(0x000000552a000000,0x000000552a100000) (1024K)]
  0x000001d2c466b1d0 JavaThread "DefaultDispatcher-worker-14" daemon [_thread_blocked, id=25120, stack(0x000000552a100000,0x000000552a200000) (1024K)]
  0x000001d2c466b860 JavaThread "DefaultDispatcher-worker-15" daemon [_thread_blocked, id=31424, stack(0x000000552a200000,0x000000552a300000) (1024K)]
  0x000001d2c46655f0 JavaThread "DefaultDispatcher-worker-16" daemon [_thread_in_native, id=23544, stack(0x000000552a300000,0x000000552a400000) (1024K)]
  0x000001d2c4666310 JavaThread "Java2D Disposer"            daemon [_thread_blocked, id=4872, stack(0x000000552a400000,0x000000552a500000) (1024K)]
  0x000001d2c4667030 JavaThread "AWT-Shutdown"                      [_thread_blocked, id=34200, stack(0x000000552a500000,0x000000552a600000) (1024K)]
  0x000001d2c4667d50 JavaThread "AWT-Windows"                daemon [_thread_blocked, id=32660, stack(0x000000552a600000,0x000000552a700000) (1024K)]
  0x000001d2c50f56b0 JavaThread "External Command Listener"  daemon [_thread_in_native, id=27324, stack(0x000000552a700000,0x000000552a800000) (1024K)]
  0x000001d2c50f9850 JavaThread "kotlinx.coroutines.DefaultExecutor" daemon [_thread_blocked, id=25412, stack(0x000000552a800000,0x000000552a900000) (1024K)]
  0x000001d2c50fac00 JavaThread "AWT-EventQueue-0"                  [_thread_blocked, id=34212, stack(0x000000552a900000,0x000000552aa00000) (1024K)]
  0x000001d2c66c9890 JavaThread "EarlyStartServerWire/Sender" daemon [_thread_blocked, id=34224, stack(0x000000552aa00000,0x000000552ab00000) (1024K)]
  0x000001d2c66c8b70 JavaThread "Kernel event loop thread pb4p97ascaagikpcjbbs" daemon [_thread_blocked, id=5236, stack(0x000000552b300000,0x000000552b400000) (1024K)]
  0x000001d2c66cac40 JavaThread "EarlyStartServerWire"       daemon [_thread_in_native, id=34036, stack(0x000000552b400000,0x000000552b500000) (1024K)]
  0x000001d2c50f6a60 JavaThread "SerializersBackgroundRegistrar" daemon [_thread_blocked, id=24508, stack(0x000000552b500000,0x000000552b600000) (1024K)]
  0x000001d2c6b0a000 JavaThread "DefaultDispatcher-worker-17" daemon [_thread_in_native, id=15716, stack(0x000000552b600000,0x000000552b700000) (1024K)]
  0x000001d2c6b0c0d0 JavaThread "DefaultDispatcher-worker-18" daemon [_thread_blocked, id=18504, stack(0x000000552b700000,0x000000552b800000) (1024K)]
  0x000001d2c6b092e0 JavaThread "DefaultDispatcher-worker-20" daemon [_thread_blocked, id=14656, stack(0x000000552b800000,0x000000552b900000) (1024K)]
  0x000001d2c6b078a0 JavaThread "DefaultDispatcher-worker-19" daemon [_thread_blocked, id=4476, stack(0x000000552b900000,0x000000552ba00000) (1024K)]
  0x000001d2c6b0cdf0 JavaThread "DefaultDispatcher-worker-21" daemon [_thread_blocked, id=30432, stack(0x000000552ba00000,0x000000552bb00000) (1024K)]
  0x000001d2c6b0eec0 JavaThread "DefaultDispatcher-worker-22" daemon [_thread_blocked, id=19888, stack(0x000000552bb00000,0x000000552bc00000) (1024K)]
  0x000001d2c6b08c50 JavaThread "DefaultDispatcher-worker-23" daemon [_thread_blocked, id=25480, stack(0x000000552bc00000,0x000000552bd00000) (1024K)]
  0x000001d2c6b0d480 JavaThread "DefaultDispatcher-worker-24" daemon [_thread_blocked, id=14756, stack(0x000000552bd00000,0x000000552be00000) (1024K)]
  0x000001d2c8bbbe70 JavaThread "DefaultDispatcher-worker-25" daemon [_thread_blocked, id=30800, stack(0x000000552be00000,0x000000552bf00000) (1024K)]
=>0x000001d2c8bbf2f0 JavaThread "DefaultDispatcher-worker-26" daemon [_thread_in_vm, id=26920, stack(0x000000552bf00000,0x000000552c000000) (1024K)]
  0x000001d2c8bbdf40 JavaThread "DefaultDispatcher-worker-27" daemon [_thread_blocked, id=23524, stack(0x000000552c000000,0x000000552c100000) (1024K)]
  0x000001d2c8bbf980 JavaThread "DefaultDispatcher-worker-28" daemon [_thread_blocked, id=26712, stack(0x000000552c100000,0x000000552c200000) (1024K)]
  0x000001d2c8bbb7e0 JavaThread "Program"                           [_thread_in_native, id=29588, stack(0x000000552c200000,0x000000552c300000) (1024K)]
  0x000001d2c8bbb150 JavaThread "BaseDataReader: output stream of Program"        [_thread_in_native, id=18916, stack(0x000000552c300000,0x000000552c400000) (1024K)]
  0x000001d2c8bb9710 JavaThread "BaseDataReader: error stream of Program"        [_thread_in_native, id=30004, stack(0x000000552c400000,0x000000552c500000) (1024K)]
  0x000001d2c978a540 JavaThread "PeriodicMetricReader"       daemon [_thread_blocked, id=19044, stack(0x000000552c600000,0x000000552c700000) (1024K)]
  0x000001d2c9a70400 JavaThread "Coroutines Debugger Cleaner" daemon [_thread_blocked, id=4624, stack(0x000000552c700000,0x000000552c800000) (1024K)]
  0x000001d2215a08a0 JavaThread "Periodic tasks thread"      daemon [_thread_blocked, id=34296, stack(0x000000552c800000,0x000000552c900000) (1024K)]
  0x000001d221599fa0 JavaThread "ApplicationImpl pooled thread 1"        [_thread_blocked, id=16348, stack(0x000000552c900000,0x000000552ca00000) (1024K)]
  0x000001d31487eef0 JavaThread "JNA Cleaner"                daemon [_thread_blocked, id=17064, stack(0x000000552ca00000,0x000000552cb00000) (1024K)]
  0x000001d314b7c490 JavaThread "pool-4-thread-1"                   [_thread_blocked, id=33504, stack(0x000000552cb00000,0x000000552cc00000) (1024K)]
  0x000001d314b819e0 JavaThread "Windows Shell integration"  daemon [_thread_blocked, id=31676, stack(0x000000552cc00000,0x000000552cd00000) (1024K)]
  0x000001d314b847d0 JavaThread "BackgroundScheduler"        daemon [_thread_blocked, id=34500, stack(0x000000552cd00000,0x000000552ce00000) (1024K)]
  0x000001d314b88970 JavaThread "copilot-language-server.exe"        [_thread_in_native, id=10500, stack(0x000000552ce00000,0x000000552cf00000) (1024K)]
  0x000001d31487ba70 JavaThread "ApplicationImpl pooled thread 2"        [_thread_blocked, id=33728, stack(0x000000552d100000,0x000000552d200000) (1024K)]
  0x000001d31816f990 JavaThread "fsnotifier.exe"                    [_thread_in_native, id=7768, stack(0x000000552d200000,0x000000552d300000) (1024K)]
  0x000001d31816cba0 JavaThread "BaseDataReader: output stream of copilot-language-server.exe"        [_thread_in_native, id=34368, stack(0x000000552d300000,0x000000552d400000) (1024K)]
  0x000001d3181741c0 JavaThread "BaseDataReader: error stream of copilot-language-server.exe"        [_thread_in_native, id=7020, stack(0x000000552d400000,0x000000552d500000) (1024K)]
  0x000001d318175c00 JavaThread "BaseDataReader: output stream of fsnotifier.exe"        [_thread_blocked, id=33092, stack(0x000000552d800000,0x000000552d900000) (1024K)]
  0x000001d318176290 JavaThread "BaseDataReader: error stream of fsnotifier.exe"        [_thread_in_native, id=19704, stack(0x000000552d900000,0x000000552da00000) (1024K)]
  0x000001d318176920 JavaThread "I/O pool 10"                       [_thread_blocked, id=19400, stack(0x000000552da00000,0x000000552db00000) (1024K)]
  0x000001d3181713d0 JavaThread "I/O pool 11"                       [_thread_blocked, id=34188, stack(0x000000552db00000,0x000000552dc00000) (1024K)]
  0x000001d318179080 JavaThread "Netty Builtin Server 1"     daemon [_thread_in_native, id=34176, stack(0x000000552dc00000,0x000000552dd00000) (1024K)]
  0x000001d32956d380 JavaThread "TimerQueue"                 daemon [_thread_blocked, id=27068, stack(0x000000552df00000,0x000000552e000000) (1024K)]
  0x000001d32956a590 JavaThread "DefaultDispatcher-worker-29" daemon [_thread_blocked, id=7856, stack(0x000000552e000000,0x000000552e100000) (1024K)]
  0x000001d32956bfd0 JavaThread "DefaultDispatcher-worker-32" daemon [_thread_blocked, id=31360, stack(0x000000552e100000,0x000000552e200000) (1024K)]
  0x000001d3295756c0 JavaThread "DefaultDispatcher-worker-31" daemon [_thread_blocked, id=30060, stack(0x000000552e200000,0x000000552e300000) (1024K)]
  0x000001d3295735f0 JavaThread "DefaultDispatcher-worker-33" daemon [_thread_blocked, id=31488, stack(0x000000552e300000,0x000000552e400000) (1024K)]
  0x000001d329573c80 JavaThread "DefaultDispatcher-worker-30" daemon [_thread_blocked, id=13908, stack(0x000000552e400000,0x000000552e500000) (1024K)]
  0x000001d329577790 JavaThread "HttpClient-1-SelectorManager" daemon [_thread_in_native, id=32100, stack(0x000000552e500000,0x000000552e600000) (1024K)]
  0x000001d329576a70 JavaThread "Jndi-Dns-address-change-listener" daemon [_thread_in_native, id=13096, stack(0x000000552e700000,0x000000552e800000) (1024K)]
  0x000001d32fbea7a0 JavaThread "JobScheduler FJ pool 1/15"  daemon [_thread_blocked, id=27228, stack(0x000000552e900000,0x000000552ea00000) (1024K)]
  0x000001d32fb5a8a0 JavaThread "ApplicationImpl pooled thread 3"        [_thread_blocked, id=21316, stack(0x000000552ed00000,0x000000552ee00000) (1024K)]
  0x000001d32fb41850 JavaThread "ApplicationImpl pooled thread 4"        [_thread_blocked, id=1384, stack(0x000000552ee00000,0x000000552ef00000) (1024K)]
  0x000001d344dd2d90 JavaThread "FileSystemWatchService"     daemon [_thread_in_native, id=34356, stack(0x000000552c500000,0x000000552c600000) (1024K)]
  0x000001d344de75b0 JavaThread "Keep-Alive-Timer"           daemon [_thread_blocked, id=33420, stack(0x000000552de00000,0x000000552df00000) (1024K)]
  0x000001d34d4101c0 JavaThread "DebouncedModuleNotificationService" daemon [_thread_blocked, id=31556, stack(0x000000552ea00000,0x000000552eb00000) (1024K)]
  0x000001d34d412290 JavaThread "process reaper (pid 27232)" daemon [_thread_in_native, id=30264, stack(0x0000005527560000,0x0000005527580000) (128K)]
  0x000001d34d40b990 JavaThread "GitHub Copilot agent"       daemon [_thread_blocked, id=27524, stack(0x000000552ef00000,0x000000552f000000) (1024K)]
  0x000001d34e5d68c0 JavaThread "WorkspaceModelUpdater"      daemon [_thread_blocked, id=19088, stack(0x000000552f200000,0x000000552f300000) (1024K)]
  0x000001d34e5dbe10 JavaThread "JetBrains.DPA.Protocol.Backend_Server/Sender" daemon [_thread_blocked, id=18476, stack(0x000000552f300000,0x000000552f400000) (1024K)]
  0x000001d34e5d6f50 JavaThread "JetBrains.DPA.Protocol.Backend_Server" daemon [_thread_in_native, id=31668, stack(0x000000552f400000,0x000000552f500000) (1024K)]
  0x000001d34e5d75e0 JavaThread "JetBrains.DPA.Protocol.Backend_Render_Server/Sender" daemon [_thread_blocked, id=33188, stack(0x000000552f500000,0x000000552f600000) (1024K)]
  0x000001d34e5db0f0 JavaThread "JetBrains.DPA.Protocol.Backend_Render_Server" daemon [_thread_in_native, id=34704, stack(0x000000552f600000,0x000000552f700000) (1024K)]
  0x000001d34e5daa60 JavaThread "DefaultDispatcher-worker-34" daemon [_thread_blocked, id=12212, stack(0x000000552f700000,0x000000552f800000) (1024K)]
  0x000001d34e5e6220 JavaThread "DefaultDispatcher-worker-35" daemon [_thread_blocked, id=34276, stack(0x000000552f800000,0x000000552f900000) (1024K)]
  0x000001d34e5e4e70 JavaThread "DefaultDispatcher-worker-36" daemon [_thread_blocked, id=34352, stack(0x000000552f900000,0x000000552fa00000) (1024K)]
  0x000001d34e5e7c60 JavaThread "DefaultDispatcher-worker-37" daemon [_thread_blocked, id=19380, stack(0x000000552fa00000,0x000000552fb00000) (1024K)]
  0x000001d34e5e82f0 JavaThread "DefaultDispatcher-worker-38" daemon [_thread_blocked, id=32340, stack(0x000000552fb00000,0x000000552fc00000) (1024K)]
  0x000001d34e5e8980 JavaThread "DefaultDispatcher-worker-39" daemon [_thread_blocked, id=27064, stack(0x000000552fc00000,0x000000552fd00000) (1024K)]
  0x000001d34e5e5b90 JavaThread "DefaultDispatcher-worker-40" daemon [_thread_blocked, id=12552, stack(0x000000552fd00000,0x000000552fe00000) (1024K)]
  0x000001d34e5e9010 JavaThread "DefaultDispatcher-worker-41" daemon [_thread_blocked, id=24728, stack(0x000000552fe00000,0x000000552ff00000) (1024K)]
  0x000001d34e5e2080 JavaThread "DefaultDispatcher-worker-42" daemon [_thread_blocked, id=21020, stack(0x000000552ff00000,0x0000005530000000) (1024K)]
  0x000001d34e5e96a0 JavaThread "DefaultDispatcher-worker-43" daemon [_thread_blocked, id=34196, stack(0x0000005530000000,0x0000005530100000) (1024K)]
  0x000001d34e5e2710 JavaThread "DefaultDispatcher-worker-44" daemon [_thread_blocked, id=32636, stack(0x0000005530100000,0x0000005530200000) (1024K)]
  0x000001d34e5e9d30 JavaThread "DefaultDispatcher-worker-45" daemon [_thread_blocked, id=34728, stack(0x0000005530200000,0x0000005530300000) (1024K)]
  0x000001d34e5ea3c0 JavaThread "DefaultDispatcher-worker-46" daemon [_thread_blocked, id=23184, stack(0x0000005530300000,0x0000005530400000) (1024K)]
  0x000001d34e5e5500 JavaThread "DefaultDispatcher-worker-47" daemon [_thread_blocked, id=33344, stack(0x0000005530400000,0x0000005530500000) (1024K)]
  0x000001d34e5e3430 JavaThread "DefaultDispatcher-worker-48" daemon [_thread_blocked, id=30176, stack(0x0000005530500000,0x0000005530600000) (1024K)]
  0x000001d34e5eaa50 JavaThread "DefaultDispatcher-worker-49" daemon [_thread_blocked, id=33860, stack(0x0000005530600000,0x0000005530700000) (1024K)]
  0x000001d34e5e3ac0 JavaThread "DefaultDispatcher-worker-50" daemon [_thread_blocked, id=34464, stack(0x0000005530700000,0x0000005530800000) (1024K)]
  0x000001d34e5eb0e0 JavaThread "DefaultDispatcher-worker-51" daemon [_thread_blocked, id=31992, stack(0x0000005530800000,0x0000005530900000) (1024K)]
  0x000001d34e5e4150 JavaThread "DefaultDispatcher-worker-52" daemon [_thread_blocked, id=21832, stack(0x0000005530900000,0x0000005530a00000) (1024K)]
  0x000001d34e5eb770 JavaThread "DefaultDispatcher-worker-53" daemon [_thread_blocked, id=34288, stack(0x0000005530a00000,0x0000005530b00000) (1024K)]
  0x000001d34e5e47e0 JavaThread "DefaultDispatcher-worker-54" daemon [_thread_blocked, id=34436, stack(0x0000005530b00000,0x0000005530c00000) (1024K)]
  0x000001d34e5ecb20 JavaThread "DefaultDispatcher-worker-55" daemon [_thread_blocked, id=24872, stack(0x0000005530c00000,0x0000005530d00000) (1024K)]
  0x000001d34e5ec490 JavaThread "DefaultDispatcher-worker-56" daemon [_thread_blocked, id=32152, stack(0x0000005530d00000,0x0000005530e00000) (1024K)]
  0x000001d34e5ebe00 JavaThread "DefaultDispatcher-worker-57" daemon [_thread_blocked, id=11356, stack(0x0000005530e00000,0x0000005530f00000) (1024K)]
  0x000001d34e5ed840 JavaThread "DefaultDispatcher-worker-58" daemon [_thread_blocked, id=19696, stack(0x0000005530f00000,0x0000005531000000) (1024K)]
  0x000001d34e5ed1b0 JavaThread "DefaultDispatcher-worker-59" daemon [_thread_blocked, id=28132, stack(0x0000005531000000,0x0000005531100000) (1024K)]
  0x000001d34e5eded0 JavaThread "DefaultDispatcher-worker-60" daemon [_thread_blocked, id=33696, stack(0x0000005531100000,0x0000005531200000) (1024K)]
  0x000001d34e5f2700 JavaThread "DefaultDispatcher-worker-61" daemon [_thread_blocked, id=29952, stack(0x0000005531200000,0x0000005531300000) (1024K)]
  0x000001d34e5f0630 JavaThread "DefaultDispatcher-worker-62" daemon [_thread_blocked, id=32956, stack(0x0000005531300000,0x0000005531400000) (1024K)]
  0x000001d34e5f0cc0 JavaThread "DefaultDispatcher-worker-63" daemon [_thread_blocked, id=30872, stack(0x0000005531400000,0x0000005531500000) (1024K)]
  0x000001d34e5ee560 JavaThread "DefaultDispatcher-worker-64" daemon [_thread_blocked, id=23032, stack(0x0000005531500000,0x0000005531600000) (1024K)]
  0x000001d34e5f2d90 JavaThread "DefaultDispatcher-worker-65" daemon [_thread_blocked, id=22224, stack(0x0000005531600000,0x0000005531700000) (1024K)]
  0x000001d34e5eebf0 JavaThread "DefaultDispatcher-worker-66" daemon [_thread_blocked, id=30032, stack(0x0000005531700000,0x0000005531800000) (1024K)]
  0x000001d34e5f1350 JavaThread "DefaultDispatcher-worker-67" daemon [_thread_blocked, id=30096, stack(0x0000005531800000,0x0000005531900000) (1024K)]
  0x000001d34e5effa0 JavaThread "DefaultDispatcher-worker-68" daemon [_thread_blocked, id=29236, stack(0x0000005531900000,0x0000005531a00000) (1024K)]
  0x000001d34e5f2070 JavaThread "DefaultDispatcher-worker-69" daemon [_thread_blocked, id=26500, stack(0x0000005531a00000,0x0000005531b00000) (1024K)]
  0x000001d34e5ef280 JavaThread "DefaultDispatcher-worker-70" daemon [_thread_blocked, id=22376, stack(0x0000005531b00000,0x0000005531c00000) (1024K)]
  0x000001d34e5ef910 JavaThread "DefaultDispatcher-worker-71" daemon [_thread_blocked, id=10872, stack(0x0000005531c00000,0x0000005531d00000) (1024K)]
  0x000001d34e5f19e0 JavaThread "DefaultDispatcher-worker-72" daemon [_thread_blocked, id=32080, stack(0x0000005531d00000,0x0000005531e00000) (1024K)]
  0x000001d34d40cd40 JavaThread "DefaultDispatcher-worker-73" daemon [_thread_blocked, id=34016, stack(0x0000005531e00000,0x0000005531f00000) (1024K)]
  0x000001d34d40d3d0 JavaThread "DefaultDispatcher-worker-74" daemon [_thread_blocked, id=11152, stack(0x0000005531f00000,0x0000005532000000) (1024K)]
  0x000001d34d416ac0 JavaThread "DefaultDispatcher-worker-75" daemon [_thread_blocked, id=3604, stack(0x0000005532000000,0x0000005532100000) (1024K)]
  0x000001d34d41a5d0 JavaThread "DefaultDispatcher-worker-76" daemon [_thread_blocked, id=28628, stack(0x0000005532100000,0x0000005532200000) (1024K)]
  0x000001d34d419f40 JavaThread "DefaultDispatcher-worker-77" daemon [_thread_blocked, id=26912, stack(0x0000005532200000,0x0000005532300000) (1024K)]
  0x000001d34d41ac60 JavaThread "DefaultDispatcher-worker-78" daemon [_thread_blocked, id=31164, stack(0x0000005532300000,0x0000005532400000) (1024K)]
  0x000001d34d4198b0 JavaThread "DefaultDispatcher-worker-79" daemon [_thread_blocked, id=32568, stack(0x0000005532400000,0x0000005532500000) (1024K)]
  0x000001d34d417150 JavaThread "DefaultDispatcher-worker-80" daemon [_thread_blocked, id=5280, stack(0x0000005532500000,0x0000005532600000) (1024K)]
  0x000001d34fca9440 JavaThread "DefaultDispatcher-worker-81" daemon [_thread_blocked, id=34324, stack(0x0000005532600000,0x0000005532700000) (1024K)]
  0x000001d34fca6ce0 JavaThread "DefaultDispatcher-worker-82" daemon [_thread_blocked, id=22204, stack(0x0000005532700000,0x0000005532800000) (1024K)]
  0x000001d34fcb24a0 JavaThread "DefaultDispatcher-worker-83" daemon [_thread_blocked, id=22244, stack(0x0000005532800000,0x0000005532900000) (1024K)]
  0x000001d34fcb3850 JavaThread "DefaultDispatcher-worker-84" daemon [_thread_blocked, id=30996, stack(0x0000005532900000,0x0000005532a00000) (1024K)]
  0x000001d34fcb03d0 JavaThread "DefaultDispatcher-worker-85" daemon [_thread_blocked, id=16980, stack(0x0000005532a00000,0x0000005532b00000) (1024K)]
  0x000001d34fca2b40 JavaThread "I/O pool 12"                       [_thread_blocked, id=31968, stack(0x0000005532b00000,0x0000005532c00000) (1024K)]
  0x000001d34fca03e0 JavaThread "I/O pool 13"                       [_thread_blocked, id=33508, stack(0x0000005532c00000,0x0000005532d00000) (1024K)]
  0x000001d34fc9e310 JavaThread "I/O pool 14"                       [_thread_blocked, id=17112, stack(0x0000005532d00000,0x0000005532e00000) (1024K)]
  0x000001d34fca24b0 JavaThread "I/O pool 15"                       [_thread_blocked, id=34680, stack(0x0000005532e00000,0x0000005532f00000) (1024K)]
  0x000001d34fca0a70 JavaThread "I/O pool 24"                       [_thread_blocked, id=17260, stack(0x0000005532f00000,0x0000005533000000) (1024K)]
  0x000001d34fc9dc80 JavaThread "I/O pool 16"                       [_thread_blocked, id=34820, stack(0x0000005533000000,0x0000005533100000) (1024K)]
  0x000001d34fc9d5f0 JavaThread "I/O pool 17"                       [_thread_blocked, id=34824, stack(0x0000005533100000,0x0000005533200000) (1024K)]
  0x000001d34fca31d0 JavaThread "I/O pool 18"                       [_thread_blocked, id=34828, stack(0x0000005533200000,0x0000005533300000) (1024K)]
  0x000001d34fc9f6c0 JavaThread "I/O pool 19"                       [_thread_blocked, id=34832, stack(0x0000005533300000,0x0000005533400000) (1024K)]
  0x000001d34fc9e9a0 JavaThread "I/O pool 20"                       [_thread_blocked, id=34836, stack(0x0000005533400000,0x0000005533500000) (1024K)]
  0x000001d34fca1e20 JavaThread "I/O pool 21"                       [_thread_blocked, id=34840, stack(0x0000005533500000,0x0000005533600000) (1024K)]
  0x000001d34fc9c240 JavaThread "I/O pool 22"                       [_thread_blocked, id=34844, stack(0x0000005533600000,0x0000005533700000) (1024K)]
  0x000001d34fc9cf60 JavaThread "I/O pool 23"                       [_thread_blocked, id=34848, stack(0x0000005533700000,0x0000005533800000) (1024K)]
  0x000001d34fcaf020 JavaThread "RenderDocClient::4085124904848048610/Sender" daemon [_thread_blocked, id=34968, stack(0x0000005533800000,0x0000005533900000) (1024K)]
  0x000001d34fcafd40 JavaThread "RenderDocClient::4085124904848048610" daemon [_thread_in_native, id=34972, stack(0x0000005533900000,0x0000005533a00000) (1024K)]
  0x000001d34fcb10f0 JavaThread "RenderDocPanel"             daemon [_thread_blocked, id=34980, stack(0x0000005533a00000,0x0000005533b00000) (1024K)]
  0x000001d34fcab510 JavaThread "pool-10-thread-1"                  [_thread_blocked, id=34988, stack(0x0000005533b00000,0x0000005533c00000) (1024K)]
  0x000001d34d41e770 JavaThread "ApplicationImpl pooled thread 5"        [_thread_blocked, id=35188, stack(0x0000005533c00000,0x0000005533d00000) (1024K)]
  0x000001d35740efd0 JavaThread "JVMResponsivenessMonitor"   daemon [_thread_blocked, id=35212, stack(0x0000005533d00000,0x0000005533e00000) (1024K)]
  0x000001d357411dc0 JavaThread "Netty Station Client 1-1"   daemon [_thread_blocked, id=35216, stack(0x0000005533e00000,0x0000005533f00000) (1024K)]
  0x000001d357416c80 JavaThread "ApplicationImpl pooled thread 6"        [_thread_blocked, id=35220, stack(0x0000005533f00000,0x0000005534000000) (1024K)]
  0x000001d3574193e0 JavaThread "ApplicationImpl pooled thread 7"        [_thread_blocked, id=35228, stack(0x0000005534000000,0x0000005534100000) (1024K)]
  0x000001d35741a790 JavaThread "ApplicationImpl pooled thread 8"        [_thread_blocked, id=35264, stack(0x0000005534100000,0x0000005534200000) (1024K)]
  0x000001d35741e930 JavaThread "Netty Station Server 1-1"   daemon [_thread_in_native, id=35268, stack(0x0000005534200000,0x0000005534300000) (1024K)]
  0x000001d35741d580 JavaThread "Netty Station Client 1-2"   daemon [_thread_blocked, id=35272, stack(0x0000005534300000,0x0000005534400000) (1024K)]
  0x000001d357425f50 JavaThread "ApplicationImpl pooled thread 9"        [_thread_blocked, id=35284, stack(0x0000005534400000,0x0000005534500000) (1024K)]
  0x000001d3574372f0 JavaThread "FileSystemWatchService"     daemon [_thread_in_native, id=35420, stack(0x0000005534500000,0x0000005534600000) (1024K)]
  0x000001d357437980 JavaThread "FileSystemWatchService"     daemon [_thread_in_native, id=35428, stack(0x0000005534600000,0x0000005534700000) (1024K)]
  0x000001d35d3021f0 JavaThread "ApplicationImpl pooled thread 10"        [_thread_blocked, id=35828, stack(0x0000005534700000,0x0000005534800000) (1024K)]
  0x000001d35d2f42d0 JavaThread "JobScheduler FJ pool 2/15"  daemon [_thread_blocked, id=24216, stack(0x000000552f000000,0x000000552f100000) (1024K)]
  0x000001d35d2f4960 JavaThread "JobScheduler FJ pool 3/15"  daemon [_thread_blocked, id=18052, stack(0x000000552f100000,0x000000552f200000) (1024K)]
  0x000001d35d2f7de0 JavaThread "JobScheduler FJ pool 4/15"  daemon [_thread_blocked, id=30616, stack(0x0000005534800000,0x0000005534900000) (1024K)]
  0x000001d35d2f8470 JavaThread "JobScheduler FJ pool 5/15"  daemon [_thread_blocked, id=26132, stack(0x0000005534900000,0x0000005534a00000) (1024K)]
  0x000001d357438010 JavaThread "JobScheduler FJ pool 7/15"  daemon [_thread_blocked, id=7480, stack(0x0000005534b00000,0x0000005534c00000) (1024K)]
  0x000001d357431710 JavaThread "JobScheduler FJ pool 8/15"  daemon [_thread_blocked, id=30184, stack(0x0000005534c00000,0x0000005534d00000) (1024K)]
  0x000001d357434b90 JavaThread "JobScheduler FJ pool 9/15"  daemon [_thread_blocked, id=20444, stack(0x0000005534d00000,0x0000005534e00000) (1024K)]
  0x000001d357438d30 JavaThread "JobScheduler FJ pool 10/15" daemon [_thread_blocked, id=9176, stack(0x0000005534e00000,0x0000005534f00000) (1024K)]
  0x000001d357433150 JavaThread "JobScheduler FJ pool 11/15" daemon [_thread_blocked, id=22104, stack(0x0000005534f00000,0x0000005535000000) (1024K)]
  0x000001d357431da0 JavaThread "JobScheduler FJ pool 12/15" daemon [_thread_blocked, id=30420, stack(0x0000005535000000,0x0000005535100000) (1024K)]
  0x000001d357435220 JavaThread "JobScheduler FJ pool 13/15" daemon [_thread_blocked, id=30156, stack(0x0000005535100000,0x0000005535200000) (1024K)]
  0x000001d3574365d0 JavaThread "threadJobProcessorPoolSpawner" daemon [_thread_blocked, id=17092, stack(0x0000005535200000,0x0000005535300000) (1024K)]
  0x000001d357439a50 JavaThread "Exodus shared timer thread" daemon [_thread_blocked, id=7640, stack(0x0000005535300000,0x0000005535400000) (1024K)]
  0x000001d35d310110 JavaThread "Exodus shared deferred I/O job processor" daemon [_thread_blocked, id=31540, stack(0x0000005535400000,0x0000005535500000) (1024K)]
  0x000001d35d310e30 JavaThread "Exodus shared background cleaner" daemon [_thread_blocked, id=32244, stack(0x0000005535500000,0x0000005535600000) (1024K)]
  0x000001d35d302880 JavaThread "Exodus shared stuck transaction monitor" daemon [_thread_blocked, id=23652, stack(0x0000005535600000,0x0000005535700000) (1024K)]
  0x000001d35d305d00 JavaThread "EntityStoreSharedAsyncProcessor0" daemon [_thread_blocked, id=31064, stack(0x0000005535700000,0x0000005535800000) (1024K)]
  0x000001d35d309ea0 JavaThread "EntityStoreSharedAsyncProcessor1" daemon [_thread_blocked, id=24804, stack(0x0000005535800000,0x0000005535900000) (1024K)]
  0x000001d35d309180 JavaThread "EntityStoreSharedAsyncProcessor2" daemon [_thread_blocked, id=28708, stack(0x0000005535900000,0x0000005535a00000) (1024K)]
  0x000001d35d306390 JavaThread "EntityStoreSharedAsyncProcessor3" daemon [_thread_blocked, id=30396, stack(0x0000005535a00000,0x0000005535b00000) (1024K)]
  0x000001d35d311b50 JavaThread "MVStore background writer C:/Users/Muju/AppData/Local/github-copilot/rd/chat-sessions/35ZK7PkVONx8ALVXsoz06ZdWxRN/copilot-chat-nitrite.db" daemon [_thread_blocked, id=10224, stack(0x0000005535b00000,0x0000005535c00000) (1024K)]
  0x000001d35d317730 JavaThread "MVStore background writer C:/Users/Muju/AppData/Local/github-copilot/rd/chat-edit-sessions/35ZK7PkVONx8ALVXsoz06ZdWxRN/copilot-edit-sessions-nitrite.db" daemon [_thread_blocked, id=12956, stack(0x0000005535c00000,0x0000005535d00000) (1024K)]
  0x000001d35d31c5f0 JavaThread "MVStore background writer C:/Users/Muju/AppData/Local/github-copilot/rd/chat-agent-sessions/35ZK7PkVONx8ALVXsoz06ZdWxRN/copilot-agent-sessions-nitrite.db" daemon [_thread_blocked, id=33400, stack(0x0000005535d00000,0x0000005535e00000) (1024K)]
  0x000001d35d2e42e0 JavaThread "H2-serialization"           daemon [_thread_blocked, id=12808, stack(0x0000005535e00000,0x0000005535f00000) (1024K)]
  0x000001d35d2e0140 JavaThread "H2-save"                    daemon [_thread_blocked, id=28444, stack(0x0000005535f00000,0x0000005536000000) (1024K)]
  0x000001d34d420840 JavaThread "H2-serialization"           daemon [_thread_blocked, id=12844, stack(0x0000005536000000,0x0000005536100000) (1024K)]
  0x000001d363527750 JavaThread "H2-save"                    daemon [_thread_blocked, id=23948, stack(0x0000005536100000,0x0000005536200000) (1024K)]
  0x000001d363527de0 JavaThread "H2-serialization"           daemon [_thread_blocked, id=28676, stack(0x0000005536200000,0x0000005536300000) (1024K)]
  0x000001d363524960 JavaThread "H2-save"                    daemon [_thread_blocked, id=26780, stack(0x0000005536300000,0x0000005536400000) (1024K)]
  0x000001d363524ff0 JavaThread "Aux Index Writer #1"        daemon [_thread_blocked, id=28300, stack(0x0000005534a00000,0x0000005534b00000) (1024K)]
  0x000001d363521b70 JavaThread "Trigram.Index Writer #1"    daemon [_thread_blocked, id=18084, stack(0x0000005536400000,0x0000005536500000) (1024K)]
  0x000001d3635263a0 JavaThread "IdIndex Writer #0"          daemon [_thread_blocked, id=30384, stack(0x0000005536500000,0x0000005536600000) (1024K)]
  0x000001d363520e50 JavaThread "Stubs Writer #2"            daemon [_thread_blocked, id=13836, stack(0x0000005536600000,0x0000005536700000) (1024K)]
  0x000001d35d30b250 JavaThread "ApplicationImpl pooled thread 11"        [_thread_blocked, id=28380, stack(0x000000552e800000,0x000000552e900000) (1024K)]
  0x000001d35744adf0 JavaThread "I/O pool 25"                       [_thread_blocked, id=6892, stack(0x000000552dd00000,0x000000552de00000) (1024K)]
Total: 207

Other Threads:
  0x000001d252a6fa70 VMThread "VM Thread"                           [id=10636, stack(0x0000005528300000,0x0000005528400000) (1024K)] _threads_hazard_ptr=0x000001d351265d30
  0x000001d252a5f7e0 WatcherThread "VM Periodic Task Thread"        [id=11548, stack(0x0000005528200000,0x0000005528300000) (1024K)]
  0x000001d2290bc510 WorkerThread "GC Thread#0"                     [id=24132, stack(0x0000005527d00000,0x0000005527e00000) (1024K)]
  0x000001d2c3b8cc90 WorkerThread "GC Thread#1"                     [id=28092, stack(0x0000005528e00000,0x0000005528f00000) (1024K)]
  0x000001d2c3b8d030 WorkerThread "GC Thread#2"                     [id=18948, stack(0x0000005528f00000,0x0000005529000000) (1024K)]
  0x000001d2c3cc5b20 WorkerThread "GC Thread#3"                     [id=19608, stack(0x0000005529000000,0x0000005529100000) (1024K)]
  0x000001d2c4267a30 WorkerThread "GC Thread#4"                     [id=33888, stack(0x0000005529100000,0x0000005529200000) (1024K)]
  0x000001d2c44708a0 WorkerThread "GC Thread#5"                     [id=34228, stack(0x0000005529200000,0x0000005529300000) (1024K)]
  0x000001d2c4471450 WorkerThread "GC Thread#6"                     [id=34236, stack(0x0000005529300000,0x0000005529400000) (1024K)]
  0x000001d2c6741d30 WorkerThread "GC Thread#7"                     [id=24068, stack(0x000000552ab00000,0x000000552ac00000) (1024K)]
  0x000001d2c6744ff0 WorkerThread "GC Thread#8"                     [id=13824, stack(0x000000552ac00000,0x000000552ad00000) (1024K)]
  0x000001d2c6743a30 WorkerThread "GC Thread#9"                     [id=11736, stack(0x000000552ad00000,0x000000552ae00000) (1024K)]
  0x000001d2c6745390 WorkerThread "GC Thread#10"                    [id=31736, stack(0x000000552ae00000,0x000000552af00000) (1024K)]
  0x000001d2c6743dd0 WorkerThread "GC Thread#11"                    [id=15244, stack(0x000000552af00000,0x000000552b000000) (1024K)]
  0x000001d2c6744170 WorkerThread "GC Thread#12"                    [id=31484, stack(0x000000552b000000,0x000000552b100000) (1024K)]
  0x000001d2290cf0a0 ConcurrentGCThread "G1 Main Marker"            [id=33540, stack(0x0000005527e00000,0x0000005527f00000) (1024K)]
  0x000001d2290cfba0 WorkerThread "G1 Conc#0"                       [id=34620, stack(0x0000005527f00000,0x0000005528000000) (1024K)]
  0x000001d2c6742bb0 WorkerThread "G1 Conc#1"                       [id=29240, stack(0x000000552b100000,0x000000552b200000) (1024K)]
  0x000001d2c6744510 WorkerThread "G1 Conc#2"                       [id=16528, stack(0x000000552b200000,0x000000552b300000) (1024K)]
  0x000001d252922090 ConcurrentGCThread "G1 Refine#0"               [id=34612, stack(0x0000005528000000,0x0000005528100000) (1024K)]
  0x000001d252922b10 ConcurrentGCThread "G1 Service"                [id=24012, stack(0x0000005528100000,0x0000005528200000) (1024K)]
Total: 21

Threads with active compile tasks:
Total: 0

VM state: synchronizing (normal execution)

VM Mutex/Monitor currently owned by a thread:  ([mutex/lock_event])
[0x00007ffc314c5ad8] Metaspace_lock - owner thread: 0x000001d2c8bbf2f0
[0x00007ffc314c7c58] Threads_lock - owner thread: 0x000001d252a6fa70
[0x00007ffc314c7d58] Heap_lock - owner thread: 0x000001d2290cf0a0

Heap address: 0x0000000080000000, size: 2048 MB, Compressed Oops mode: 32-bit

CDS archive(s) mapped at: [0x000001d254000000-0x000001d255c00000-0x000001d255c00000), size 29360128, SharedBaseAddress: 0x000001d254000000, ArchiveRelocationMode: 1.
Compressed class space mapped at: 0x000001d256000000-0x000001d296000000, reserved size: 1073741824
Narrow klass base: 0x000001d254000000, Narrow klass shift: 0, Narrow klass range: 0x100000000

GC Precious Log:
 CardTable entry size: 512
 Card Set container configuration: InlinePtr #cards 5 size 8 Array Of Cards #cards 12 size 40 Howl #buckets 4 coarsen threshold 1843 Howl Bitmap #cards 512 size 80 coarsen threshold 460 Card regions per heap region 1 cards per card region 2048
 CPUs: 16 total, 16 available
 Memory: 16151M
 Large Page Support: Disabled
 NUMA Support: Disabled
 Compressed Oops: Enabled (32-bit)
 Heap Region Size: 1M
 Heap Min Capacity: 128M
 Heap Initial Capacity: 128M
 Heap Max Capacity: 2G
 Pre-touch: Disabled
 Parallel Workers: 13
 Concurrent Workers: 3
 Concurrent Refinement Workers: 13
 Periodic GC: Disabled

Heap:
 garbage-first heap   total 1074176K, used 660700K [0x0000000080000000, 0x0000000100000000)
  region size 1024K, 177 young (181248K), 31 survivors (31744K)
 Metaspace       used 360742K, committed 366464K, reserved 1376256K
  class space    used 46052K, committed 48448K, reserved 1048576K

Heap Regions: E=young(eden), S=young(survivor), O=old, HS=humongous(starts), HC=humongous(continues), CS=collection set, F=free, TAMS=top-at-mark-start, PB=parsable bottom
|   0|0x0000000080000000, 0x0000000080100000, 0x0000000080100000|100%|HS|  |TAMS 0x0000000080100000| PB 0x0000000080000000| Complete 
|   1|0x0000000080100000, 0x0000000080200000, 0x0000000080200000|100%|HS|  |TAMS 0x0000000080200000| PB 0x0000000080100000| Complete 
|   2|0x0000000080200000, 0x0000000080300000, 0x0000000080300000|100%| O|  |TAMS 0x0000000080300000| PB 0x0000000080200000| Untracked 
|   3|0x0000000080300000, 0x0000000080400000, 0x0000000080400000|100%|HS|  |TAMS 0x0000000080400000| PB 0x0000000080300000| Complete 
|   4|0x0000000080400000, 0x0000000080500000, 0x0000000080500000|100%|HC|  |TAMS 0x0000000080500000| PB 0x0000000080400000| Complete 
|   5|0x0000000080500000, 0x0000000080600000, 0x0000000080600000|100%|HS|  |TAMS 0x0000000080600000| PB 0x0000000080500000| Complete 
|   6|0x0000000080600000, 0x0000000080700000, 0x0000000080700000|100%|HC|  |TAMS 0x0000000080700000| PB 0x0000000080600000| Complete 
|   7|0x0000000080700000, 0x0000000080800000, 0x0000000080800000|100%|HS|  |TAMS 0x0000000080800000| PB 0x0000000080700000| Complete 
|   8|0x0000000080800000, 0x0000000080900000, 0x0000000080900000|100%|HS|  |TAMS 0x0000000080900000| PB 0x0000000080800000| Complete 
|   9|0x0000000080900000, 0x0000000080a00000, 0x0000000080a00000|100%| O|  |TAMS 0x0000000080a00000| PB 0x0000000080900000| Untracked 
|  10|0x0000000080a00000, 0x0000000080b00000, 0x0000000080b00000|100%| O|  |TAMS 0x0000000080b00000| PB 0x0000000080a00000| Untracked 
|  11|0x0000000080b00000, 0x0000000080c00000, 0x0000000080c00000|100%| O|  |TAMS 0x0000000080c00000| PB 0x0000000080b00000| Untracked 
|  12|0x0000000080c00000, 0x0000000080d00000, 0x0000000080d00000|100%| O|  |TAMS 0x0000000080d00000| PB 0x0000000080c00000| Untracked 
|  13|0x0000000080d00000, 0x0000000080e00000, 0x0000000080e00000|100%| O|  |TAMS 0x0000000080e00000| PB 0x0000000080d00000| Untracked 
|  14|0x0000000080e00000, 0x0000000080f00000, 0x0000000080f00000|100%| O|  |TAMS 0x0000000080f00000| PB 0x0000000080e00000| Untracked 
|  15|0x0000000080f00000, 0x0000000081000000, 0x0000000081000000|100%| O|  |TAMS 0x0000000081000000| PB 0x0000000080f00000| Untracked 
|  16|0x0000000081000000, 0x0000000081100000, 0x0000000081100000|100%| O|  |TAMS 0x0000000081100000| PB 0x0000000081000000| Untracked 
|  17|0x0000000081100000, 0x0000000081200000, 0x0000000081200000|100%| O|  |TAMS 0x0000000081200000| PB 0x0000000081100000| Untracked 
|  18|0x0000000081200000, 0x0000000081300000, 0x0000000081300000|100%|HS|  |TAMS 0x0000000081300000| PB 0x0000000081200000| Complete 
|  19|0x0000000081300000, 0x0000000081400000, 0x0000000081400000|100%| O|  |TAMS 0x0000000081400000| PB 0x0000000081300000| Untracked 
|  20|0x0000000081400000, 0x0000000081500000, 0x0000000081500000|100%| O|  |TAMS 0x0000000081500000| PB 0x0000000081400000| Untracked 
|  21|0x0000000081500000, 0x0000000081600000, 0x0000000081600000|100%| O|  |TAMS 0x0000000081600000| PB 0x0000000081500000| Untracked 
|  22|0x0000000081600000, 0x0000000081700000, 0x0000000081700000|100%| O|  |TAMS 0x0000000081700000| PB 0x0000000081600000| Untracked 
|  23|0x0000000081700000, 0x0000000081800000, 0x0000000081800000|100%| O|  |TAMS 0x0000000081800000| PB 0x0000000081700000| Untracked 
|  24|0x0000000081800000, 0x0000000081900000, 0x0000000081900000|100%| O|  |TAMS 0x0000000081900000| PB 0x0000000081800000| Untracked 
|  25|0x0000000081900000, 0x0000000081a00000, 0x0000000081a00000|100%| O|  |TAMS 0x0000000081a00000| PB 0x0000000081900000| Untracked 
|  26|0x0000000081a00000, 0x0000000081b00000, 0x0000000081b00000|100%| O|  |TAMS 0x0000000081b00000| PB 0x0000000081a00000| Untracked 
|  27|0x0000000081b00000, 0x0000000081c00000, 0x0000000081c00000|100%| O|  |TAMS 0x0000000081c00000| PB 0x0000000081b00000| Untracked 
|  28|0x0000000081c00000, 0x0000000081d00000, 0x0000000081d00000|100%| O|  |TAMS 0x0000000081d00000| PB 0x0000000081c00000| Untracked 
|  29|0x0000000081d00000, 0x0000000081e00000, 0x0000000081e00000|100%| O|  |TAMS 0x0000000081e00000| PB 0x0000000081d00000| Untracked 
|  30|0x0000000081e00000, 0x0000000081f00000, 0x0000000081f00000|100%| O|  |TAMS 0x0000000081f00000| PB 0x0000000081e00000| Untracked 
|  31|0x0000000081f00000, 0x0000000082000000, 0x0000000082000000|100%| O|  |TAMS 0x0000000082000000| PB 0x0000000081f00000| Untracked 
|  32|0x0000000082000000, 0x0000000082100000, 0x0000000082100000|100%| O|  |TAMS 0x0000000082100000| PB 0x0000000082000000| Untracked 
|  33|0x0000000082100000, 0x0000000082200000, 0x0000000082200000|100%| O|  |TAMS 0x0000000082200000| PB 0x0000000082100000| Untracked 
|  34|0x0000000082200000, 0x0000000082300000, 0x0000000082300000|100%| O|  |TAMS 0x0000000082300000| PB 0x0000000082200000| Untracked 
|  35|0x0000000082300000, 0x0000000082400000, 0x0000000082400000|100%| O|  |TAMS 0x0000000082400000| PB 0x0000000082300000| Untracked 
|  36|0x0000000082400000, 0x0000000082500000, 0x0000000082500000|100%| O|  |TAMS 0x0000000082500000| PB 0x0000000082400000| Untracked 
|  37|0x0000000082500000, 0x0000000082600000, 0x0000000082600000|100%| O|  |TAMS 0x0000000082600000| PB 0x0000000082500000| Untracked 
|  38|0x0000000082600000, 0x0000000082700000, 0x0000000082700000|100%| O|  |TAMS 0x0000000082700000| PB 0x0000000082600000| Untracked 
|  39|0x0000000082700000, 0x0000000082800000, 0x0000000082800000|100%| O|  |TAMS 0x0000000082800000| PB 0x0000000082700000| Untracked 
|  40|0x0000000082800000, 0x0000000082900000, 0x0000000082900000|100%| O|  |TAMS 0x0000000082900000| PB 0x0000000082800000| Untracked 
|  41|0x0000000082900000, 0x0000000082a00000, 0x0000000082a00000|100%| O|  |TAMS 0x0000000082a00000| PB 0x0000000082900000| Untracked 
|  42|0x0000000082a00000, 0x0000000082b00000, 0x0000000082b00000|100%| O|  |TAMS 0x0000000082b00000| PB 0x0000000082a00000| Untracked 
|  43|0x0000000082b00000, 0x0000000082c00000, 0x0000000082c00000|100%| O|  |TAMS 0x0000000082c00000| PB 0x0000000082b00000| Untracked 
|  44|0x0000000082c00000, 0x0000000082d00000, 0x0000000082d00000|100%| O|  |TAMS 0x0000000082d00000| PB 0x0000000082c00000| Untracked 
|  45|0x0000000082d00000, 0x0000000082e00000, 0x0000000082e00000|100%| O|  |TAMS 0x0000000082e00000| PB 0x0000000082d00000| Untracked 
|  46|0x0000000082e00000, 0x0000000082f00000, 0x0000000082f00000|100%| O|  |TAMS 0x0000000082f00000| PB 0x0000000082e00000| Untracked 
|  47|0x0000000082f00000, 0x0000000083000000, 0x0000000083000000|100%| O|  |TAMS 0x0000000083000000| PB 0x0000000082f00000| Untracked 
|  48|0x0000000083000000, 0x0000000083100000, 0x0000000083100000|100%| O|  |TAMS 0x0000000083100000| PB 0x0000000083000000| Untracked 
|  49|0x0000000083100000, 0x0000000083200000, 0x0000000083200000|100%| O|  |TAMS 0x0000000083200000| PB 0x0000000083100000| Untracked 
|  50|0x0000000083200000, 0x0000000083300000, 0x0000000083300000|100%| O|  |TAMS 0x0000000083300000| PB 0x0000000083200000| Untracked 
|  51|0x0000000083300000, 0x0000000083400000, 0x0000000083400000|100%| O|  |TAMS 0x0000000083400000| PB 0x0000000083300000| Untracked 
|  52|0x0000000083400000, 0x0000000083500000, 0x0000000083500000|100%| O|  |TAMS 0x0000000083500000| PB 0x0000000083400000| Untracked 
|  53|0x0000000083500000, 0x0000000083600000, 0x0000000083600000|100%| O|  |TAMS 0x0000000083600000| PB 0x0000000083500000| Untracked 
|  54|0x0000000083600000, 0x0000000083700000, 0x0000000083700000|100%| O|  |TAMS 0x0000000083700000| PB 0x0000000083600000| Untracked 
|  55|0x0000000083700000, 0x0000000083800000, 0x0000000083800000|100%| O|  |TAMS 0x0000000083800000| PB 0x0000000083700000| Untracked 
|  56|0x0000000083800000, 0x0000000083900000, 0x0000000083900000|100%| O|  |TAMS 0x0000000083900000| PB 0x0000000083800000| Untracked 
|  57|0x0000000083900000, 0x0000000083a00000, 0x0000000083a00000|100%| O|  |TAMS 0x0000000083a00000| PB 0x0000000083900000| Untracked 
|  58|0x0000000083a00000, 0x0000000083b00000, 0x0000000083b00000|100%| O|  |TAMS 0x0000000083b00000| PB 0x0000000083a00000| Untracked 
|  59|0x0000000083b00000, 0x0000000083c00000, 0x0000000083c00000|100%| O|  |TAMS 0x0000000083c00000| PB 0x0000000083b00000| Untracked 
|  60|0x0000000083c00000, 0x0000000083d00000, 0x0000000083d00000|100%|HS|  |TAMS 0x0000000083d00000| PB 0x0000000083c00000| Complete 
|  61|0x0000000083d00000, 0x0000000083e00000, 0x0000000083e00000|100%|HC|  |TAMS 0x0000000083e00000| PB 0x0000000083d00000| Complete 
|  62|0x0000000083e00000, 0x0000000083f00000, 0x0000000083f00000|100%| O|  |TAMS 0x0000000083f00000| PB 0x0000000083e00000| Untracked 
|  63|0x0000000083f00000, 0x0000000084000000, 0x0000000084000000|100%| O|  |TAMS 0x0000000084000000| PB 0x0000000083f00000| Untracked 
|  64|0x0000000084000000, 0x0000000084100000, 0x0000000084100000|100%| O|  |TAMS 0x0000000084100000| PB 0x0000000084000000| Untracked 
|  65|0x0000000084100000, 0x0000000084200000, 0x0000000084200000|100%| O|  |TAMS 0x0000000084200000| PB 0x0000000084100000| Untracked 
|  66|0x0000000084200000, 0x0000000084300000, 0x0000000084300000|100%| O|  |TAMS 0x0000000084300000| PB 0x0000000084200000| Untracked 
|  67|0x0000000084300000, 0x0000000084400000, 0x0000000084400000|100%| O|  |TAMS 0x0000000084400000| PB 0x0000000084300000| Untracked 
|  68|0x0000000084400000, 0x0000000084500000, 0x0000000084500000|100%| O|  |TAMS 0x0000000084500000| PB 0x0000000084400000| Untracked 
|  69|0x0000000084500000, 0x0000000084600000, 0x0000000084600000|100%| O|  |TAMS 0x0000000084600000| PB 0x0000000084500000| Untracked 
|  70|0x0000000084600000, 0x0000000084700000, 0x0000000084700000|100%| O|  |TAMS 0x0000000084700000| PB 0x0000000084600000| Untracked 
|  71|0x0000000084700000, 0x0000000084800000, 0x0000000084800000|100%| O|  |TAMS 0x0000000084800000| PB 0x0000000084700000| Untracked 
|  72|0x0000000084800000, 0x0000000084900000, 0x0000000084900000|100%| O|  |TAMS 0x0000000084900000| PB 0x0000000084800000| Untracked 
|  73|0x0000000084900000, 0x0000000084a00000, 0x0000000084a00000|100%| O|  |TAMS 0x0000000084a00000| PB 0x0000000084900000| Untracked 
|  74|0x0000000084a00000, 0x0000000084b00000, 0x0000000084b00000|100%| O|  |TAMS 0x0000000084b00000| PB 0x0000000084a00000| Untracked 
|  75|0x0000000084b00000, 0x0000000084c00000, 0x0000000084c00000|100%| O|  |TAMS 0x0000000084c00000| PB 0x0000000084b00000| Untracked 
|  76|0x0000000084c00000, 0x0000000084d00000, 0x0000000084d00000|100%| O|  |TAMS 0x0000000084d00000| PB 0x0000000084c00000| Untracked 
|  77|0x0000000084d00000, 0x0000000084e00000, 0x0000000084e00000|100%| O|  |TAMS 0x0000000084e00000| PB 0x0000000084d00000| Untracked 
|  78|0x0000000084e00000, 0x0000000084f00000, 0x0000000084f00000|100%| O|  |TAMS 0x0000000084f00000| PB 0x0000000084e00000| Untracked 
|  79|0x0000000084f00000, 0x0000000085000000, 0x0000000085000000|100%| O|  |TAMS 0x0000000085000000| PB 0x0000000084f00000| Untracked 
|  80|0x0000000085000000, 0x0000000085100000, 0x0000000085100000|100%| O|  |TAMS 0x0000000085100000| PB 0x0000000085000000| Untracked 
|  81|0x0000000085100000, 0x0000000085200000, 0x0000000085200000|100%| O|  |TAMS 0x0000000085200000| PB 0x0000000085100000| Untracked 
|  82|0x0000000085200000, 0x0000000085300000, 0x0000000085300000|100%| O|  |TAMS 0x0000000085300000| PB 0x0000000085200000| Untracked 
|  83|0x0000000085300000, 0x0000000085400000, 0x0000000085400000|100%| O|  |TAMS 0x0000000085400000| PB 0x0000000085300000| Untracked 
|  84|0x0000000085400000, 0x0000000085500000, 0x0000000085500000|100%| O|  |TAMS 0x0000000085500000| PB 0x0000000085400000| Untracked 
|  85|0x0000000085500000, 0x0000000085600000, 0x0000000085600000|100%| O|  |TAMS 0x0000000085600000| PB 0x0000000085500000| Untracked 
|  86|0x0000000085600000, 0x0000000085700000, 0x0000000085700000|100%| O|  |TAMS 0x0000000085700000| PB 0x0000000085600000| Untracked 
|  87|0x0000000085700000, 0x0000000085800000, 0x0000000085800000|100%| O|  |TAMS 0x0000000085800000| PB 0x0000000085700000| Untracked 
|  88|0x0000000085800000, 0x0000000085900000, 0x0000000085900000|100%| O|  |TAMS 0x0000000085900000| PB 0x0000000085800000| Untracked 
|  89|0x0000000085900000, 0x0000000085a00000, 0x0000000085a00000|100%| O|  |TAMS 0x0000000085a00000| PB 0x0000000085900000| Untracked 
|  90|0x0000000085a00000, 0x0000000085b00000, 0x0000000085b00000|100%| O|  |TAMS 0x0000000085b00000| PB 0x0000000085a00000| Untracked 
|  91|0x0000000085b00000, 0x0000000085c00000, 0x0000000085c00000|100%| O|  |TAMS 0x0000000085c00000| PB 0x0000000085b00000| Untracked 
|  92|0x0000000085c00000, 0x0000000085d00000, 0x0000000085d00000|100%| O|  |TAMS 0x0000000085d00000| PB 0x0000000085c00000| Untracked 
|  93|0x0000000085d00000, 0x0000000085e00000, 0x0000000085e00000|100%| O|  |TAMS 0x0000000085e00000| PB 0x0000000085d00000| Untracked 
|  94|0x0000000085e00000, 0x0000000085f00000, 0x0000000085f00000|100%| O|  |TAMS 0x0000000085f00000| PB 0x0000000085e00000| Untracked 
|  95|0x0000000085f00000, 0x0000000086000000, 0x0000000086000000|100%| O|  |TAMS 0x0000000086000000| PB 0x0000000085f00000| Untracked 
|  96|0x0000000086000000, 0x0000000086100000, 0x0000000086100000|100%| O|  |TAMS 0x0000000086100000| PB 0x0000000086000000| Untracked 
|  97|0x0000000086100000, 0x0000000086200000, 0x0000000086200000|100%| O|  |TAMS 0x0000000086200000| PB 0x0000000086100000| Untracked 
|  98|0x0000000086200000, 0x0000000086300000, 0x0000000086300000|100%| O|  |TAMS 0x0000000086300000| PB 0x0000000086200000| Untracked 
|  99|0x0000000086300000, 0x0000000086400000, 0x0000000086400000|100%| O|  |TAMS 0x0000000086400000| PB 0x0000000086300000| Untracked 
| 100|0x0000000086400000, 0x0000000086500000, 0x0000000086500000|100%| O|  |TAMS 0x0000000086500000| PB 0x0000000086400000| Untracked 
| 101|0x0000000086500000, 0x0000000086600000, 0x0000000086600000|100%| O|  |TAMS 0x0000000086600000| PB 0x0000000086500000| Untracked 
| 102|0x0000000086600000, 0x0000000086700000, 0x0000000086700000|100%| O|  |TAMS 0x0000000086700000| PB 0x0000000086600000| Untracked 
| 103|0x0000000086700000, 0x0000000086800000, 0x0000000086800000|100%| O|  |TAMS 0x0000000086800000| PB 0x0000000086700000| Untracked 
| 104|0x0000000086800000, 0x0000000086900000, 0x0000000086900000|100%| O|  |TAMS 0x0000000086900000| PB 0x0000000086800000| Untracked 
| 105|0x0000000086900000, 0x0000000086a00000, 0x0000000086a00000|100%| O|  |TAMS 0x0000000086a00000| PB 0x0000000086900000| Untracked 
| 106|0x0000000086a00000, 0x0000000086b00000, 0x0000000086b00000|100%| O|  |TAMS 0x0000000086b00000| PB 0x0000000086a00000| Untracked 
| 107|0x0000000086b00000, 0x0000000086c00000, 0x0000000086c00000|100%| O|  |TAMS 0x0000000086c00000| PB 0x0000000086b00000| Untracked 
| 108|0x0000000086c00000, 0x0000000086d00000, 0x0000000086d00000|100%| O|  |TAMS 0x0000000086d00000| PB 0x0000000086c00000| Untracked 
| 109|0x0000000086d00000, 0x0000000086e00000, 0x0000000086e00000|100%| O|  |TAMS 0x0000000086e00000| PB 0x0000000086d00000| Untracked 
| 110|0x0000000086e00000, 0x0000000086f00000, 0x0000000086f00000|100%| O|  |TAMS 0x0000000086f00000| PB 0x0000000086e00000| Untracked 
| 111|0x0000000086f00000, 0x0000000087000000, 0x0000000087000000|100%| O|  |TAMS 0x0000000087000000| PB 0x0000000086f00000| Untracked 
| 112|0x0000000087000000, 0x0000000087100000, 0x0000000087100000|100%| O|  |TAMS 0x0000000087100000| PB 0x0000000087000000| Untracked 
| 113|0x0000000087100000, 0x0000000087200000, 0x0000000087200000|100%| O|  |TAMS 0x0000000087200000| PB 0x0000000087100000| Untracked 
| 114|0x0000000087200000, 0x0000000087300000, 0x0000000087300000|100%| O|  |TAMS 0x0000000087300000| PB 0x0000000087200000| Untracked 
| 115|0x0000000087300000, 0x0000000087400000, 0x0000000087400000|100%| O|  |TAMS 0x0000000087400000| PB 0x0000000087300000| Untracked 
| 116|0x0000000087400000, 0x0000000087500000, 0x0000000087500000|100%| O|  |TAMS 0x0000000087500000| PB 0x0000000087400000| Untracked 
| 117|0x0000000087500000, 0x0000000087600000, 0x0000000087600000|100%| O|  |TAMS 0x0000000087600000| PB 0x0000000087500000| Untracked 
| 118|0x0000000087600000, 0x0000000087700000, 0x0000000087700000|100%|HS|  |TAMS 0x0000000087600000| PB 0x0000000087600000| Complete 
| 119|0x0000000087700000, 0x0000000087800000, 0x0000000087800000|100%| O|  |TAMS 0x0000000087800000| PB 0x0000000087700000| Untracked 
| 120|0x0000000087800000, 0x0000000087900000, 0x0000000087900000|100%| O|  |TAMS 0x0000000087900000| PB 0x0000000087800000| Untracked 
| 121|0x0000000087900000, 0x0000000087a00000, 0x0000000087a00000|100%| O|  |TAMS 0x0000000087a00000| PB 0x0000000087900000| Untracked 
| 122|0x0000000087a00000, 0x0000000087b00000, 0x0000000087b00000|100%| O|  |TAMS 0x0000000087b00000| PB 0x0000000087a00000| Untracked 
| 123|0x0000000087b00000, 0x0000000087c00000, 0x0000000087c00000|100%| O|  |TAMS 0x0000000087c00000| PB 0x0000000087b00000| Untracked 
| 124|0x0000000087c00000, 0x0000000087d00000, 0x0000000087d00000|100%| O|  |TAMS 0x0000000087d00000| PB 0x0000000087c00000| Untracked 
| 125|0x0000000087d00000, 0x0000000087e00000, 0x0000000087e00000|100%| O|  |TAMS 0x0000000087e00000| PB 0x0000000087d00000| Untracked 
| 126|0x0000000087e00000, 0x0000000087f00000, 0x0000000087f00000|100%| O|  |TAMS 0x0000000087f00000| PB 0x0000000087e00000| Untracked 
| 127|0x0000000087f00000, 0x0000000088000000, 0x0000000088000000|100%| O|  |TAMS 0x0000000088000000| PB 0x0000000087f00000| Untracked 
| 128|0x0000000088000000, 0x0000000088100000, 0x0000000088100000|100%| O|  |TAMS 0x0000000088100000| PB 0x0000000088000000| Untracked 
| 129|0x0000000088100000, 0x0000000088200000, 0x0000000088200000|100%| O|  |TAMS 0x0000000088200000| PB 0x0000000088100000| Untracked 
| 130|0x0000000088200000, 0x0000000088300000, 0x0000000088300000|100%|HS|  |TAMS 0x0000000088200000| PB 0x0000000088200000| Complete 
| 131|0x0000000088300000, 0x0000000088400000, 0x0000000088400000|100%|HC|  |TAMS 0x0000000088300000| PB 0x0000000088300000| Complete 
| 132|0x0000000088400000, 0x0000000088500000, 0x0000000088500000|100%|HS|  |TAMS 0x0000000088400000| PB 0x0000000088400000| Complete 
| 133|0x0000000088500000, 0x0000000088600000, 0x0000000088600000|100%|HC|  |TAMS 0x0000000088500000| PB 0x0000000088500000| Complete 
| 134|0x0000000088600000, 0x0000000088700000, 0x0000000088700000|100%|HC|  |TAMS 0x0000000088600000| PB 0x0000000088600000| Complete 
| 135|0x0000000088700000, 0x0000000088800000, 0x0000000088800000|100%|HS|  |TAMS 0x0000000088700000| PB 0x0000000088700000| Complete 
| 136|0x0000000088800000, 0x0000000088900000, 0x0000000088900000|100%|HC|  |TAMS 0x0000000088800000| PB 0x0000000088800000| Complete 
| 137|0x0000000088900000, 0x0000000088a00000, 0x0000000088a00000|100%|HS|  |TAMS 0x0000000088900000| PB 0x0000000088900000| Complete 
| 138|0x0000000088a00000, 0x0000000088b00000, 0x0000000088b00000|100%|HC|  |TAMS 0x0000000088a00000| PB 0x0000000088a00000| Complete 
| 139|0x0000000088b00000, 0x0000000088c00000, 0x0000000088c00000|100%|HS|  |TAMS 0x0000000088b00000| PB 0x0000000088b00000| Complete 
| 140|0x0000000088c00000, 0x0000000088d00000, 0x0000000088d00000|100%|HC|  |TAMS 0x0000000088c00000| PB 0x0000000088c00000| Complete 
| 141|0x0000000088d00000, 0x0000000088e00000, 0x0000000088e00000|100%|HS|  |TAMS 0x0000000088d00000| PB 0x0000000088d00000| Complete 
| 142|0x0000000088e00000, 0x0000000088f00000, 0x0000000088f00000|100%| O|  |TAMS 0x0000000088f00000| PB 0x0000000088e00000| Untracked 
| 143|0x0000000088f00000, 0x0000000089000000, 0x0000000089000000|100%| O|  |TAMS 0x0000000089000000| PB 0x0000000088f00000| Untracked 
| 144|0x0000000089000000, 0x0000000089100000, 0x0000000089100000|100%| O|  |TAMS 0x0000000089100000| PB 0x0000000089000000| Untracked 
| 145|0x0000000089100000, 0x0000000089200000, 0x0000000089200000|100%| O|  |TAMS 0x0000000089200000| PB 0x0000000089100000| Untracked 
| 146|0x0000000089200000, 0x0000000089300000, 0x0000000089300000|100%| O|  |TAMS 0x0000000089300000| PB 0x0000000089200000| Untracked 
| 147|0x0000000089300000, 0x0000000089400000, 0x0000000089400000|100%|HS|  |TAMS 0x0000000089300000| PB 0x0000000089300000| Complete 
| 148|0x0000000089400000, 0x0000000089500000, 0x0000000089500000|100%| O|  |TAMS 0x0000000089500000| PB 0x0000000089400000| Untracked 
| 149|0x0000000089500000, 0x0000000089600000, 0x0000000089600000|100%| O|  |TAMS 0x0000000089600000| PB 0x0000000089500000| Untracked 
| 150|0x0000000089600000, 0x0000000089700000, 0x0000000089700000|100%| O|  |TAMS 0x0000000089700000| PB 0x0000000089600000| Untracked 
| 151|0x0000000089700000, 0x0000000089800000, 0x0000000089800000|100%| O|  |TAMS 0x0000000089800000| PB 0x0000000089700000| Untracked 
| 152|0x0000000089800000, 0x0000000089900000, 0x0000000089900000|100%| O|  |TAMS 0x0000000089900000| PB 0x0000000089800000| Untracked 
| 153|0x0000000089900000, 0x0000000089a00000, 0x0000000089a00000|100%| O|  |TAMS 0x0000000089a00000| PB 0x0000000089900000| Untracked 
| 154|0x0000000089a00000, 0x0000000089b00000, 0x0000000089b00000|100%| O|  |TAMS 0x0000000089b00000| PB 0x0000000089a00000| Untracked 
| 155|0x0000000089b00000, 0x0000000089c00000, 0x0000000089c00000|100%| O|  |TAMS 0x0000000089c00000| PB 0x0000000089b00000| Untracked 
| 156|0x0000000089c00000, 0x0000000089d00000, 0x0000000089d00000|100%| O|  |TAMS 0x0000000089d00000| PB 0x0000000089c00000| Untracked 
| 157|0x0000000089d00000, 0x0000000089e00000, 0x0000000089e00000|100%| O|  |TAMS 0x0000000089e00000| PB 0x0000000089d00000| Untracked 
| 158|0x0000000089e00000, 0x0000000089f00000, 0x0000000089f00000|100%| O|  |TAMS 0x0000000089f00000| PB 0x0000000089e00000| Untracked 
| 159|0x0000000089f00000, 0x000000008a000000, 0x000000008a000000|100%| O|  |TAMS 0x000000008a000000| PB 0x0000000089f00000| Untracked 
| 160|0x000000008a000000, 0x000000008a100000, 0x000000008a100000|100%| O|  |TAMS 0x000000008a100000| PB 0x000000008a000000| Untracked 
| 161|0x000000008a100000, 0x000000008a200000, 0x000000008a200000|100%| O|  |TAMS 0x000000008a200000| PB 0x000000008a100000| Untracked 
| 162|0x000000008a200000, 0x000000008a300000, 0x000000008a300000|100%| O|  |TAMS 0x000000008a300000| PB 0x000000008a200000| Untracked 
| 163|0x000000008a300000, 0x000000008a400000, 0x000000008a400000|100%| O|  |TAMS 0x000000008a400000| PB 0x000000008a300000| Untracked 
| 164|0x000000008a400000, 0x000000008a500000, 0x000000008a500000|100%| O|  |TAMS 0x000000008a500000| PB 0x000000008a400000| Untracked 
| 165|0x000000008a500000, 0x000000008a600000, 0x000000008a600000|100%| O|  |TAMS 0x000000008a600000| PB 0x000000008a500000| Untracked 
| 166|0x000000008a600000, 0x000000008a700000, 0x000000008a700000|100%| O|  |TAMS 0x000000008a700000| PB 0x000000008a600000| Untracked 
| 167|0x000000008a700000, 0x000000008a800000, 0x000000008a800000|100%| O|  |TAMS 0x000000008a800000| PB 0x000000008a700000| Untracked 
| 168|0x000000008a800000, 0x000000008a900000, 0x000000008a900000|100%| O|  |TAMS 0x000000008a900000| PB 0x000000008a800000| Untracked 
| 169|0x000000008a900000, 0x000000008aa00000, 0x000000008aa00000|100%| O|  |TAMS 0x000000008aa00000| PB 0x000000008a900000| Untracked 
| 170|0x000000008aa00000, 0x000000008ab00000, 0x000000008ab00000|100%| O|  |TAMS 0x000000008ab00000| PB 0x000000008aa00000| Untracked 
| 171|0x000000008ab00000, 0x000000008ac00000, 0x000000008ac00000|100%| O|  |TAMS 0x000000008ac00000| PB 0x000000008ab00000| Untracked 
| 172|0x000000008ac00000, 0x000000008ac00000, 0x000000008ad00000|  0%| F|  |TAMS 0x000000008ac00000| PB 0x000000008ac00000| Untracked 
| 173|0x000000008ad00000, 0x000000008ae00000, 0x000000008ae00000|100%| O|  |TAMS 0x000000008ae00000| PB 0x000000008ad00000| Untracked 
| 174|0x000000008ae00000, 0x000000008af00000, 0x000000008af00000|100%| O|  |TAMS 0x000000008af00000| PB 0x000000008ae00000| Untracked 
| 175|0x000000008af00000, 0x000000008b000000, 0x000000008b000000|100%| O|  |TAMS 0x000000008b000000| PB 0x000000008af00000| Untracked 
| 176|0x000000008b000000, 0x000000008b100000, 0x000000008b100000|100%| O|  |TAMS 0x000000008b100000| PB 0x000000008b000000| Untracked 
| 177|0x000000008b100000, 0x000000008b200000, 0x000000008b200000|100%| O|  |TAMS 0x000000008b200000| PB 0x000000008b100000| Untracked 
| 178|0x000000008b200000, 0x000000008b300000, 0x000000008b300000|100%| O|  |TAMS 0x000000008b300000| PB 0x000000008b200000| Untracked 
| 179|0x000000008b300000, 0x000000008b400000, 0x000000008b400000|100%| O|  |TAMS 0x000000008b400000| PB 0x000000008b300000| Untracked 
| 180|0x000000008b400000, 0x000000008b500000, 0x000000008b500000|100%| O|  |TAMS 0x000000008b500000| PB 0x000000008b400000| Untracked 
| 181|0x000000008b500000, 0x000000008b600000, 0x000000008b600000|100%| O|  |TAMS 0x000000008b600000| PB 0x000000008b500000| Untracked 
| 182|0x000000008b600000, 0x000000008b700000, 0x000000008b700000|100%| O|  |TAMS 0x000000008b700000| PB 0x000000008b600000| Untracked 
| 183|0x000000008b700000, 0x000000008b700000, 0x000000008b800000|  0%| F|  |TAMS 0x000000008b700000| PB 0x000000008b700000| Untracked 
| 184|0x000000008b800000, 0x000000008b900000, 0x000000008b900000|100%| O|  |TAMS 0x000000008b900000| PB 0x000000008b800000| Untracked 
| 185|0x000000008b900000, 0x000000008b900000, 0x000000008ba00000|  0%| F|  |TAMS 0x000000008b900000| PB 0x000000008b900000| Untracked 
| 186|0x000000008ba00000, 0x000000008bb00000, 0x000000008bb00000|100%| O|  |TAMS 0x000000008bb00000| PB 0x000000008ba00000| Untracked 
| 187|0x000000008bb00000, 0x000000008bc00000, 0x000000008bc00000|100%|HS|  |TAMS 0x000000008bc00000| PB 0x000000008bb00000| Complete 
| 188|0x000000008bc00000, 0x000000008bd00000, 0x000000008bd00000|100%|HS|  |TAMS 0x000000008bd00000| PB 0x000000008bc00000| Complete 
| 189|0x000000008bd00000, 0x000000008be00000, 0x000000008be00000|100%|HC|  |TAMS 0x000000008be00000| PB 0x000000008bd00000| Complete 
| 190|0x000000008be00000, 0x000000008bf00000, 0x000000008bf00000|100%| O|  |TAMS 0x000000008bf00000| PB 0x000000008be00000| Untracked 
| 191|0x000000008bf00000, 0x000000008c000000, 0x000000008c000000|100%| O|  |TAMS 0x000000008c000000| PB 0x000000008bf00000| Untracked 
| 192|0x000000008c000000, 0x000000008c100000, 0x000000008c100000|100%| O|  |TAMS 0x000000008c100000| PB 0x000000008c000000| Untracked 
| 193|0x000000008c100000, 0x000000008c200000, 0x000000008c200000|100%| O|  |TAMS 0x000000008c200000| PB 0x000000008c100000| Untracked 
| 194|0x000000008c200000, 0x000000008c300000, 0x000000008c300000|100%| O|  |TAMS 0x000000008c300000| PB 0x000000008c200000| Untracked 
| 195|0x000000008c300000, 0x000000008c300000, 0x000000008c400000|  0%| F|  |TAMS 0x000000008c300000| PB 0x000000008c300000| Untracked 
| 196|0x000000008c400000, 0x000000008c500000, 0x000000008c500000|100%| O|  |TAMS 0x000000008c500000| PB 0x000000008c400000| Untracked 
| 197|0x000000008c500000, 0x000000008c500000, 0x000000008c600000|  0%| F|  |TAMS 0x000000008c500000| PB 0x000000008c500000| Untracked 
| 198|0x000000008c600000, 0x000000008c700000, 0x000000008c700000|100%|HS|  |TAMS 0x000000008c700000| PB 0x000000008c600000| Complete 
| 199|0x000000008c700000, 0x000000008c800000, 0x000000008c800000|100%|HC|  |TAMS 0x000000008c800000| PB 0x000000008c700000| Complete 
| 200|0x000000008c800000, 0x000000008c900000, 0x000000008c900000|100%| O|  |TAMS 0x000000008c900000| PB 0x000000008c800000| Untracked 
| 201|0x000000008c900000, 0x000000008c900000, 0x000000008ca00000|  0%| F|  |TAMS 0x000000008c900000| PB 0x000000008c900000| Untracked 
| 202|0x000000008ca00000, 0x000000008cb00000, 0x000000008cb00000|100%| O|  |TAMS 0x000000008cb00000| PB 0x000000008ca00000| Untracked 
| 203|0x000000008cb00000, 0x000000008cb00000, 0x000000008cc00000|  0%| F|  |TAMS 0x000000008cb00000| PB 0x000000008cb00000| Untracked 
| 204|0x000000008cc00000, 0x000000008cd00000, 0x000000008cd00000|100%| O|  |TAMS 0x000000008cd00000| PB 0x000000008cc00000| Untracked 
| 205|0x000000008cd00000, 0x000000008ce00000, 0x000000008ce00000|100%|HS|  |TAMS 0x000000008cd00000| PB 0x000000008cd00000| Complete 
| 206|0x000000008ce00000, 0x000000008cf00000, 0x000000008cf00000|100%|HC|  |TAMS 0x000000008ce00000| PB 0x000000008ce00000| Complete 
| 207|0x000000008cf00000, 0x000000008d000000, 0x000000008d000000|100%| O|  |TAMS 0x000000008d000000| PB 0x000000008cf00000| Untracked 
| 208|0x000000008d000000, 0x000000008d000000, 0x000000008d100000|  0%| F|  |TAMS 0x000000008d000000| PB 0x000000008d000000| Untracked 
| 209|0x000000008d100000, 0x000000008d200000, 0x000000008d200000|100%| O|  |TAMS 0x000000008d200000| PB 0x000000008d100000| Untracked 
| 210|0x000000008d200000, 0x000000008d300000, 0x000000008d300000|100%| O|  |TAMS 0x000000008d300000| PB 0x000000008d200000| Untracked 
| 211|0x000000008d300000, 0x000000008d400000, 0x000000008d400000|100%| O|  |TAMS 0x000000008d400000| PB 0x000000008d300000| Untracked 
| 212|0x000000008d400000, 0x000000008d500000, 0x000000008d500000|100%|HS|  |TAMS 0x000000008d500000| PB 0x000000008d400000| Complete 
| 213|0x000000008d500000, 0x000000008d600000, 0x000000008d600000|100%| O|  |TAMS 0x000000008d600000| PB 0x000000008d500000| Untracked 
| 214|0x000000008d600000, 0x000000008d700000, 0x000000008d700000|100%| O|  |TAMS 0x000000008d700000| PB 0x000000008d600000| Untracked 
| 215|0x000000008d700000, 0x000000008d800000, 0x000000008d800000|100%| O|  |TAMS 0x000000008d800000| PB 0x000000008d700000| Untracked 
| 216|0x000000008d800000, 0x000000008d900000, 0x000000008d900000|100%| O|  |TAMS 0x000000008d900000| PB 0x000000008d800000| Untracked 
| 217|0x000000008d900000, 0x000000008da00000, 0x000000008da00000|100%| O|  |TAMS 0x000000008da00000| PB 0x000000008d900000| Untracked 
| 218|0x000000008da00000, 0x000000008da00000, 0x000000008db00000|  0%| F|  |TAMS 0x000000008da00000| PB 0x000000008da00000| Untracked 
| 219|0x000000008db00000, 0x000000008dc00000, 0x000000008dc00000|100%| O|  |TAMS 0x000000008dc00000| PB 0x000000008db00000| Untracked 
| 220|0x000000008dc00000, 0x000000008dd00000, 0x000000008dd00000|100%| O|  |TAMS 0x000000008dd00000| PB 0x000000008dc00000| Untracked 
| 221|0x000000008dd00000, 0x000000008de00000, 0x000000008de00000|100%| O|  |TAMS 0x000000008de00000| PB 0x000000008dd00000| Untracked 
| 222|0x000000008de00000, 0x000000008df00000, 0x000000008df00000|100%| O|  |TAMS 0x000000008df00000| PB 0x000000008de00000| Untracked 
| 223|0x000000008df00000, 0x000000008e000000, 0x000000008e000000|100%|HS|  |TAMS 0x000000008df00000| PB 0x000000008df00000| Complete 
| 224|0x000000008e000000, 0x000000008e100000, 0x000000008e100000|100%|HC|  |TAMS 0x000000008e000000| PB 0x000000008e000000| Complete 
| 225|0x000000008e100000, 0x000000008e100000, 0x000000008e200000|  0%| F|  |TAMS 0x000000008e100000| PB 0x000000008e100000| Untracked 
| 226|0x000000008e200000, 0x000000008e300000, 0x000000008e300000|100%| O|  |TAMS 0x000000008e300000| PB 0x000000008e200000| Untracked 
| 227|0x000000008e300000, 0x000000008e400000, 0x000000008e400000|100%| O|  |TAMS 0x000000008e400000| PB 0x000000008e300000| Untracked 
| 228|0x000000008e400000, 0x000000008e500000, 0x000000008e500000|100%| O|  |TAMS 0x000000008e500000| PB 0x000000008e400000| Untracked 
| 229|0x000000008e500000, 0x000000008e600000, 0x000000008e600000|100%| O|  |TAMS 0x000000008e600000| PB 0x000000008e500000| Untracked 
| 230|0x000000008e600000, 0x000000008e700000, 0x000000008e700000|100%|HS|  |TAMS 0x000000008e700000| PB 0x000000008e600000| Complete 
| 231|0x000000008e700000, 0x000000008e800000, 0x000000008e800000|100%| O|  |TAMS 0x000000008e800000| PB 0x000000008e700000| Untracked 
| 232|0x000000008e800000, 0x000000008e900000, 0x000000008e900000|100%| O|  |TAMS 0x000000008e900000| PB 0x000000008e800000| Untracked 
| 233|0x000000008e900000, 0x000000008ea00000, 0x000000008ea00000|100%| O|  |TAMS 0x000000008ea00000| PB 0x000000008e900000| Untracked 
| 234|0x000000008ea00000, 0x000000008eb00000, 0x000000008eb00000|100%| O|  |TAMS 0x000000008eb00000| PB 0x000000008ea00000| Untracked 
| 235|0x000000008eb00000, 0x000000008ec00000, 0x000000008ec00000|100%| O|  |TAMS 0x000000008ec00000| PB 0x000000008eb00000| Untracked 
| 236|0x000000008ec00000, 0x000000008ec00000, 0x000000008ed00000|  0%| F|  |TAMS 0x000000008ec00000| PB 0x000000008ec00000| Untracked 
| 237|0x000000008ed00000, 0x000000008ee00000, 0x000000008ee00000|100%| O|  |TAMS 0x000000008ee00000| PB 0x000000008ed00000| Untracked 
| 238|0x000000008ee00000, 0x000000008ee00000, 0x000000008ef00000|  0%| F|  |TAMS 0x000000008ee00000| PB 0x000000008ee00000| Untracked 
| 239|0x000000008ef00000, 0x000000008f000000, 0x000000008f000000|100%| O|  |TAMS 0x000000008f000000| PB 0x000000008ef00000| Untracked 
| 240|0x000000008f000000, 0x000000008f000000, 0x000000008f100000|  0%| F|  |TAMS 0x000000008f000000| PB 0x000000008f000000| Untracked 
| 241|0x000000008f100000, 0x000000008f200000, 0x000000008f200000|100%|HS|  |TAMS 0x000000008f200000| PB 0x000000008f100000| Complete 
| 242|0x000000008f200000, 0x000000008f300000, 0x000000008f300000|100%|HS|  |TAMS 0x000000008f200000| PB 0x000000008f200000| Complete 
| 243|0x000000008f300000, 0x000000008f400000, 0x000000008f400000|100%|HC|  |TAMS 0x000000008f300000| PB 0x000000008f300000| Complete 
| 244|0x000000008f400000, 0x000000008f500000, 0x000000008f500000|100%|HC|  |TAMS 0x000000008f400000| PB 0x000000008f400000| Complete 
| 245|0x000000008f500000, 0x000000008f600000, 0x000000008f600000|100%|HS|  |TAMS 0x000000008f500000| PB 0x000000008f500000| Complete 
| 246|0x000000008f600000, 0x000000008f700000, 0x000000008f700000|100%|HC|  |TAMS 0x000000008f600000| PB 0x000000008f600000| Complete 
| 247|0x000000008f700000, 0x000000008f800000, 0x000000008f800000|100%|HS|  |TAMS 0x000000008f700000| PB 0x000000008f700000| Complete 
| 248|0x000000008f800000, 0x000000008f900000, 0x000000008f900000|100%|HC|  |TAMS 0x000000008f800000| PB 0x000000008f800000| Complete 
| 249|0x000000008f900000, 0x000000008fa00000, 0x000000008fa00000|100%|HS|  |TAMS 0x000000008f900000| PB 0x000000008f900000| Complete 
| 250|0x000000008fa00000, 0x000000008fb00000, 0x000000008fb00000|100%|HC|  |TAMS 0x000000008fa00000| PB 0x000000008fa00000| Complete 
| 251|0x000000008fb00000, 0x000000008fc00000, 0x000000008fc00000|100%|HS|  |TAMS 0x000000008fb00000| PB 0x000000008fb00000| Complete 
| 252|0x000000008fc00000, 0x000000008fd00000, 0x000000008fd00000|100%|HC|  |TAMS 0x000000008fc00000| PB 0x000000008fc00000| Complete 
| 253|0x000000008fd00000, 0x000000008fe00000, 0x000000008fe00000|100%|HS|  |TAMS 0x000000008fd00000| PB 0x000000008fd00000| Complete 
| 254|0x000000008fe00000, 0x000000008ff00000, 0x000000008ff00000|100%|HC|  |TAMS 0x000000008fe00000| PB 0x000000008fe00000| Complete 
| 255|0x000000008ff00000, 0x0000000090000000, 0x0000000090000000|100%|HS|  |TAMS 0x000000008ff00000| PB 0x000000008ff00000| Complete 
| 256|0x0000000090000000, 0x0000000090100000, 0x0000000090100000|100%|HC|  |TAMS 0x0000000090000000| PB 0x0000000090000000| Complete 
| 257|0x0000000090100000, 0x0000000090200000, 0x0000000090200000|100%|HC|  |TAMS 0x0000000090100000| PB 0x0000000090100000| Complete 
| 258|0x0000000090200000, 0x0000000090300000, 0x0000000090300000|100%|HS|  |TAMS 0x0000000090200000| PB 0x0000000090200000| Complete 
| 259|0x0000000090300000, 0x0000000090400000, 0x0000000090400000|100%|HC|  |TAMS 0x0000000090300000| PB 0x0000000090300000| Complete 
| 260|0x0000000090400000, 0x0000000090500000, 0x0000000090500000|100%|HS|  |TAMS 0x0000000090400000| PB 0x0000000090400000| Complete 
| 261|0x0000000090500000, 0x0000000090600000, 0x0000000090600000|100%|HC|  |TAMS 0x0000000090500000| PB 0x0000000090500000| Complete 
| 262|0x0000000090600000, 0x0000000090700000, 0x0000000090700000|100%|HS|  |TAMS 0x0000000090600000| PB 0x0000000090600000| Complete 
| 263|0x0000000090700000, 0x0000000090800000, 0x0000000090800000|100%|HC|  |TAMS 0x0000000090700000| PB 0x0000000090700000| Complete 
| 264|0x0000000090800000, 0x0000000090900000, 0x0000000090900000|100%|HS|  |TAMS 0x0000000090800000| PB 0x0000000090800000| Complete 
| 265|0x0000000090900000, 0x0000000090a00000, 0x0000000090a00000|100%|HC|  |TAMS 0x0000000090900000| PB 0x0000000090900000| Complete 
| 266|0x0000000090a00000, 0x0000000090a00000, 0x0000000090b00000|  0%| F|  |TAMS 0x0000000090a00000| PB 0x0000000090a00000| Untracked 
| 267|0x0000000090b00000, 0x0000000090b00000, 0x0000000090c00000|  0%| F|  |TAMS 0x0000000090b00000| PB 0x0000000090b00000| Untracked 
| 268|0x0000000090c00000, 0x0000000090d00000, 0x0000000090d00000|100%|HS|  |TAMS 0x0000000090d00000| PB 0x0000000090c00000| Complete 
| 269|0x0000000090d00000, 0x0000000090e00000, 0x0000000090e00000|100%|HC|  |TAMS 0x0000000090e00000| PB 0x0000000090d00000| Complete 
| 270|0x0000000090e00000, 0x0000000090e00000, 0x0000000090f00000|  0%| F|  |TAMS 0x0000000090e00000| PB 0x0000000090e00000| Untracked 
| 271|0x0000000090f00000, 0x0000000091000000, 0x0000000091000000|100%| O|  |TAMS 0x0000000091000000| PB 0x0000000090f00000| Untracked 
| 272|0x0000000091000000, 0x0000000091000000, 0x0000000091100000|  0%| F|  |TAMS 0x0000000091000000| PB 0x0000000091000000| Untracked 
| 273|0x0000000091100000, 0x0000000091100000, 0x0000000091200000|  0%| F|  |TAMS 0x0000000091100000| PB 0x0000000091100000| Untracked 
| 274|0x0000000091200000, 0x0000000091200000, 0x0000000091300000|  0%| F|  |TAMS 0x0000000091200000| PB 0x0000000091200000| Untracked 
| 275|0x0000000091300000, 0x0000000091300000, 0x0000000091400000|  0%| F|  |TAMS 0x0000000091300000| PB 0x0000000091300000| Untracked 
| 276|0x0000000091400000, 0x0000000091400000, 0x0000000091500000|  0%| F|  |TAMS 0x0000000091400000| PB 0x0000000091400000| Untracked 
| 277|0x0000000091500000, 0x0000000091500000, 0x0000000091600000|  0%| F|  |TAMS 0x0000000091500000| PB 0x0000000091500000| Untracked 
| 278|0x0000000091600000, 0x0000000091600000, 0x0000000091700000|  0%| F|  |TAMS 0x0000000091600000| PB 0x0000000091600000| Untracked 
| 279|0x0000000091700000, 0x0000000091700000, 0x0000000091800000|  0%| F|  |TAMS 0x0000000091700000| PB 0x0000000091700000| Untracked 
| 280|0x0000000091800000, 0x0000000091800000, 0x0000000091900000|  0%| F|  |TAMS 0x0000000091800000| PB 0x0000000091800000| Untracked 
| 281|0x0000000091900000, 0x0000000091a00000, 0x0000000091a00000|100%|HS|  |TAMS 0x0000000091a00000| PB 0x0000000091900000| Complete 
| 282|0x0000000091a00000, 0x0000000091a00000, 0x0000000091b00000|  0%| F|  |TAMS 0x0000000091a00000| PB 0x0000000091a00000| Untracked 
| 283|0x0000000091b00000, 0x0000000091b00000, 0x0000000091c00000|  0%| F|  |TAMS 0x0000000091b00000| PB 0x0000000091b00000| Untracked 
| 284|0x0000000091c00000, 0x0000000091c00000, 0x0000000091d00000|  0%| F|  |TAMS 0x0000000091c00000| PB 0x0000000091c00000| Untracked 
| 285|0x0000000091d00000, 0x0000000091d00000, 0x0000000091e00000|  0%| F|  |TAMS 0x0000000091d00000| PB 0x0000000091d00000| Untracked 
| 286|0x0000000091e00000, 0x0000000091f00000, 0x0000000091f00000|100%| O|  |TAMS 0x0000000091f00000| PB 0x0000000091e00000| Untracked 
| 287|0x0000000091f00000, 0x0000000092000000, 0x0000000092000000|100%| O|  |TAMS 0x0000000092000000| PB 0x0000000091f00000| Untracked 
| 288|0x0000000092000000, 0x0000000092100000, 0x0000000092100000|100%| O|  |TAMS 0x0000000092100000| PB 0x0000000092000000| Untracked 
| 289|0x0000000092100000, 0x0000000092200000, 0x0000000092200000|100%| O|  |TAMS 0x0000000092200000| PB 0x0000000092100000| Untracked 
| 290|0x0000000092200000, 0x0000000092300000, 0x0000000092300000|100%| O|  |TAMS 0x0000000092300000| PB 0x0000000092200000| Untracked 
| 291|0x0000000092300000, 0x0000000092400000, 0x0000000092400000|100%| O|  |TAMS 0x0000000092400000| PB 0x0000000092300000| Untracked 
| 292|0x0000000092400000, 0x0000000092500000, 0x0000000092500000|100%| O|  |TAMS 0x0000000092500000| PB 0x0000000092400000| Untracked 
| 293|0x0000000092500000, 0x0000000092600000, 0x0000000092600000|100%| O|  |TAMS 0x0000000092600000| PB 0x0000000092500000| Untracked 
| 294|0x0000000092600000, 0x0000000092700000, 0x0000000092700000|100%| O|  |TAMS 0x0000000092700000| PB 0x0000000092600000| Untracked 
| 295|0x0000000092700000, 0x0000000092800000, 0x0000000092800000|100%| O|  |TAMS 0x0000000092800000| PB 0x0000000092700000| Untracked 
| 296|0x0000000092800000, 0x0000000092900000, 0x0000000092900000|100%|HS|  |TAMS 0x0000000092900000| PB 0x0000000092800000| Complete 
| 297|0x0000000092900000, 0x0000000092a00000, 0x0000000092a00000|100%|HC|  |TAMS 0x0000000092a00000| PB 0x0000000092900000| Complete 
| 298|0x0000000092a00000, 0x0000000092b00000, 0x0000000092b00000|100%| O|  |TAMS 0x0000000092b00000| PB 0x0000000092a00000| Untracked 
| 299|0x0000000092b00000, 0x0000000092b00000, 0x0000000092c00000|  0%| F|  |TAMS 0x0000000092b00000| PB 0x0000000092b00000| Untracked 
| 300|0x0000000092c00000, 0x0000000092c00000, 0x0000000092d00000|  0%| F|  |TAMS 0x0000000092c00000| PB 0x0000000092c00000| Untracked 
| 301|0x0000000092d00000, 0x0000000092e00000, 0x0000000092e00000|100%|HS|  |TAMS 0x0000000092e00000| PB 0x0000000092d00000| Complete 
| 302|0x0000000092e00000, 0x0000000092f00000, 0x0000000092f00000|100%|HC|  |TAMS 0x0000000092f00000| PB 0x0000000092e00000| Complete 
| 303|0x0000000092f00000, 0x0000000093000000, 0x0000000093000000|100%|HC|  |TAMS 0x0000000093000000| PB 0x0000000092f00000| Complete 
| 304|0x0000000093000000, 0x0000000093100000, 0x0000000093100000|100%|HC|  |TAMS 0x0000000093100000| PB 0x0000000093000000| Complete 
| 305|0x0000000093100000, 0x0000000093200000, 0x0000000093200000|100%|HC|  |TAMS 0x0000000093200000| PB 0x0000000093100000| Complete 
| 306|0x0000000093200000, 0x0000000093300000, 0x0000000093300000|100%|HC|  |TAMS 0x0000000093300000| PB 0x0000000093200000| Complete 
| 307|0x0000000093300000, 0x0000000093300000, 0x0000000093400000|  0%| F|  |TAMS 0x0000000093300000| PB 0x0000000093300000| Untracked 
| 308|0x0000000093400000, 0x0000000093400000, 0x0000000093500000|  0%| F|  |TAMS 0x0000000093400000| PB 0x0000000093400000| Untracked 
| 309|0x0000000093500000, 0x0000000093500000, 0x0000000093600000|  0%| F|  |TAMS 0x0000000093500000| PB 0x0000000093500000| Untracked 
| 310|0x0000000093600000, 0x0000000093600000, 0x0000000093700000|  0%| F|  |TAMS 0x0000000093600000| PB 0x0000000093600000| Untracked 
| 311|0x0000000093700000, 0x0000000093700000, 0x0000000093800000|  0%| F|  |TAMS 0x0000000093700000| PB 0x0000000093700000| Untracked 
| 312|0x0000000093800000, 0x0000000093800000, 0x0000000093900000|  0%| F|  |TAMS 0x0000000093800000| PB 0x0000000093800000| Untracked 
| 313|0x0000000093900000, 0x0000000093900000, 0x0000000093a00000|  0%| F|  |TAMS 0x0000000093900000| PB 0x0000000093900000| Untracked 
| 314|0x0000000093a00000, 0x0000000093a00000, 0x0000000093b00000|  0%| F|  |TAMS 0x0000000093a00000| PB 0x0000000093a00000| Untracked 
| 315|0x0000000093b00000, 0x0000000093b00000, 0x0000000093c00000|  0%| F|  |TAMS 0x0000000093b00000| PB 0x0000000093b00000| Untracked 
| 316|0x0000000093c00000, 0x0000000093c00000, 0x0000000093d00000|  0%| F|  |TAMS 0x0000000093c00000| PB 0x0000000093c00000| Untracked 
| 317|0x0000000093d00000, 0x0000000093d00000, 0x0000000093e00000|  0%| F|  |TAMS 0x0000000093d00000| PB 0x0000000093d00000| Untracked 
| 318|0x0000000093e00000, 0x0000000093e00000, 0x0000000093f00000|  0%| F|  |TAMS 0x0000000093e00000| PB 0x0000000093e00000| Untracked 
| 319|0x0000000093f00000, 0x0000000093f00000, 0x0000000094000000|  0%| F|  |TAMS 0x0000000093f00000| PB 0x0000000093f00000| Untracked 
| 320|0x0000000094000000, 0x0000000094000000, 0x0000000094100000|  0%| F|  |TAMS 0x0000000094000000| PB 0x0000000094000000| Untracked 
| 321|0x0000000094100000, 0x0000000094100000, 0x0000000094200000|  0%| F|  |TAMS 0x0000000094100000| PB 0x0000000094100000| Untracked 
| 322|0x0000000094200000, 0x0000000094200000, 0x0000000094300000|  0%| F|  |TAMS 0x0000000094200000| PB 0x0000000094200000| Untracked 
| 323|0x0000000094300000, 0x0000000094300000, 0x0000000094400000|  0%| F|  |TAMS 0x0000000094300000| PB 0x0000000094300000| Untracked 
| 324|0x0000000094400000, 0x0000000094400000, 0x0000000094500000|  0%| F|  |TAMS 0x0000000094400000| PB 0x0000000094400000| Untracked 
| 325|0x0000000094500000, 0x0000000094500000, 0x0000000094600000|  0%| F|  |TAMS 0x0000000094500000| PB 0x0000000094500000| Untracked 
| 326|0x0000000094600000, 0x0000000094600000, 0x0000000094700000|  0%| F|  |TAMS 0x0000000094600000| PB 0x0000000094600000| Untracked 
| 327|0x0000000094700000, 0x0000000094700000, 0x0000000094800000|  0%| F|  |TAMS 0x0000000094700000| PB 0x0000000094700000| Untracked 
| 328|0x0000000094800000, 0x0000000094800000, 0x0000000094900000|  0%| F|  |TAMS 0x0000000094800000| PB 0x0000000094800000| Untracked 
| 329|0x0000000094900000, 0x0000000094900000, 0x0000000094a00000|  0%| F|  |TAMS 0x0000000094900000| PB 0x0000000094900000| Untracked 
| 330|0x0000000094a00000, 0x0000000094a00000, 0x0000000094b00000|  0%| F|  |TAMS 0x0000000094a00000| PB 0x0000000094a00000| Untracked 
| 331|0x0000000094b00000, 0x0000000094b00000, 0x0000000094c00000|  0%| F|  |TAMS 0x0000000094b00000| PB 0x0000000094b00000| Untracked 
| 332|0x0000000094c00000, 0x0000000094d00000, 0x0000000094d00000|100%| O|  |TAMS 0x0000000094d00000| PB 0x0000000094c00000| Untracked 
| 333|0x0000000094d00000, 0x0000000094d00000, 0x0000000094e00000|  0%| F|  |TAMS 0x0000000094d00000| PB 0x0000000094d00000| Untracked 
| 334|0x0000000094e00000, 0x0000000094e00000, 0x0000000094f00000|  0%| F|  |TAMS 0x0000000094e00000| PB 0x0000000094e00000| Untracked 
| 335|0x0000000094f00000, 0x0000000095000000, 0x0000000095000000|100%| O|  |TAMS 0x0000000095000000| PB 0x0000000094f00000| Untracked 
| 336|0x0000000095000000, 0x0000000095000000, 0x0000000095100000|  0%| F|  |TAMS 0x0000000095000000| PB 0x0000000095000000| Untracked 
| 337|0x0000000095100000, 0x0000000095200000, 0x0000000095200000|100%| O|  |TAMS 0x0000000095200000| PB 0x0000000095100000| Untracked 
| 338|0x0000000095200000, 0x0000000095200000, 0x0000000095300000|  0%| F|  |TAMS 0x0000000095200000| PB 0x0000000095200000| Untracked 
| 339|0x0000000095300000, 0x0000000095300000, 0x0000000095400000|  0%| F|  |TAMS 0x0000000095300000| PB 0x0000000095300000| Untracked 
| 340|0x0000000095400000, 0x0000000095500000, 0x0000000095500000|100%| O|  |TAMS 0x0000000095500000| PB 0x0000000095400000| Untracked 
| 341|0x0000000095500000, 0x0000000095600000, 0x0000000095600000|100%| O|  |TAMS 0x0000000095600000| PB 0x0000000095500000| Untracked 
| 342|0x0000000095600000, 0x0000000095700000, 0x0000000095700000|100%| O|  |TAMS 0x0000000095700000| PB 0x0000000095600000| Untracked 
| 343|0x0000000095700000, 0x0000000095800000, 0x0000000095800000|100%| O|  |TAMS 0x0000000095800000| PB 0x0000000095700000| Untracked 
| 344|0x0000000095800000, 0x0000000095900000, 0x0000000095900000|100%| O|  |TAMS 0x0000000095900000| PB 0x0000000095800000| Untracked 
| 345|0x0000000095900000, 0x0000000095a00000, 0x0000000095a00000|100%| O|  |TAMS 0x0000000095a00000| PB 0x0000000095900000| Untracked 
| 346|0x0000000095a00000, 0x0000000095b00000, 0x0000000095b00000|100%| O|  |TAMS 0x0000000095b00000| PB 0x0000000095a00000| Untracked 
| 347|0x0000000095b00000, 0x0000000095c00000, 0x0000000095c00000|100%| O|  |TAMS 0x0000000095c00000| PB 0x0000000095b00000| Untracked 
| 348|0x0000000095c00000, 0x0000000095d00000, 0x0000000095d00000|100%| O|  |TAMS 0x0000000095d00000| PB 0x0000000095c00000| Untracked 
| 349|0x0000000095d00000, 0x0000000095e00000, 0x0000000095e00000|100%| O|  |TAMS 0x0000000095e00000| PB 0x0000000095d00000| Untracked 
| 350|0x0000000095e00000, 0x0000000095e00000, 0x0000000095f00000|  0%| F|  |TAMS 0x0000000095e00000| PB 0x0000000095e00000| Untracked 
| 351|0x0000000095f00000, 0x0000000096000000, 0x0000000096000000|100%| O|  |TAMS 0x0000000096000000| PB 0x0000000095f00000| Untracked 
| 352|0x0000000096000000, 0x0000000096100000, 0x0000000096100000|100%| O|  |TAMS 0x0000000096100000| PB 0x0000000096000000| Untracked 
| 353|0x0000000096100000, 0x0000000096200000, 0x0000000096200000|100%| O|  |TAMS 0x0000000096200000| PB 0x0000000096100000| Untracked 
| 354|0x0000000096200000, 0x0000000096200000, 0x0000000096300000|  0%| F|  |TAMS 0x0000000096200000| PB 0x0000000096200000| Untracked 
| 355|0x0000000096300000, 0x0000000096300000, 0x0000000096400000|  0%| F|  |TAMS 0x0000000096300000| PB 0x0000000096300000| Untracked 
| 356|0x0000000096400000, 0x0000000096500000, 0x0000000096500000|100%| O|  |TAMS 0x0000000096500000| PB 0x0000000096400000| Untracked 
| 357|0x0000000096500000, 0x0000000096500000, 0x0000000096600000|  0%| F|  |TAMS 0x0000000096500000| PB 0x0000000096500000| Untracked 
| 358|0x0000000096600000, 0x0000000096600000, 0x0000000096700000|  0%| F|  |TAMS 0x0000000096600000| PB 0x0000000096600000| Untracked 
| 359|0x0000000096700000, 0x0000000096700000, 0x0000000096800000|  0%| F|  |TAMS 0x0000000096700000| PB 0x0000000096700000| Untracked 
| 360|0x0000000096800000, 0x0000000096800000, 0x0000000096900000|  0%| F|  |TAMS 0x0000000096800000| PB 0x0000000096800000| Untracked 
| 361|0x0000000096900000, 0x0000000096a00000, 0x0000000096a00000|100%| O|  |TAMS 0x0000000096a00000| PB 0x0000000096900000| Untracked 
| 362|0x0000000096a00000, 0x0000000096b00000, 0x0000000096b00000|100%| O|  |TAMS 0x0000000096b00000| PB 0x0000000096a00000| Untracked 
| 363|0x0000000096b00000, 0x0000000096c00000, 0x0000000096c00000|100%| O|  |TAMS 0x0000000096c00000| PB 0x0000000096b00000| Untracked 
| 364|0x0000000096c00000, 0x0000000096c00000, 0x0000000096d00000|  0%| F|  |TAMS 0x0000000096c00000| PB 0x0000000096c00000| Untracked 
| 365|0x0000000096d00000, 0x0000000096d00000, 0x0000000096e00000|  0%| F|  |TAMS 0x0000000096d00000| PB 0x0000000096d00000| Untracked 
| 366|0x0000000096e00000, 0x0000000096e00000, 0x0000000096f00000|  0%| F|  |TAMS 0x0000000096e00000| PB 0x0000000096e00000| Untracked 
| 367|0x0000000096f00000, 0x0000000096f00000, 0x0000000097000000|  0%| F|  |TAMS 0x0000000096f00000| PB 0x0000000096f00000| Untracked 
| 368|0x0000000097000000, 0x0000000097000000, 0x0000000097100000|  0%| F|  |TAMS 0x0000000097000000| PB 0x0000000097000000| Untracked 
| 369|0x0000000097100000, 0x0000000097100000, 0x0000000097200000|  0%| F|  |TAMS 0x0000000097100000| PB 0x0000000097100000| Untracked 
| 370|0x0000000097200000, 0x0000000097200000, 0x0000000097300000|  0%| F|  |TAMS 0x0000000097200000| PB 0x0000000097200000| Untracked 
| 371|0x0000000097300000, 0x0000000097300000, 0x0000000097400000|  0%| F|  |TAMS 0x0000000097300000| PB 0x0000000097300000| Untracked 
| 372|0x0000000097400000, 0x0000000097400000, 0x0000000097500000|  0%| F|  |TAMS 0x0000000097400000| PB 0x0000000097400000| Untracked 
| 373|0x0000000097500000, 0x0000000097600000, 0x0000000097600000|100%| O|  |TAMS 0x0000000097600000| PB 0x0000000097500000| Untracked 
| 374|0x0000000097600000, 0x0000000097600000, 0x0000000097700000|  0%| F|  |TAMS 0x0000000097600000| PB 0x0000000097600000| Untracked 
| 375|0x0000000097700000, 0x0000000097700000, 0x0000000097800000|  0%| F|  |TAMS 0x0000000097700000| PB 0x0000000097700000| Untracked 
| 376|0x0000000097800000, 0x0000000097800000, 0x0000000097900000|  0%| F|  |TAMS 0x0000000097800000| PB 0x0000000097800000| Untracked 
| 377|0x0000000097900000, 0x0000000097900000, 0x0000000097a00000|  0%| F|  |TAMS 0x0000000097900000| PB 0x0000000097900000| Untracked 
| 378|0x0000000097a00000, 0x0000000097a00000, 0x0000000097b00000|  0%| F|  |TAMS 0x0000000097a00000| PB 0x0000000097a00000| Untracked 
| 379|0x0000000097b00000, 0x0000000097b00000, 0x0000000097c00000|  0%| F|  |TAMS 0x0000000097b00000| PB 0x0000000097b00000| Untracked 
| 380|0x0000000097c00000, 0x0000000097c00000, 0x0000000097d00000|  0%| F|  |TAMS 0x0000000097c00000| PB 0x0000000097c00000| Untracked 
| 381|0x0000000097d00000, 0x0000000097d00000, 0x0000000097e00000|  0%| F|  |TAMS 0x0000000097d00000| PB 0x0000000097d00000| Untracked 
| 382|0x0000000097e00000, 0x0000000097e00000, 0x0000000097f00000|  0%| F|  |TAMS 0x0000000097e00000| PB 0x0000000097e00000| Untracked 
| 383|0x0000000097f00000, 0x0000000097f00000, 0x0000000098000000|  0%| F|  |TAMS 0x0000000097f00000| PB 0x0000000097f00000| Untracked 
| 384|0x0000000098000000, 0x0000000098000000, 0x0000000098100000|  0%| F|  |TAMS 0x0000000098000000| PB 0x0000000098000000| Untracked 
| 385|0x0000000098100000, 0x0000000098100000, 0x0000000098200000|  0%| F|  |TAMS 0x0000000098100000| PB 0x0000000098100000| Untracked 
| 386|0x0000000098200000, 0x0000000098200000, 0x0000000098300000|  0%| F|  |TAMS 0x0000000098200000| PB 0x0000000098200000| Untracked 
| 387|0x0000000098300000, 0x0000000098300000, 0x0000000098400000|  0%| F|  |TAMS 0x0000000098300000| PB 0x0000000098300000| Untracked 
| 388|0x0000000098400000, 0x0000000098400000, 0x0000000098500000|  0%| F|  |TAMS 0x0000000098400000| PB 0x0000000098400000| Untracked 
| 389|0x0000000098500000, 0x0000000098500000, 0x0000000098600000|  0%| F|  |TAMS 0x0000000098500000| PB 0x0000000098500000| Untracked 
| 390|0x0000000098600000, 0x0000000098600000, 0x0000000098700000|  0%| F|  |TAMS 0x0000000098600000| PB 0x0000000098600000| Untracked 
| 391|0x0000000098700000, 0x0000000098700000, 0x0000000098800000|  0%| F|  |TAMS 0x0000000098700000| PB 0x0000000098700000| Untracked 
| 392|0x0000000098800000, 0x0000000098900000, 0x0000000098900000|100%| O|  |TAMS 0x0000000098900000| PB 0x0000000098800000| Untracked 
| 393|0x0000000098900000, 0x0000000098900000, 0x0000000098a00000|  0%| F|  |TAMS 0x0000000098900000| PB 0x0000000098900000| Untracked 
| 394|0x0000000098a00000, 0x0000000098a00000, 0x0000000098b00000|  0%| F|  |TAMS 0x0000000098a00000| PB 0x0000000098a00000| Untracked 
| 395|0x0000000098b00000, 0x0000000098b00000, 0x0000000098c00000|  0%| F|  |TAMS 0x0000000098b00000| PB 0x0000000098b00000| Untracked 
| 396|0x0000000098c00000, 0x0000000098c00000, 0x0000000098d00000|  0%| F|  |TAMS 0x0000000098c00000| PB 0x0000000098c00000| Untracked 
| 397|0x0000000098d00000, 0x0000000098e00000, 0x0000000098e00000|100%| O|  |TAMS 0x0000000098e00000| PB 0x0000000098d00000| Untracked 
| 398|0x0000000098e00000, 0x0000000098e00000, 0x0000000098f00000|  0%| F|  |TAMS 0x0000000098e00000| PB 0x0000000098e00000| Untracked 
| 399|0x0000000098f00000, 0x0000000098f00000, 0x0000000099000000|  0%| F|  |TAMS 0x0000000098f00000| PB 0x0000000098f00000| Untracked 
| 400|0x0000000099000000, 0x0000000099000000, 0x0000000099100000|  0%| F|  |TAMS 0x0000000099000000| PB 0x0000000099000000| Untracked 
| 401|0x0000000099100000, 0x0000000099100000, 0x0000000099200000|  0%| F|  |TAMS 0x0000000099100000| PB 0x0000000099100000| Untracked 
| 402|0x0000000099200000, 0x0000000099200000, 0x0000000099300000|  0%| F|  |TAMS 0x0000000099200000| PB 0x0000000099200000| Untracked 
| 403|0x0000000099300000, 0x0000000099300000, 0x0000000099400000|  0%| F|  |TAMS 0x0000000099300000| PB 0x0000000099300000| Untracked 
| 404|0x0000000099400000, 0x0000000099400000, 0x0000000099500000|  0%| F|  |TAMS 0x0000000099400000| PB 0x0000000099400000| Untracked 
| 405|0x0000000099500000, 0x0000000099500000, 0x0000000099600000|  0%| F|  |TAMS 0x0000000099500000| PB 0x0000000099500000| Untracked 
| 406|0x0000000099600000, 0x0000000099600000, 0x0000000099700000|  0%| F|  |TAMS 0x0000000099600000| PB 0x0000000099600000| Untracked 
| 407|0x0000000099700000, 0x0000000099700000, 0x0000000099800000|  0%| F|  |TAMS 0x0000000099700000| PB 0x0000000099700000| Untracked 
| 408|0x0000000099800000, 0x0000000099800000, 0x0000000099900000|  0%| F|  |TAMS 0x0000000099800000| PB 0x0000000099800000| Untracked 
| 409|0x0000000099900000, 0x0000000099900000, 0x0000000099a00000|  0%| F|  |TAMS 0x0000000099900000| PB 0x0000000099900000| Untracked 
| 410|0x0000000099a00000, 0x0000000099a00000, 0x0000000099b00000|  0%| F|  |TAMS 0x0000000099a00000| PB 0x0000000099a00000| Untracked 
| 411|0x0000000099b00000, 0x0000000099b00000, 0x0000000099c00000|  0%| F|  |TAMS 0x0000000099b00000| PB 0x0000000099b00000| Untracked 
| 412|0x0000000099c00000, 0x0000000099c00000, 0x0000000099d00000|  0%| F|  |TAMS 0x0000000099c00000| PB 0x0000000099c00000| Untracked 
| 413|0x0000000099d00000, 0x0000000099d00000, 0x0000000099e00000|  0%| F|  |TAMS 0x0000000099d00000| PB 0x0000000099d00000| Untracked 
| 414|0x0000000099e00000, 0x0000000099e00000, 0x0000000099f00000|  0%| F|  |TAMS 0x0000000099e00000| PB 0x0000000099e00000| Untracked 
| 415|0x0000000099f00000, 0x000000009a000000, 0x000000009a000000|100%| O|  |TAMS 0x000000009a000000| PB 0x0000000099f00000| Untracked 
| 416|0x000000009a000000, 0x000000009a000000, 0x000000009a100000|  0%| F|  |TAMS 0x000000009a000000| PB 0x000000009a000000| Untracked 
| 417|0x000000009a100000, 0x000000009a100000, 0x000000009a200000|  0%| F|  |TAMS 0x000000009a100000| PB 0x000000009a100000| Untracked 
| 418|0x000000009a200000, 0x000000009a200000, 0x000000009a300000|  0%| F|  |TAMS 0x000000009a200000| PB 0x000000009a200000| Untracked 
| 419|0x000000009a300000, 0x000000009a300000, 0x000000009a400000|  0%| F|  |TAMS 0x000000009a300000| PB 0x000000009a300000| Untracked 
| 420|0x000000009a400000, 0x000000009a400000, 0x000000009a500000|  0%| F|  |TAMS 0x000000009a400000| PB 0x000000009a400000| Untracked 
| 421|0x000000009a500000, 0x000000009a500000, 0x000000009a600000|  0%| F|  |TAMS 0x000000009a500000| PB 0x000000009a500000| Untracked 
| 422|0x000000009a600000, 0x000000009a600000, 0x000000009a700000|  0%| F|  |TAMS 0x000000009a600000| PB 0x000000009a600000| Untracked 
| 423|0x000000009a700000, 0x000000009a700000, 0x000000009a800000|  0%| F|  |TAMS 0x000000009a700000| PB 0x000000009a700000| Untracked 
| 424|0x000000009a800000, 0x000000009a900000, 0x000000009a900000|100%| O|  |TAMS 0x000000009a900000| PB 0x000000009a800000| Untracked 
| 425|0x000000009a900000, 0x000000009a900000, 0x000000009aa00000|  0%| F|  |TAMS 0x000000009a900000| PB 0x000000009a900000| Untracked 
| 426|0x000000009aa00000, 0x000000009aa00000, 0x000000009ab00000|  0%| F|  |TAMS 0x000000009aa00000| PB 0x000000009aa00000| Untracked 
| 427|0x000000009ab00000, 0x000000009ab00000, 0x000000009ac00000|  0%| F|  |TAMS 0x000000009ab00000| PB 0x000000009ab00000| Untracked 
| 428|0x000000009ac00000, 0x000000009ac00000, 0x000000009ad00000|  0%| F|  |TAMS 0x000000009ac00000| PB 0x000000009ac00000| Untracked 
| 429|0x000000009ad00000, 0x000000009ad00000, 0x000000009ae00000|  0%| F|  |TAMS 0x000000009ad00000| PB 0x000000009ad00000| Untracked 
| 430|0x000000009ae00000, 0x000000009ae00000, 0x000000009af00000|  0%| F|  |TAMS 0x000000009ae00000| PB 0x000000009ae00000| Untracked 
| 431|0x000000009af00000, 0x000000009b000000, 0x000000009b000000|100%| O|  |TAMS 0x000000009b000000| PB 0x000000009af00000| Untracked 
| 432|0x000000009b000000, 0x000000009b100000, 0x000000009b100000|100%| O|  |TAMS 0x000000009b100000| PB 0x000000009b000000| Untracked 
| 433|0x000000009b100000, 0x000000009b100000, 0x000000009b200000|  0%| F|  |TAMS 0x000000009b100000| PB 0x000000009b100000| Untracked 
| 434|0x000000009b200000, 0x000000009b200000, 0x000000009b300000|  0%| F|  |TAMS 0x000000009b200000| PB 0x000000009b200000| Untracked 
| 435|0x000000009b300000, 0x000000009b400000, 0x000000009b400000|100%| O|  |TAMS 0x000000009b400000| PB 0x000000009b300000| Untracked 
| 436|0x000000009b400000, 0x000000009b500000, 0x000000009b500000|100%| O|  |TAMS 0x000000009b500000| PB 0x000000009b400000| Untracked 
| 437|0x000000009b500000, 0x000000009b600000, 0x000000009b600000|100%| O|  |TAMS 0x000000009b600000| PB 0x000000009b500000| Untracked 
| 438|0x000000009b600000, 0x000000009b700000, 0x000000009b700000|100%| O|  |TAMS 0x000000009b700000| PB 0x000000009b600000| Untracked 
| 439|0x000000009b700000, 0x000000009b800000, 0x000000009b800000|100%| O|  |TAMS 0x000000009b800000| PB 0x000000009b700000| Untracked 
| 440|0x000000009b800000, 0x000000009b900000, 0x000000009b900000|100%| O|  |TAMS 0x000000009b900000| PB 0x000000009b800000| Untracked 
| 441|0x000000009b900000, 0x000000009b900000, 0x000000009ba00000|  0%| F|  |TAMS 0x000000009b900000| PB 0x000000009b900000| Untracked 
| 442|0x000000009ba00000, 0x000000009ba00000, 0x000000009bb00000|  0%| F|  |TAMS 0x000000009ba00000| PB 0x000000009ba00000| Untracked 
| 443|0x000000009bb00000, 0x000000009bb00000, 0x000000009bc00000|  0%| F|  |TAMS 0x000000009bb00000| PB 0x000000009bb00000| Untracked 
| 444|0x000000009bc00000, 0x000000009bc00000, 0x000000009bd00000|  0%| F|  |TAMS 0x000000009bc00000| PB 0x000000009bc00000| Untracked 
| 445|0x000000009bd00000, 0x000000009bd00000, 0x000000009be00000|  0%| F|  |TAMS 0x000000009bd00000| PB 0x000000009bd00000| Untracked 
| 446|0x000000009be00000, 0x000000009be00000, 0x000000009bf00000|  0%| F|  |TAMS 0x000000009be00000| PB 0x000000009be00000| Untracked 
| 447|0x000000009bf00000, 0x000000009c000000, 0x000000009c000000|100%| O|  |TAMS 0x000000009c000000| PB 0x000000009bf00000| Untracked 
| 448|0x000000009c000000, 0x000000009c100000, 0x000000009c100000|100%| O|  |TAMS 0x000000009c100000| PB 0x000000009c000000| Untracked 
| 449|0x000000009c100000, 0x000000009c200000, 0x000000009c200000|100%| O|  |TAMS 0x000000009c200000| PB 0x000000009c100000| Untracked 
| 450|0x000000009c200000, 0x000000009c300000, 0x000000009c300000|100%| O|  |TAMS 0x000000009c300000| PB 0x000000009c200000| Untracked 
| 451|0x000000009c300000, 0x000000009c400000, 0x000000009c400000|100%| O|  |TAMS 0x000000009c400000| PB 0x000000009c300000| Untracked 
| 452|0x000000009c400000, 0x000000009c500000, 0x000000009c500000|100%| O|  |TAMS 0x000000009c500000| PB 0x000000009c400000| Untracked 
| 453|0x000000009c500000, 0x000000009c600000, 0x000000009c600000|100%| O|  |TAMS 0x000000009c600000| PB 0x000000009c500000| Untracked 
| 454|0x000000009c600000, 0x000000009c600000, 0x000000009c700000|  0%| F|  |TAMS 0x000000009c600000| PB 0x000000009c600000| Untracked 
| 455|0x000000009c700000, 0x000000009c700000, 0x000000009c800000|  0%| F|  |TAMS 0x000000009c700000| PB 0x000000009c700000| Untracked 
| 456|0x000000009c800000, 0x000000009c800000, 0x000000009c900000|  0%| F|  |TAMS 0x000000009c800000| PB 0x000000009c800000| Untracked 
| 457|0x000000009c900000, 0x000000009c900000, 0x000000009ca00000|  0%| F|  |TAMS 0x000000009c900000| PB 0x000000009c900000| Untracked 
| 458|0x000000009ca00000, 0x000000009cb00000, 0x000000009cb00000|100%| O|  |TAMS 0x000000009cb00000| PB 0x000000009ca00000| Untracked 
| 459|0x000000009cb00000, 0x000000009cb00000, 0x000000009cc00000|  0%| F|  |TAMS 0x000000009cb00000| PB 0x000000009cb00000| Untracked 
| 460|0x000000009cc00000, 0x000000009cc00000, 0x000000009cd00000|  0%| F|  |TAMS 0x000000009cc00000| PB 0x000000009cc00000| Untracked 
| 461|0x000000009cd00000, 0x000000009cd00000, 0x000000009ce00000|  0%| F|  |TAMS 0x000000009cd00000| PB 0x000000009cd00000| Untracked 
| 462|0x000000009ce00000, 0x000000009ce00000, 0x000000009cf00000|  0%| F|  |TAMS 0x000000009ce00000| PB 0x000000009ce00000| Untracked 
| 463|0x000000009cf00000, 0x000000009cf00000, 0x000000009d000000|  0%| F|  |TAMS 0x000000009cf00000| PB 0x000000009cf00000| Untracked 
| 464|0x000000009d000000, 0x000000009d000000, 0x000000009d100000|  0%| F|  |TAMS 0x000000009d000000| PB 0x000000009d000000| Untracked 
| 465|0x000000009d100000, 0x000000009d100000, 0x000000009d200000|  0%| F|  |TAMS 0x000000009d100000| PB 0x000000009d100000| Untracked 
| 466|0x000000009d200000, 0x000000009d300000, 0x000000009d300000|100%| O|  |TAMS 0x000000009d300000| PB 0x000000009d200000| Untracked 
| 467|0x000000009d300000, 0x000000009d400000, 0x000000009d400000|100%| O|  |TAMS 0x000000009d400000| PB 0x000000009d300000| Untracked 
| 468|0x000000009d400000, 0x000000009d500000, 0x000000009d500000|100%| O|  |TAMS 0x000000009d500000| PB 0x000000009d400000| Untracked 
| 469|0x000000009d500000, 0x000000009d500000, 0x000000009d600000|  0%| F|  |TAMS 0x000000009d500000| PB 0x000000009d500000| Untracked 
| 470|0x000000009d600000, 0x000000009d600000, 0x000000009d700000|  0%| F|  |TAMS 0x000000009d600000| PB 0x000000009d600000| Untracked 
| 471|0x000000009d700000, 0x000000009d800000, 0x000000009d800000|100%| O|  |TAMS 0x000000009d800000| PB 0x000000009d700000| Untracked 
| 472|0x000000009d800000, 0x000000009d900000, 0x000000009d900000|100%| O|  |TAMS 0x000000009d900000| PB 0x000000009d800000| Untracked 
| 473|0x000000009d900000, 0x000000009d900000, 0x000000009da00000|  0%| F|  |TAMS 0x000000009d900000| PB 0x000000009d900000| Untracked 
| 474|0x000000009da00000, 0x000000009da00000, 0x000000009db00000|  0%| F|  |TAMS 0x000000009da00000| PB 0x000000009da00000| Untracked 
| 475|0x000000009db00000, 0x000000009dc00000, 0x000000009dc00000|100%| O|  |TAMS 0x000000009dc00000| PB 0x000000009db00000| Untracked 
| 476|0x000000009dc00000, 0x000000009dd00000, 0x000000009dd00000|100%| O|  |TAMS 0x000000009dd00000| PB 0x000000009dc00000| Untracked 
| 477|0x000000009dd00000, 0x000000009de00000, 0x000000009de00000|100%| O|  |TAMS 0x000000009de00000| PB 0x000000009dd00000| Untracked 
| 478|0x000000009de00000, 0x000000009de00000, 0x000000009df00000|  0%| F|  |TAMS 0x000000009de00000| PB 0x000000009de00000| Untracked 
| 479|0x000000009df00000, 0x000000009e000000, 0x000000009e000000|100%| O|  |TAMS 0x000000009e000000| PB 0x000000009df00000| Untracked 
| 480|0x000000009e000000, 0x000000009e100000, 0x000000009e100000|100%| O|  |TAMS 0x000000009e100000| PB 0x000000009e000000| Untracked 
| 481|0x000000009e100000, 0x000000009e200000, 0x000000009e200000|100%| O|  |TAMS 0x000000009e200000| PB 0x000000009e100000| Untracked 
| 482|0x000000009e200000, 0x000000009e300000, 0x000000009e300000|100%| O|  |TAMS 0x000000009e300000| PB 0x000000009e200000| Untracked 
| 483|0x000000009e300000, 0x000000009e400000, 0x000000009e400000|100%| O|  |TAMS 0x000000009e400000| PB 0x000000009e300000| Untracked 
| 484|0x000000009e400000, 0x000000009e500000, 0x000000009e500000|100%| O|  |TAMS 0x000000009e500000| PB 0x000000009e400000| Untracked 
| 485|0x000000009e500000, 0x000000009e600000, 0x000000009e600000|100%| O|  |TAMS 0x000000009e600000| PB 0x000000009e500000| Untracked 
| 486|0x000000009e600000, 0x000000009e700000, 0x000000009e700000|100%| O|  |TAMS 0x000000009e700000| PB 0x000000009e600000| Untracked 
| 487|0x000000009e700000, 0x000000009e800000, 0x000000009e800000|100%| O|  |TAMS 0x000000009e800000| PB 0x000000009e700000| Untracked 
| 488|0x000000009e800000, 0x000000009e900000, 0x000000009e900000|100%| O|  |TAMS 0x000000009e900000| PB 0x000000009e800000| Untracked 
| 489|0x000000009e900000, 0x000000009ea00000, 0x000000009ea00000|100%| O|  |TAMS 0x000000009ea00000| PB 0x000000009e900000| Untracked 
| 490|0x000000009ea00000, 0x000000009eb00000, 0x000000009eb00000|100%| O|  |TAMS 0x000000009eb00000| PB 0x000000009ea00000| Untracked 
| 491|0x000000009eb00000, 0x000000009ec00000, 0x000000009ec00000|100%| O|  |TAMS 0x000000009ec00000| PB 0x000000009eb00000| Untracked 
| 492|0x000000009ec00000, 0x000000009ed00000, 0x000000009ed00000|100%| O|  |TAMS 0x000000009ed00000| PB 0x000000009ec00000| Untracked 
| 493|0x000000009ed00000, 0x000000009ee00000, 0x000000009ee00000|100%| O|  |TAMS 0x000000009ee00000| PB 0x000000009ed00000| Untracked 
| 494|0x000000009ee00000, 0x000000009ef00000, 0x000000009ef00000|100%| O|  |TAMS 0x000000009ef00000| PB 0x000000009ee00000| Untracked 
| 495|0x000000009ef00000, 0x000000009f000000, 0x000000009f000000|100%| O|  |TAMS 0x000000009f000000| PB 0x000000009ef00000| Untracked 
| 496|0x000000009f000000, 0x000000009f100000, 0x000000009f100000|100%| O|  |TAMS 0x000000009f100000| PB 0x000000009f000000| Untracked 
| 497|0x000000009f100000, 0x000000009f200000, 0x000000009f200000|100%| O|  |TAMS 0x000000009f200000| PB 0x000000009f100000| Untracked 
| 498|0x000000009f200000, 0x000000009f300000, 0x000000009f300000|100%| O|  |TAMS 0x000000009f300000| PB 0x000000009f200000| Untracked 
| 499|0x000000009f300000, 0x000000009f300000, 0x000000009f400000|  0%| F|  |TAMS 0x000000009f300000| PB 0x000000009f300000| Untracked 
| 500|0x000000009f400000, 0x000000009f400000, 0x000000009f500000|  0%| F|  |TAMS 0x000000009f400000| PB 0x000000009f400000| Untracked 
| 501|0x000000009f500000, 0x000000009f500000, 0x000000009f600000|  0%| F|  |TAMS 0x000000009f500000| PB 0x000000009f500000| Untracked 
| 502|0x000000009f600000, 0x000000009f700000, 0x000000009f700000|100%| O|  |TAMS 0x000000009f700000| PB 0x000000009f600000| Untracked 
| 503|0x000000009f700000, 0x000000009f700000, 0x000000009f800000|  0%| F|  |TAMS 0x000000009f700000| PB 0x000000009f700000| Untracked 
| 504|0x000000009f800000, 0x000000009f800000, 0x000000009f900000|  0%| F|  |TAMS 0x000000009f800000| PB 0x000000009f800000| Untracked 
| 505|0x000000009f900000, 0x000000009f900000, 0x000000009fa00000|  0%| F|  |TAMS 0x000000009f900000| PB 0x000000009f900000| Untracked 
| 506|0x000000009fa00000, 0x000000009fa00000, 0x000000009fb00000|  0%| F|  |TAMS 0x000000009fa00000| PB 0x000000009fa00000| Untracked 
| 507|0x000000009fb00000, 0x000000009fb00000, 0x000000009fc00000|  0%| F|  |TAMS 0x000000009fb00000| PB 0x000000009fb00000| Untracked 
| 508|0x000000009fc00000, 0x000000009fc00000, 0x000000009fd00000|  0%| F|  |TAMS 0x000000009fc00000| PB 0x000000009fc00000| Untracked 
| 509|0x000000009fd00000, 0x000000009fd00000, 0x000000009fe00000|  0%| F|  |TAMS 0x000000009fd00000| PB 0x000000009fd00000| Untracked 
| 510|0x000000009fe00000, 0x000000009fe00000, 0x000000009ff00000|  0%| F|  |TAMS 0x000000009fe00000| PB 0x000000009fe00000| Untracked 
| 511|0x000000009ff00000, 0x000000009ff00000, 0x00000000a0000000|  0%| F|  |TAMS 0x000000009ff00000| PB 0x000000009ff00000| Untracked 
| 512|0x00000000a0000000, 0x00000000a0000000, 0x00000000a0100000|  0%| F|  |TAMS 0x00000000a0000000| PB 0x00000000a0000000| Untracked 
| 513|0x00000000a0100000, 0x00000000a0100000, 0x00000000a0200000|  0%| F|  |TAMS 0x00000000a0100000| PB 0x00000000a0100000| Untracked 
| 514|0x00000000a0200000, 0x00000000a0200000, 0x00000000a0300000|  0%| F|  |TAMS 0x00000000a0200000| PB 0x00000000a0200000| Untracked 
| 515|0x00000000a0300000, 0x00000000a0400000, 0x00000000a0400000|100%| O|  |TAMS 0x00000000a0400000| PB 0x00000000a0300000| Untracked 
| 516|0x00000000a0400000, 0x00000000a0500000, 0x00000000a0500000|100%| O|  |TAMS 0x00000000a0500000| PB 0x00000000a0400000| Untracked 
| 517|0x00000000a0500000, 0x00000000a0500000, 0x00000000a0600000|  0%| F|  |TAMS 0x00000000a0500000| PB 0x00000000a0500000| Untracked 
| 518|0x00000000a0600000, 0x00000000a0600000, 0x00000000a0700000|  0%| F|  |TAMS 0x00000000a0600000| PB 0x00000000a0600000| Untracked 
| 519|0x00000000a0700000, 0x00000000a0700000, 0x00000000a0800000|  0%| F|  |TAMS 0x00000000a0700000| PB 0x00000000a0700000| Untracked 
| 520|0x00000000a0800000, 0x00000000a0800000, 0x00000000a0900000|  0%| F|  |TAMS 0x00000000a0800000| PB 0x00000000a0800000| Untracked 
| 521|0x00000000a0900000, 0x00000000a0900000, 0x00000000a0a00000|  0%| F|  |TAMS 0x00000000a0900000| PB 0x00000000a0900000| Untracked 
| 522|0x00000000a0a00000, 0x00000000a0a00000, 0x00000000a0b00000|  0%| F|  |TAMS 0x00000000a0a00000| PB 0x00000000a0a00000| Untracked 
| 523|0x00000000a0b00000, 0x00000000a0b00000, 0x00000000a0c00000|  0%| F|  |TAMS 0x00000000a0b00000| PB 0x00000000a0b00000| Untracked 
| 524|0x00000000a0c00000, 0x00000000a0c00000, 0x00000000a0d00000|  0%| F|  |TAMS 0x00000000a0c00000| PB 0x00000000a0c00000| Untracked 
| 525|0x00000000a0d00000, 0x00000000a0d00000, 0x00000000a0e00000|  0%| F|  |TAMS 0x00000000a0d00000| PB 0x00000000a0d00000| Untracked 
| 526|0x00000000a0e00000, 0x00000000a0e00000, 0x00000000a0f00000|  0%| F|  |TAMS 0x00000000a0e00000| PB 0x00000000a0e00000| Untracked 
| 527|0x00000000a0f00000, 0x00000000a0f00000, 0x00000000a1000000|  0%| F|  |TAMS 0x00000000a0f00000| PB 0x00000000a0f00000| Untracked 
| 528|0x00000000a1000000, 0x00000000a1000000, 0x00000000a1100000|  0%| F|  |TAMS 0x00000000a1000000| PB 0x00000000a1000000| Untracked 
| 529|0x00000000a1100000, 0x00000000a1100000, 0x00000000a1200000|  0%| F|  |TAMS 0x00000000a1100000| PB 0x00000000a1100000| Untracked 
| 530|0x00000000a1200000, 0x00000000a1200000, 0x00000000a1300000|  0%| F|  |TAMS 0x00000000a1200000| PB 0x00000000a1200000| Untracked 
| 531|0x00000000a1300000, 0x00000000a1300000, 0x00000000a1400000|  0%| F|  |TAMS 0x00000000a1300000| PB 0x00000000a1300000| Untracked 
| 532|0x00000000a1400000, 0x00000000a1400000, 0x00000000a1500000|  0%| F|  |TAMS 0x00000000a1400000| PB 0x00000000a1400000| Untracked 
| 533|0x00000000a1500000, 0x00000000a1500000, 0x00000000a1600000|  0%| F|  |TAMS 0x00000000a1500000| PB 0x00000000a1500000| Untracked 
| 534|0x00000000a1600000, 0x00000000a1600000, 0x00000000a1700000|  0%| F|  |TAMS 0x00000000a1600000| PB 0x00000000a1600000| Untracked 
| 535|0x00000000a1700000, 0x00000000a1700000, 0x00000000a1800000|  0%| F|  |TAMS 0x00000000a1700000| PB 0x00000000a1700000| Untracked 
| 536|0x00000000a1800000, 0x00000000a1800000, 0x00000000a1900000|  0%| F|  |TAMS 0x00000000a1800000| PB 0x00000000a1800000| Untracked 
| 537|0x00000000a1900000, 0x00000000a1900000, 0x00000000a1a00000|  0%| F|  |TAMS 0x00000000a1900000| PB 0x00000000a1900000| Untracked 
| 538|0x00000000a1a00000, 0x00000000a1b00000, 0x00000000a1b00000|100%| O|  |TAMS 0x00000000a1b00000| PB 0x00000000a1a00000| Untracked 
| 539|0x00000000a1b00000, 0x00000000a1b00000, 0x00000000a1c00000|  0%| F|  |TAMS 0x00000000a1b00000| PB 0x00000000a1b00000| Untracked 
| 540|0x00000000a1c00000, 0x00000000a1c00000, 0x00000000a1d00000|  0%| F|  |TAMS 0x00000000a1c00000| PB 0x00000000a1c00000| Untracked 
| 541|0x00000000a1d00000, 0x00000000a1d00000, 0x00000000a1e00000|  0%| F|  |TAMS 0x00000000a1d00000| PB 0x00000000a1d00000| Untracked 
| 542|0x00000000a1e00000, 0x00000000a1e00000, 0x00000000a1f00000|  0%| F|  |TAMS 0x00000000a1e00000| PB 0x00000000a1e00000| Untracked 
| 543|0x00000000a1f00000, 0x00000000a1f00000, 0x00000000a2000000|  0%| F|  |TAMS 0x00000000a1f00000| PB 0x00000000a1f00000| Untracked 
| 544|0x00000000a2000000, 0x00000000a2100000, 0x00000000a2100000|100%| O|  |TAMS 0x00000000a2100000| PB 0x00000000a2000000| Untracked 
| 545|0x00000000a2100000, 0x00000000a2100000, 0x00000000a2200000|  0%| F|  |TAMS 0x00000000a2100000| PB 0x00000000a2100000| Untracked 
| 546|0x00000000a2200000, 0x00000000a2200000, 0x00000000a2300000|  0%| F|  |TAMS 0x00000000a2200000| PB 0x00000000a2200000| Untracked 
| 547|0x00000000a2300000, 0x00000000a2400000, 0x00000000a2400000|100%| O|  |TAMS 0x00000000a2400000| PB 0x00000000a2300000| Untracked 
| 548|0x00000000a2400000, 0x00000000a2400000, 0x00000000a2500000|  0%| F|  |TAMS 0x00000000a2400000| PB 0x00000000a2400000| Untracked 
| 549|0x00000000a2500000, 0x00000000a2500000, 0x00000000a2600000|  0%| F|  |TAMS 0x00000000a2500000| PB 0x00000000a2500000| Untracked 
| 550|0x00000000a2600000, 0x00000000a2600000, 0x00000000a2700000|  0%| F|  |TAMS 0x00000000a2600000| PB 0x00000000a2600000| Untracked 
| 551|0x00000000a2700000, 0x00000000a2800000, 0x00000000a2800000|100%| O|  |TAMS 0x00000000a2800000| PB 0x00000000a2700000| Untracked 
| 552|0x00000000a2800000, 0x00000000a2800000, 0x00000000a2900000|  0%| F|  |TAMS 0x00000000a2800000| PB 0x00000000a2800000| Untracked 
| 553|0x00000000a2900000, 0x00000000a2a00000, 0x00000000a2a00000|100%| O|  |TAMS 0x00000000a2a00000| PB 0x00000000a2900000| Untracked 
| 554|0x00000000a2a00000, 0x00000000a2a00000, 0x00000000a2b00000|  0%| F|  |TAMS 0x00000000a2a00000| PB 0x00000000a2a00000| Untracked 
| 555|0x00000000a2b00000, 0x00000000a2b00000, 0x00000000a2c00000|  0%| F|  |TAMS 0x00000000a2b00000| PB 0x00000000a2b00000| Untracked 
| 556|0x00000000a2c00000, 0x00000000a2c00000, 0x00000000a2d00000|  0%| F|  |TAMS 0x00000000a2c00000| PB 0x00000000a2c00000| Untracked 
| 557|0x00000000a2d00000, 0x00000000a2d00000, 0x00000000a2e00000|  0%| F|  |TAMS 0x00000000a2d00000| PB 0x00000000a2d00000| Untracked 
| 558|0x00000000a2e00000, 0x00000000a2e00000, 0x00000000a2f00000|  0%| F|  |TAMS 0x00000000a2e00000| PB 0x00000000a2e00000| Untracked 
| 559|0x00000000a2f00000, 0x00000000a2f00000, 0x00000000a3000000|  0%| F|  |TAMS 0x00000000a2f00000| PB 0x00000000a2f00000| Untracked 
| 560|0x00000000a3000000, 0x00000000a3000000, 0x00000000a3100000|  0%| F|  |TAMS 0x00000000a3000000| PB 0x00000000a3000000| Untracked 
| 561|0x00000000a3100000, 0x00000000a3100000, 0x00000000a3200000|  0%| F|  |TAMS 0x00000000a3100000| PB 0x00000000a3100000| Untracked 
| 562|0x00000000a3200000, 0x00000000a3200000, 0x00000000a3300000|  0%| F|  |TAMS 0x00000000a3200000| PB 0x00000000a3200000| Untracked 
| 563|0x00000000a3300000, 0x00000000a3300000, 0x00000000a3400000|  0%| F|  |TAMS 0x00000000a3300000| PB 0x00000000a3300000| Untracked 
| 564|0x00000000a3400000, 0x00000000a3400000, 0x00000000a3500000|  0%| F|  |TAMS 0x00000000a3400000| PB 0x00000000a3400000| Untracked 
| 565|0x00000000a3500000, 0x00000000a3500000, 0x00000000a3600000|  0%| F|  |TAMS 0x00000000a3500000| PB 0x00000000a3500000| Untracked 
| 566|0x00000000a3600000, 0x00000000a3700000, 0x00000000a3700000|100%|HS|  |TAMS 0x00000000a3700000| PB 0x00000000a3600000| Complete 
| 567|0x00000000a3700000, 0x00000000a3800000, 0x00000000a3800000|100%|HC|  |TAMS 0x00000000a3800000| PB 0x00000000a3700000| Complete 
| 568|0x00000000a3800000, 0x00000000a3900000, 0x00000000a3900000|100%|HC|  |TAMS 0x00000000a3900000| PB 0x00000000a3800000| Complete 
| 569|0x00000000a3900000, 0x00000000a3a00000, 0x00000000a3a00000|100%|HC|  |TAMS 0x00000000a3a00000| PB 0x00000000a3900000| Complete 
| 570|0x00000000a3a00000, 0x00000000a3b00000, 0x00000000a3b00000|100%|HC|  |TAMS 0x00000000a3b00000| PB 0x00000000a3a00000| Complete 
| 571|0x00000000a3b00000, 0x00000000a3c00000, 0x00000000a3c00000|100%|HC|  |TAMS 0x00000000a3c00000| PB 0x00000000a3b00000| Complete 
| 572|0x00000000a3c00000, 0x00000000a3d00000, 0x00000000a3d00000|100%|HC|  |TAMS 0x00000000a3d00000| PB 0x00000000a3c00000| Complete 
| 573|0x00000000a3d00000, 0x00000000a3e00000, 0x00000000a3e00000|100%|HC|  |TAMS 0x00000000a3e00000| PB 0x00000000a3d00000| Complete 
| 574|0x00000000a3e00000, 0x00000000a3f00000, 0x00000000a3f00000|100%|HC|  |TAMS 0x00000000a3f00000| PB 0x00000000a3e00000| Complete 
| 575|0x00000000a3f00000, 0x00000000a4000000, 0x00000000a4000000|100%|HC|  |TAMS 0x00000000a4000000| PB 0x00000000a3f00000| Complete 
| 576|0x00000000a4000000, 0x00000000a4100000, 0x00000000a4100000|100%|HC|  |TAMS 0x00000000a4100000| PB 0x00000000a4000000| Complete 
| 577|0x00000000a4100000, 0x00000000a4200000, 0x00000000a4200000|100%|HC|  |TAMS 0x00000000a4200000| PB 0x00000000a4100000| Complete 
| 578|0x00000000a4200000, 0x00000000a4300000, 0x00000000a4300000|100%|HC|  |TAMS 0x00000000a4300000| PB 0x00000000a4200000| Complete 
| 579|0x00000000a4300000, 0x00000000a4400000, 0x00000000a4400000|100%|HC|  |TAMS 0x00000000a4400000| PB 0x00000000a4300000| Complete 
| 580|0x00000000a4400000, 0x00000000a4500000, 0x00000000a4500000|100%|HC|  |TAMS 0x00000000a4500000| PB 0x00000000a4400000| Complete 
| 581|0x00000000a4500000, 0x00000000a4600000, 0x00000000a4600000|100%|HC|  |TAMS 0x00000000a4600000| PB 0x00000000a4500000| Complete 
| 582|0x00000000a4600000, 0x00000000a4600000, 0x00000000a4700000|  0%| F|  |TAMS 0x00000000a4600000| PB 0x00000000a4600000| Untracked 
| 583|0x00000000a4700000, 0x00000000a4700000, 0x00000000a4800000|  0%| F|  |TAMS 0x00000000a4700000| PB 0x00000000a4700000| Untracked 
| 584|0x00000000a4800000, 0x00000000a4800000, 0x00000000a4900000|  0%| F|  |TAMS 0x00000000a4800000| PB 0x00000000a4800000| Untracked 
| 585|0x00000000a4900000, 0x00000000a4900000, 0x00000000a4a00000|  0%| F|  |TAMS 0x00000000a4900000| PB 0x00000000a4900000| Untracked 
| 586|0x00000000a4a00000, 0x00000000a4a00000, 0x00000000a4b00000|  0%| F|  |TAMS 0x00000000a4a00000| PB 0x00000000a4a00000| Untracked 
| 587|0x00000000a4b00000, 0x00000000a4b00000, 0x00000000a4c00000|  0%| F|  |TAMS 0x00000000a4b00000| PB 0x00000000a4b00000| Untracked 
| 588|0x00000000a4c00000, 0x00000000a4c00000, 0x00000000a4d00000|  0%| F|  |TAMS 0x00000000a4c00000| PB 0x00000000a4c00000| Untracked 
| 589|0x00000000a4d00000, 0x00000000a4d00000, 0x00000000a4e00000|  0%| F|  |TAMS 0x00000000a4d00000| PB 0x00000000a4d00000| Untracked 
| 590|0x00000000a4e00000, 0x00000000a4e00000, 0x00000000a4f00000|  0%| F|  |TAMS 0x00000000a4e00000| PB 0x00000000a4e00000| Untracked 
| 591|0x00000000a4f00000, 0x00000000a4f00000, 0x00000000a5000000|  0%| F|  |TAMS 0x00000000a4f00000| PB 0x00000000a4f00000| Untracked 
| 592|0x00000000a5000000, 0x00000000a5000000, 0x00000000a5100000|  0%| F|  |TAMS 0x00000000a5000000| PB 0x00000000a5000000| Untracked 
| 593|0x00000000a5100000, 0x00000000a5100000, 0x00000000a5200000|  0%| F|  |TAMS 0x00000000a5100000| PB 0x00000000a5100000| Untracked 
| 594|0x00000000a5200000, 0x00000000a5200000, 0x00000000a5300000|  0%| F|  |TAMS 0x00000000a5200000| PB 0x00000000a5200000| Untracked 
| 595|0x00000000a5300000, 0x00000000a5300000, 0x00000000a5400000|  0%| F|  |TAMS 0x00000000a5300000| PB 0x00000000a5300000| Untracked 
| 596|0x00000000a5400000, 0x00000000a5400000, 0x00000000a5500000|  0%| F|  |TAMS 0x00000000a5400000| PB 0x00000000a5400000| Untracked 
| 597|0x00000000a5500000, 0x00000000a5500000, 0x00000000a5600000|  0%| F|  |TAMS 0x00000000a5500000| PB 0x00000000a5500000| Untracked 
| 598|0x00000000a5600000, 0x00000000a5600000, 0x00000000a5700000|  0%| F|  |TAMS 0x00000000a5600000| PB 0x00000000a5600000| Untracked 
| 599|0x00000000a5700000, 0x00000000a5700000, 0x00000000a5800000|  0%| F|  |TAMS 0x00000000a5700000| PB 0x00000000a5700000| Untracked 
| 600|0x00000000a5800000, 0x00000000a5800000, 0x00000000a5900000|  0%| F|  |TAMS 0x00000000a5800000| PB 0x00000000a5800000| Untracked 
| 601|0x00000000a5900000, 0x00000000a5900000, 0x00000000a5a00000|  0%| F|  |TAMS 0x00000000a5900000| PB 0x00000000a5900000| Untracked 
| 602|0x00000000a5a00000, 0x00000000a5a00000, 0x00000000a5b00000|  0%| F|  |TAMS 0x00000000a5a00000| PB 0x00000000a5a00000| Untracked 
| 603|0x00000000a5b00000, 0x00000000a5b00000, 0x00000000a5c00000|  0%| F|  |TAMS 0x00000000a5b00000| PB 0x00000000a5b00000| Untracked 
| 604|0x00000000a5c00000, 0x00000000a5c00000, 0x00000000a5d00000|  0%| F|  |TAMS 0x00000000a5c00000| PB 0x00000000a5c00000| Untracked 
| 605|0x00000000a5d00000, 0x00000000a5d00000, 0x00000000a5e00000|  0%| F|  |TAMS 0x00000000a5d00000| PB 0x00000000a5d00000| Untracked 
| 606|0x00000000a5e00000, 0x00000000a5e00000, 0x00000000a5f00000|  0%| F|  |TAMS 0x00000000a5e00000| PB 0x00000000a5e00000| Untracked 
| 607|0x00000000a5f00000, 0x00000000a5f00000, 0x00000000a6000000|  0%| F|  |TAMS 0x00000000a5f00000| PB 0x00000000a5f00000| Untracked 
| 608|0x00000000a6000000, 0x00000000a6000000, 0x00000000a6100000|  0%| F|  |TAMS 0x00000000a6000000| PB 0x00000000a6000000| Untracked 
| 609|0x00000000a6100000, 0x00000000a6100000, 0x00000000a6200000|  0%| F|  |TAMS 0x00000000a6100000| PB 0x00000000a6100000| Untracked 
| 610|0x00000000a6200000, 0x00000000a6200000, 0x00000000a6300000|  0%| F|  |TAMS 0x00000000a6200000| PB 0x00000000a6200000| Untracked 
| 611|0x00000000a6300000, 0x00000000a6300000, 0x00000000a6400000|  0%| F|  |TAMS 0x00000000a6300000| PB 0x00000000a6300000| Untracked 
| 612|0x00000000a6400000, 0x00000000a6400000, 0x00000000a6500000|  0%| F|  |TAMS 0x00000000a6400000| PB 0x00000000a6400000| Untracked 
| 613|0x00000000a6500000, 0x00000000a6500000, 0x00000000a6600000|  0%| F|  |TAMS 0x00000000a6500000| PB 0x00000000a6500000| Untracked 
| 614|0x00000000a6600000, 0x00000000a6600000, 0x00000000a6700000|  0%| F|  |TAMS 0x00000000a6600000| PB 0x00000000a6600000| Untracked 
| 615|0x00000000a6700000, 0x00000000a6700000, 0x00000000a6800000|  0%| F|  |TAMS 0x00000000a6700000| PB 0x00000000a6700000| Untracked 
| 616|0x00000000a6800000, 0x00000000a6800000, 0x00000000a6900000|  0%| F|  |TAMS 0x00000000a6800000| PB 0x00000000a6800000| Untracked 
| 617|0x00000000a6900000, 0x00000000a6900000, 0x00000000a6a00000|  0%| F|  |TAMS 0x00000000a6900000| PB 0x00000000a6900000| Untracked 
| 618|0x00000000a6a00000, 0x00000000a6a00000, 0x00000000a6b00000|  0%| F|  |TAMS 0x00000000a6a00000| PB 0x00000000a6a00000| Untracked 
| 619|0x00000000a6b00000, 0x00000000a6b00000, 0x00000000a6c00000|  0%| F|  |TAMS 0x00000000a6b00000| PB 0x00000000a6b00000| Untracked 
| 620|0x00000000a6c00000, 0x00000000a6c00000, 0x00000000a6d00000|  0%| F|  |TAMS 0x00000000a6c00000| PB 0x00000000a6c00000| Untracked 
| 621|0x00000000a6d00000, 0x00000000a6d00000, 0x00000000a6e00000|  0%| F|  |TAMS 0x00000000a6d00000| PB 0x00000000a6d00000| Untracked 
| 622|0x00000000a6e00000, 0x00000000a6e00000, 0x00000000a6f00000|  0%| F|  |TAMS 0x00000000a6e00000| PB 0x00000000a6e00000| Untracked 
| 623|0x00000000a6f00000, 0x00000000a6f00000, 0x00000000a7000000|  0%| F|  |TAMS 0x00000000a6f00000| PB 0x00000000a6f00000| Untracked 
| 624|0x00000000a7000000, 0x00000000a7000000, 0x00000000a7100000|  0%| F|  |TAMS 0x00000000a7000000| PB 0x00000000a7000000| Untracked 
| 625|0x00000000a7100000, 0x00000000a7100000, 0x00000000a7200000|  0%| F|  |TAMS 0x00000000a7100000| PB 0x00000000a7100000| Untracked 
| 626|0x00000000a7200000, 0x00000000a7200000, 0x00000000a7300000|  0%| F|  |TAMS 0x00000000a7200000| PB 0x00000000a7200000| Untracked 
| 627|0x00000000a7300000, 0x00000000a7300000, 0x00000000a7400000|  0%| F|  |TAMS 0x00000000a7300000| PB 0x00000000a7300000| Untracked 
| 628|0x00000000a7400000, 0x00000000a7400000, 0x00000000a7500000|  0%| F|  |TAMS 0x00000000a7400000| PB 0x00000000a7400000| Untracked 
| 629|0x00000000a7500000, 0x00000000a7500000, 0x00000000a7600000|  0%| F|  |TAMS 0x00000000a7500000| PB 0x00000000a7500000| Untracked 
| 630|0x00000000a7600000, 0x00000000a7600000, 0x00000000a7700000|  0%| F|  |TAMS 0x00000000a7600000| PB 0x00000000a7600000| Untracked 
| 631|0x00000000a7700000, 0x00000000a7700000, 0x00000000a7800000|  0%| F|  |TAMS 0x00000000a7700000| PB 0x00000000a7700000| Untracked 
| 632|0x00000000a7800000, 0x00000000a7800000, 0x00000000a7900000|  0%| F|  |TAMS 0x00000000a7800000| PB 0x00000000a7800000| Untracked 
| 633|0x00000000a7900000, 0x00000000a7900000, 0x00000000a7a00000|  0%| F|  |TAMS 0x00000000a7900000| PB 0x00000000a7900000| Untracked 
| 634|0x00000000a7a00000, 0x00000000a7a00000, 0x00000000a7b00000|  0%| F|  |TAMS 0x00000000a7a00000| PB 0x00000000a7a00000| Untracked 
| 635|0x00000000a7b00000, 0x00000000a7b00000, 0x00000000a7c00000|  0%| F|  |TAMS 0x00000000a7b00000| PB 0x00000000a7b00000| Untracked 
| 636|0x00000000a7c00000, 0x00000000a7c00000, 0x00000000a7d00000|  0%| F|  |TAMS 0x00000000a7c00000| PB 0x00000000a7c00000| Untracked 
| 637|0x00000000a7d00000, 0x00000000a7d00000, 0x00000000a7e00000|  0%| F|  |TAMS 0x00000000a7d00000| PB 0x00000000a7d00000| Untracked 
| 638|0x00000000a7e00000, 0x00000000a7e00000, 0x00000000a7f00000|  0%| F|  |TAMS 0x00000000a7e00000| PB 0x00000000a7e00000| Untracked 
| 639|0x00000000a7f00000, 0x00000000a7f00000, 0x00000000a8000000|  0%| F|  |TAMS 0x00000000a7f00000| PB 0x00000000a7f00000| Untracked 
| 640|0x00000000a8000000, 0x00000000a8000000, 0x00000000a8100000|  0%| F|  |TAMS 0x00000000a8000000| PB 0x00000000a8000000| Untracked 
| 641|0x00000000a8100000, 0x00000000a8100000, 0x00000000a8200000|  0%| F|  |TAMS 0x00000000a8100000| PB 0x00000000a8100000| Untracked 
| 642|0x00000000a8200000, 0x00000000a8200000, 0x00000000a8300000|  0%| F|  |TAMS 0x00000000a8200000| PB 0x00000000a8200000| Untracked 
| 643|0x00000000a8300000, 0x00000000a8300000, 0x00000000a8400000|  0%| F|  |TAMS 0x00000000a8300000| PB 0x00000000a8300000| Untracked 
| 644|0x00000000a8400000, 0x00000000a8400000, 0x00000000a8500000|  0%| F|  |TAMS 0x00000000a8400000| PB 0x00000000a8400000| Untracked 
| 645|0x00000000a8500000, 0x00000000a8500000, 0x00000000a8600000|  0%| F|  |TAMS 0x00000000a8500000| PB 0x00000000a8500000| Untracked 
| 646|0x00000000a8600000, 0x00000000a8600000, 0x00000000a8700000|  0%| F|  |TAMS 0x00000000a8600000| PB 0x00000000a8600000| Untracked 
| 647|0x00000000a8700000, 0x00000000a8700000, 0x00000000a8800000|  0%| F|  |TAMS 0x00000000a8700000| PB 0x00000000a8700000| Untracked 
| 648|0x00000000a8800000, 0x00000000a8800000, 0x00000000a8900000|  0%| F|  |TAMS 0x00000000a8800000| PB 0x00000000a8800000| Untracked 
| 649|0x00000000a8900000, 0x00000000a8900000, 0x00000000a8a00000|  0%| F|  |TAMS 0x00000000a8900000| PB 0x00000000a8900000| Untracked 
| 650|0x00000000a8a00000, 0x00000000a8a00000, 0x00000000a8b00000|  0%| F|  |TAMS 0x00000000a8a00000| PB 0x00000000a8a00000| Untracked 
| 651|0x00000000a8b00000, 0x00000000a8b00000, 0x00000000a8c00000|  0%| F|  |TAMS 0x00000000a8b00000| PB 0x00000000a8b00000| Untracked 
| 652|0x00000000a8c00000, 0x00000000a8c00000, 0x00000000a8d00000|  0%| F|  |TAMS 0x00000000a8c00000| PB 0x00000000a8c00000| Untracked 
| 653|0x00000000a8d00000, 0x00000000a8d00000, 0x00000000a8e00000|  0%| F|  |TAMS 0x00000000a8d00000| PB 0x00000000a8d00000| Untracked 
| 654|0x00000000a8e00000, 0x00000000a8e00000, 0x00000000a8f00000|  0%| F|  |TAMS 0x00000000a8e00000| PB 0x00000000a8e00000| Untracked 
| 655|0x00000000a8f00000, 0x00000000a8f00000, 0x00000000a9000000|  0%| F|  |TAMS 0x00000000a8f00000| PB 0x00000000a8f00000| Untracked 
| 656|0x00000000a9000000, 0x00000000a9000000, 0x00000000a9100000|  0%| F|  |TAMS 0x00000000a9000000| PB 0x00000000a9000000| Untracked 
| 657|0x00000000a9100000, 0x00000000a9100000, 0x00000000a9200000|  0%| F|  |TAMS 0x00000000a9100000| PB 0x00000000a9100000| Untracked 
| 658|0x00000000a9200000, 0x00000000a9200000, 0x00000000a9300000|  0%| F|  |TAMS 0x00000000a9200000| PB 0x00000000a9200000| Untracked 
| 659|0x00000000a9300000, 0x00000000a9300000, 0x00000000a9400000|  0%| F|  |TAMS 0x00000000a9300000| PB 0x00000000a9300000| Untracked 
| 660|0x00000000a9400000, 0x00000000a9400000, 0x00000000a9500000|  0%| F|  |TAMS 0x00000000a9400000| PB 0x00000000a9400000| Untracked 
| 661|0x00000000a9500000, 0x00000000a9500000, 0x00000000a9600000|  0%| F|  |TAMS 0x00000000a9500000| PB 0x00000000a9500000| Untracked 
| 662|0x00000000a9600000, 0x00000000a9600000, 0x00000000a9700000|  0%| F|  |TAMS 0x00000000a9600000| PB 0x00000000a9600000| Untracked 
| 663|0x00000000a9700000, 0x00000000a9700000, 0x00000000a9800000|  0%| F|  |TAMS 0x00000000a9700000| PB 0x00000000a9700000| Untracked 
| 664|0x00000000a9800000, 0x00000000a9800000, 0x00000000a9900000|  0%| F|  |TAMS 0x00000000a9800000| PB 0x00000000a9800000| Untracked 
| 665|0x00000000a9900000, 0x00000000a9900000, 0x00000000a9a00000|  0%| F|  |TAMS 0x00000000a9900000| PB 0x00000000a9900000| Untracked 
| 666|0x00000000a9a00000, 0x00000000a9a00000, 0x00000000a9b00000|  0%| F|  |TAMS 0x00000000a9a00000| PB 0x00000000a9a00000| Untracked 
| 667|0x00000000a9b00000, 0x00000000a9b00000, 0x00000000a9c00000|  0%| F|  |TAMS 0x00000000a9b00000| PB 0x00000000a9b00000| Untracked 
| 668|0x00000000a9c00000, 0x00000000a9c00000, 0x00000000a9d00000|  0%| F|  |TAMS 0x00000000a9c00000| PB 0x00000000a9c00000| Untracked 
| 669|0x00000000a9d00000, 0x00000000a9d00000, 0x00000000a9e00000|  0%| F|  |TAMS 0x00000000a9d00000| PB 0x00000000a9d00000| Untracked 
| 670|0x00000000a9e00000, 0x00000000a9e00000, 0x00000000a9f00000|  0%| F|  |TAMS 0x00000000a9e00000| PB 0x00000000a9e00000| Untracked 
| 671|0x00000000a9f00000, 0x00000000a9f00000, 0x00000000aa000000|  0%| F|  |TAMS 0x00000000a9f00000| PB 0x00000000a9f00000| Untracked 
| 672|0x00000000aa000000, 0x00000000aa000000, 0x00000000aa100000|  0%| F|  |TAMS 0x00000000aa000000| PB 0x00000000aa000000| Untracked 
| 673|0x00000000aa100000, 0x00000000aa100000, 0x00000000aa200000|  0%| F|  |TAMS 0x00000000aa100000| PB 0x00000000aa100000| Untracked 
| 674|0x00000000aa200000, 0x00000000aa200000, 0x00000000aa300000|  0%| F|  |TAMS 0x00000000aa200000| PB 0x00000000aa200000| Untracked 
| 675|0x00000000aa300000, 0x00000000aa300000, 0x00000000aa400000|  0%| F|  |TAMS 0x00000000aa300000| PB 0x00000000aa300000| Untracked 
| 676|0x00000000aa400000, 0x00000000aa400000, 0x00000000aa500000|  0%| F|  |TAMS 0x00000000aa400000| PB 0x00000000aa400000| Untracked 
| 677|0x00000000aa500000, 0x00000000aa500000, 0x00000000aa600000|  0%| F|  |TAMS 0x00000000aa500000| PB 0x00000000aa500000| Untracked 
| 678|0x00000000aa600000, 0x00000000aa600000, 0x00000000aa700000|  0%| F|  |TAMS 0x00000000aa600000| PB 0x00000000aa600000| Untracked 
| 679|0x00000000aa700000, 0x00000000aa700000, 0x00000000aa800000|  0%| F|  |TAMS 0x00000000aa700000| PB 0x00000000aa700000| Untracked 
| 680|0x00000000aa800000, 0x00000000aa800000, 0x00000000aa900000|  0%| F|  |TAMS 0x00000000aa800000| PB 0x00000000aa800000| Untracked 
| 681|0x00000000aa900000, 0x00000000aa900000, 0x00000000aaa00000|  0%| F|  |TAMS 0x00000000aa900000| PB 0x00000000aa900000| Untracked 
| 682|0x00000000aaa00000, 0x00000000aaa00000, 0x00000000aab00000|  0%| F|  |TAMS 0x00000000aaa00000| PB 0x00000000aaa00000| Untracked 
| 683|0x00000000aab00000, 0x00000000aab00000, 0x00000000aac00000|  0%| F|  |TAMS 0x00000000aab00000| PB 0x00000000aab00000| Untracked 
| 684|0x00000000aac00000, 0x00000000aac00000, 0x00000000aad00000|  0%| F|  |TAMS 0x00000000aac00000| PB 0x00000000aac00000| Untracked 
| 685|0x00000000aad00000, 0x00000000aad00000, 0x00000000aae00000|  0%| F|  |TAMS 0x00000000aad00000| PB 0x00000000aad00000| Untracked 
| 686|0x00000000aae00000, 0x00000000aae00000, 0x00000000aaf00000|  0%| F|  |TAMS 0x00000000aae00000| PB 0x00000000aae00000| Untracked 
| 687|0x00000000aaf00000, 0x00000000aaf00000, 0x00000000ab000000|  0%| F|  |TAMS 0x00000000aaf00000| PB 0x00000000aaf00000| Untracked 
| 688|0x00000000ab000000, 0x00000000ab000000, 0x00000000ab100000|  0%| F|  |TAMS 0x00000000ab000000| PB 0x00000000ab000000| Untracked 
| 689|0x00000000ab100000, 0x00000000ab100000, 0x00000000ab200000|  0%| F|  |TAMS 0x00000000ab100000| PB 0x00000000ab100000| Untracked 
| 690|0x00000000ab200000, 0x00000000ab200000, 0x00000000ab300000|  0%| F|  |TAMS 0x00000000ab200000| PB 0x00000000ab200000| Untracked 
| 691|0x00000000ab300000, 0x00000000ab300000, 0x00000000ab400000|  0%| F|  |TAMS 0x00000000ab300000| PB 0x00000000ab300000| Untracked 
| 692|0x00000000ab400000, 0x00000000ab400000, 0x00000000ab500000|  0%| F|  |TAMS 0x00000000ab400000| PB 0x00000000ab400000| Untracked 
| 693|0x00000000ab500000, 0x00000000ab500000, 0x00000000ab600000|  0%| F|  |TAMS 0x00000000ab500000| PB 0x00000000ab500000| Untracked 
| 694|0x00000000ab600000, 0x00000000ab600000, 0x00000000ab700000|  0%| F|  |TAMS 0x00000000ab600000| PB 0x00000000ab600000| Untracked 
| 695|0x00000000ab700000, 0x00000000ab700000, 0x00000000ab800000|  0%| F|  |TAMS 0x00000000ab700000| PB 0x00000000ab700000| Untracked 
| 696|0x00000000ab800000, 0x00000000ab800000, 0x00000000ab900000|  0%| F|  |TAMS 0x00000000ab800000| PB 0x00000000ab800000| Untracked 
| 697|0x00000000ab900000, 0x00000000ab900000, 0x00000000aba00000|  0%| F|  |TAMS 0x00000000ab900000| PB 0x00000000ab900000| Untracked 
| 698|0x00000000aba00000, 0x00000000aba00000, 0x00000000abb00000|  0%| F|  |TAMS 0x00000000aba00000| PB 0x00000000aba00000| Untracked 
| 699|0x00000000abb00000, 0x00000000abb00000, 0x00000000abc00000|  0%| F|  |TAMS 0x00000000abb00000| PB 0x00000000abb00000| Untracked 
| 700|0x00000000abc00000, 0x00000000abc00000, 0x00000000abd00000|  0%| F|  |TAMS 0x00000000abc00000| PB 0x00000000abc00000| Untracked 
| 701|0x00000000abd00000, 0x00000000abd00000, 0x00000000abe00000|  0%| F|  |TAMS 0x00000000abd00000| PB 0x00000000abd00000| Untracked 
| 702|0x00000000abe00000, 0x00000000abe00000, 0x00000000abf00000|  0%| F|  |TAMS 0x00000000abe00000| PB 0x00000000abe00000| Untracked 
| 703|0x00000000abf00000, 0x00000000abf00000, 0x00000000ac000000|  0%| F|  |TAMS 0x00000000abf00000| PB 0x00000000abf00000| Untracked 
| 704|0x00000000ac000000, 0x00000000ac000000, 0x00000000ac100000|  0%| F|  |TAMS 0x00000000ac000000| PB 0x00000000ac000000| Untracked 
| 705|0x00000000ac100000, 0x00000000ac100000, 0x00000000ac200000|  0%| F|  |TAMS 0x00000000ac100000| PB 0x00000000ac100000| Untracked 
| 706|0x00000000ac200000, 0x00000000ac200000, 0x00000000ac300000|  0%| F|  |TAMS 0x00000000ac200000| PB 0x00000000ac200000| Untracked 
| 707|0x00000000ac300000, 0x00000000ac300000, 0x00000000ac400000|  0%| F|  |TAMS 0x00000000ac300000| PB 0x00000000ac300000| Untracked 
| 708|0x00000000ac400000, 0x00000000ac400000, 0x00000000ac500000|  0%| F|  |TAMS 0x00000000ac400000| PB 0x00000000ac400000| Untracked 
| 709|0x00000000ac500000, 0x00000000ac500000, 0x00000000ac600000|  0%| F|  |TAMS 0x00000000ac500000| PB 0x00000000ac500000| Untracked 
| 710|0x00000000ac600000, 0x00000000ac600000, 0x00000000ac700000|  0%| F|  |TAMS 0x00000000ac600000| PB 0x00000000ac600000| Untracked 
| 711|0x00000000ac700000, 0x00000000ac700000, 0x00000000ac800000|  0%| F|  |TAMS 0x00000000ac700000| PB 0x00000000ac700000| Untracked 
| 712|0x00000000ac800000, 0x00000000ac800000, 0x00000000ac900000|  0%| F|  |TAMS 0x00000000ac800000| PB 0x00000000ac800000| Untracked 
| 713|0x00000000ac900000, 0x00000000ac900000, 0x00000000aca00000|  0%| F|  |TAMS 0x00000000ac900000| PB 0x00000000ac900000| Untracked 
| 714|0x00000000aca00000, 0x00000000aca00000, 0x00000000acb00000|  0%| F|  |TAMS 0x00000000aca00000| PB 0x00000000aca00000| Untracked 
| 715|0x00000000acb00000, 0x00000000acb00000, 0x00000000acc00000|  0%| F|  |TAMS 0x00000000acb00000| PB 0x00000000acb00000| Untracked 
| 716|0x00000000acc00000, 0x00000000acc00000, 0x00000000acd00000|  0%| F|  |TAMS 0x00000000acc00000| PB 0x00000000acc00000| Untracked 
| 717|0x00000000acd00000, 0x00000000acd00000, 0x00000000ace00000|  0%| F|  |TAMS 0x00000000acd00000| PB 0x00000000acd00000| Untracked 
| 718|0x00000000ace00000, 0x00000000ace00000, 0x00000000acf00000|  0%| F|  |TAMS 0x00000000ace00000| PB 0x00000000ace00000| Untracked 
| 719|0x00000000acf00000, 0x00000000acf00000, 0x00000000ad000000|  0%| F|  |TAMS 0x00000000acf00000| PB 0x00000000acf00000| Untracked 
| 720|0x00000000ad000000, 0x00000000ad000000, 0x00000000ad100000|  0%| F|  |TAMS 0x00000000ad000000| PB 0x00000000ad000000| Untracked 
| 721|0x00000000ad100000, 0x00000000ad100000, 0x00000000ad200000|  0%| F|  |TAMS 0x00000000ad100000| PB 0x00000000ad100000| Untracked 
| 722|0x00000000ad200000, 0x00000000ad200000, 0x00000000ad300000|  0%| F|  |TAMS 0x00000000ad200000| PB 0x00000000ad200000| Untracked 
| 723|0x00000000ad300000, 0x00000000ad300000, 0x00000000ad400000|  0%| F|  |TAMS 0x00000000ad300000| PB 0x00000000ad300000| Untracked 
| 724|0x00000000ad400000, 0x00000000ad400000, 0x00000000ad500000|  0%| F|  |TAMS 0x00000000ad400000| PB 0x00000000ad400000| Untracked 
| 725|0x00000000ad500000, 0x00000000ad500000, 0x00000000ad600000|  0%| F|  |TAMS 0x00000000ad500000| PB 0x00000000ad500000| Untracked 
| 726|0x00000000ad600000, 0x00000000ad600000, 0x00000000ad700000|  0%| F|  |TAMS 0x00000000ad600000| PB 0x00000000ad600000| Untracked 
| 727|0x00000000ad700000, 0x00000000ad700000, 0x00000000ad800000|  0%| F|  |TAMS 0x00000000ad700000| PB 0x00000000ad700000| Untracked 
| 728|0x00000000ad800000, 0x00000000ad800000, 0x00000000ad900000|  0%| F|  |TAMS 0x00000000ad800000| PB 0x00000000ad800000| Untracked 
| 729|0x00000000ad900000, 0x00000000ad900000, 0x00000000ada00000|  0%| F|  |TAMS 0x00000000ad900000| PB 0x00000000ad900000| Untracked 
| 730|0x00000000ada00000, 0x00000000ada00000, 0x00000000adb00000|  0%| F|  |TAMS 0x00000000ada00000| PB 0x00000000ada00000| Untracked 
| 731|0x00000000adb00000, 0x00000000adb00000, 0x00000000adc00000|  0%| F|  |TAMS 0x00000000adb00000| PB 0x00000000adb00000| Untracked 
| 732|0x00000000adc00000, 0x00000000adc00000, 0x00000000add00000|  0%| F|  |TAMS 0x00000000adc00000| PB 0x00000000adc00000| Untracked 
| 733|0x00000000add00000, 0x00000000add00000, 0x00000000ade00000|  0%| F|  |TAMS 0x00000000add00000| PB 0x00000000add00000| Untracked 
| 734|0x00000000ade00000, 0x00000000ade00000, 0x00000000adf00000|  0%| F|  |TAMS 0x00000000ade00000| PB 0x00000000ade00000| Untracked 
| 735|0x00000000adf00000, 0x00000000adf00000, 0x00000000ae000000|  0%| F|  |TAMS 0x00000000adf00000| PB 0x00000000adf00000| Untracked 
| 736|0x00000000ae000000, 0x00000000ae000000, 0x00000000ae100000|  0%| F|  |TAMS 0x00000000ae000000| PB 0x00000000ae000000| Untracked 
| 737|0x00000000ae100000, 0x00000000ae100000, 0x00000000ae200000|  0%| F|  |TAMS 0x00000000ae100000| PB 0x00000000ae100000| Untracked 
| 738|0x00000000ae200000, 0x00000000ae200000, 0x00000000ae300000|  0%| F|  |TAMS 0x00000000ae200000| PB 0x00000000ae200000| Untracked 
| 739|0x00000000ae300000, 0x00000000ae300000, 0x00000000ae400000|  0%| F|  |TAMS 0x00000000ae300000| PB 0x00000000ae300000| Untracked 
| 740|0x00000000ae400000, 0x00000000ae400000, 0x00000000ae500000|  0%| F|  |TAMS 0x00000000ae400000| PB 0x00000000ae400000| Untracked 
| 741|0x00000000ae500000, 0x00000000ae500000, 0x00000000ae600000|  0%| F|  |TAMS 0x00000000ae500000| PB 0x00000000ae500000| Untracked 
| 742|0x00000000ae600000, 0x00000000ae600000, 0x00000000ae700000|  0%| F|  |TAMS 0x00000000ae600000| PB 0x00000000ae600000| Untracked 
| 743|0x00000000ae700000, 0x00000000ae700000, 0x00000000ae800000|  0%| F|  |TAMS 0x00000000ae700000| PB 0x00000000ae700000| Untracked 
| 744|0x00000000ae800000, 0x00000000ae800000, 0x00000000ae900000|  0%| F|  |TAMS 0x00000000ae800000| PB 0x00000000ae800000| Untracked 
| 745|0x00000000ae900000, 0x00000000ae900000, 0x00000000aea00000|  0%| F|  |TAMS 0x00000000ae900000| PB 0x00000000ae900000| Untracked 
| 746|0x00000000aea00000, 0x00000000aea00000, 0x00000000aeb00000|  0%| F|  |TAMS 0x00000000aea00000| PB 0x00000000aea00000| Untracked 
| 747|0x00000000aeb00000, 0x00000000aeb00000, 0x00000000aec00000|  0%| F|  |TAMS 0x00000000aeb00000| PB 0x00000000aeb00000| Untracked 
| 748|0x00000000aec00000, 0x00000000aec00000, 0x00000000aed00000|  0%| F|  |TAMS 0x00000000aec00000| PB 0x00000000aec00000| Untracked 
| 749|0x00000000aed00000, 0x00000000aed00000, 0x00000000aee00000|  0%| F|  |TAMS 0x00000000aed00000| PB 0x00000000aed00000| Untracked 
| 750|0x00000000aee00000, 0x00000000aee00000, 0x00000000aef00000|  0%| F|  |TAMS 0x00000000aee00000| PB 0x00000000aee00000| Untracked 
| 751|0x00000000aef00000, 0x00000000aef00000, 0x00000000af000000|  0%| F|  |TAMS 0x00000000aef00000| PB 0x00000000aef00000| Untracked 
| 752|0x00000000af000000, 0x00000000af000000, 0x00000000af100000|  0%| F|  |TAMS 0x00000000af000000| PB 0x00000000af000000| Untracked 
| 753|0x00000000af100000, 0x00000000af100000, 0x00000000af200000|  0%| F|  |TAMS 0x00000000af100000| PB 0x00000000af100000| Untracked 
| 754|0x00000000af200000, 0x00000000af200000, 0x00000000af300000|  0%| F|  |TAMS 0x00000000af200000| PB 0x00000000af200000| Untracked 
| 755|0x00000000af300000, 0x00000000af300000, 0x00000000af400000|  0%| F|  |TAMS 0x00000000af300000| PB 0x00000000af300000| Untracked 
| 756|0x00000000af400000, 0x00000000af400000, 0x00000000af500000|  0%| F|  |TAMS 0x00000000af400000| PB 0x00000000af400000| Untracked 
| 757|0x00000000af500000, 0x00000000af500000, 0x00000000af600000|  0%| F|  |TAMS 0x00000000af500000| PB 0x00000000af500000| Untracked 
| 758|0x00000000af600000, 0x00000000af600000, 0x00000000af700000|  0%| F|  |TAMS 0x00000000af600000| PB 0x00000000af600000| Untracked 
| 759|0x00000000af700000, 0x00000000af700000, 0x00000000af800000|  0%| F|  |TAMS 0x00000000af700000| PB 0x00000000af700000| Untracked 
| 760|0x00000000af800000, 0x00000000af800000, 0x00000000af900000|  0%| F|  |TAMS 0x00000000af800000| PB 0x00000000af800000| Untracked 
| 761|0x00000000af900000, 0x00000000af900000, 0x00000000afa00000|  0%| F|  |TAMS 0x00000000af900000| PB 0x00000000af900000| Untracked 
| 762|0x00000000afa00000, 0x00000000afa00000, 0x00000000afb00000|  0%| F|  |TAMS 0x00000000afa00000| PB 0x00000000afa00000| Untracked 
| 763|0x00000000afb00000, 0x00000000afb00000, 0x00000000afc00000|  0%| F|  |TAMS 0x00000000afb00000| PB 0x00000000afb00000| Untracked 
| 764|0x00000000afc00000, 0x00000000afc00000, 0x00000000afd00000|  0%| F|  |TAMS 0x00000000afc00000| PB 0x00000000afc00000| Untracked 
| 765|0x00000000afd00000, 0x00000000afd00000, 0x00000000afe00000|  0%| F|  |TAMS 0x00000000afd00000| PB 0x00000000afd00000| Untracked 
| 766|0x00000000afe00000, 0x00000000afe00000, 0x00000000aff00000|  0%| F|  |TAMS 0x00000000afe00000| PB 0x00000000afe00000| Untracked 
| 767|0x00000000aff00000, 0x00000000aff00000, 0x00000000b0000000|  0%| F|  |TAMS 0x00000000aff00000| PB 0x00000000aff00000| Untracked 
| 768|0x00000000b0000000, 0x00000000b0000000, 0x00000000b0100000|  0%| F|  |TAMS 0x00000000b0000000| PB 0x00000000b0000000| Untracked 
| 769|0x00000000b0100000, 0x00000000b0100000, 0x00000000b0200000|  0%| F|  |TAMS 0x00000000b0100000| PB 0x00000000b0100000| Untracked 
| 770|0x00000000b0200000, 0x00000000b02c4db0, 0x00000000b0300000| 76%| E|  |TAMS 0x00000000b0200000| PB 0x00000000b0200000| Complete 
| 771|0x00000000b0300000, 0x00000000b0400000, 0x00000000b0400000|100%| E|CS|TAMS 0x00000000b0300000| PB 0x00000000b0300000| Complete 
| 772|0x00000000b0400000, 0x00000000b0500000, 0x00000000b0500000|100%| E|CS|TAMS 0x00000000b0400000| PB 0x00000000b0400000| Complete 
| 773|0x00000000b0500000, 0x00000000b0600000, 0x00000000b0600000|100%| E|CS|TAMS 0x00000000b0500000| PB 0x00000000b0500000| Complete 
| 774|0x00000000b0600000, 0x00000000b0700000, 0x00000000b0700000|100%| E|CS|TAMS 0x00000000b0600000| PB 0x00000000b0600000| Complete 
| 775|0x00000000b0700000, 0x00000000b0800000, 0x00000000b0800000|100%| E|CS|TAMS 0x00000000b0700000| PB 0x00000000b0700000| Complete 
| 776|0x00000000b0800000, 0x00000000b0900000, 0x00000000b0900000|100%| E|CS|TAMS 0x00000000b0800000| PB 0x00000000b0800000| Complete 
| 777|0x00000000b0900000, 0x00000000b0a00000, 0x00000000b0a00000|100%| E|CS|TAMS 0x00000000b0900000| PB 0x00000000b0900000| Complete 
| 778|0x00000000b0a00000, 0x00000000b0b00000, 0x00000000b0b00000|100%| E|CS|TAMS 0x00000000b0a00000| PB 0x00000000b0a00000| Complete 
| 779|0x00000000b0b00000, 0x00000000b0c00000, 0x00000000b0c00000|100%| E|CS|TAMS 0x00000000b0b00000| PB 0x00000000b0b00000| Complete 
| 780|0x00000000b0c00000, 0x00000000b0d00000, 0x00000000b0d00000|100%| E|CS|TAMS 0x00000000b0c00000| PB 0x00000000b0c00000| Complete 
| 781|0x00000000b0d00000, 0x00000000b0e00000, 0x00000000b0e00000|100%| E|CS|TAMS 0x00000000b0d00000| PB 0x00000000b0d00000| Complete 
| 782|0x00000000b0e00000, 0x00000000b0f00000, 0x00000000b0f00000|100%| E|CS|TAMS 0x00000000b0e00000| PB 0x00000000b0e00000| Complete 
| 783|0x00000000b0f00000, 0x00000000b1000000, 0x00000000b1000000|100%| E|CS|TAMS 0x00000000b0f00000| PB 0x00000000b0f00000| Complete 
| 784|0x00000000b1000000, 0x00000000b1100000, 0x00000000b1100000|100%| E|CS|TAMS 0x00000000b1000000| PB 0x00000000b1000000| Complete 
| 785|0x00000000b1100000, 0x00000000b1200000, 0x00000000b1200000|100%| E|CS|TAMS 0x00000000b1100000| PB 0x00000000b1100000| Complete 
| 786|0x00000000b1200000, 0x00000000b1300000, 0x00000000b1300000|100%| E|CS|TAMS 0x00000000b1200000| PB 0x00000000b1200000| Complete 
| 787|0x00000000b1300000, 0x00000000b1400000, 0x00000000b1400000|100%| E|CS|TAMS 0x00000000b1300000| PB 0x00000000b1300000| Complete 
| 788|0x00000000b1400000, 0x00000000b1500000, 0x00000000b1500000|100%| E|CS|TAMS 0x00000000b1400000| PB 0x00000000b1400000| Complete 
| 789|0x00000000b1500000, 0x00000000b1600000, 0x00000000b1600000|100%| E|CS|TAMS 0x00000000b1500000| PB 0x00000000b1500000| Complete 
| 790|0x00000000b1600000, 0x00000000b1700000, 0x00000000b1700000|100%| E|CS|TAMS 0x00000000b1600000| PB 0x00000000b1600000| Complete 
| 791|0x00000000b1700000, 0x00000000b1800000, 0x00000000b1800000|100%| E|CS|TAMS 0x00000000b1700000| PB 0x00000000b1700000| Complete 
| 792|0x00000000b1800000, 0x00000000b1900000, 0x00000000b1900000|100%| E|CS|TAMS 0x00000000b1800000| PB 0x00000000b1800000| Complete 
| 793|0x00000000b1900000, 0x00000000b1a00000, 0x00000000b1a00000|100%| E|CS|TAMS 0x00000000b1900000| PB 0x00000000b1900000| Complete 
| 794|0x00000000b1a00000, 0x00000000b1b00000, 0x00000000b1b00000|100%| E|CS|TAMS 0x00000000b1a00000| PB 0x00000000b1a00000| Complete 
| 795|0x00000000b1b00000, 0x00000000b1c00000, 0x00000000b1c00000|100%| E|CS|TAMS 0x00000000b1b00000| PB 0x00000000b1b00000| Complete 
| 796|0x00000000b1c00000, 0x00000000b1d00000, 0x00000000b1d00000|100%| E|CS|TAMS 0x00000000b1c00000| PB 0x00000000b1c00000| Complete 
| 797|0x00000000b1d00000, 0x00000000b1e00000, 0x00000000b1e00000|100%| E|CS|TAMS 0x00000000b1d00000| PB 0x00000000b1d00000| Complete 
| 798|0x00000000b1e00000, 0x00000000b1f00000, 0x00000000b1f00000|100%| E|CS|TAMS 0x00000000b1e00000| PB 0x00000000b1e00000| Complete 
| 799|0x00000000b1f00000, 0x00000000b2000000, 0x00000000b2000000|100%| E|CS|TAMS 0x00000000b1f00000| PB 0x00000000b1f00000| Complete 
| 800|0x00000000b2000000, 0x00000000b2100000, 0x00000000b2100000|100%| E|CS|TAMS 0x00000000b2000000| PB 0x00000000b2000000| Complete 
| 801|0x00000000b2100000, 0x00000000b2200000, 0x00000000b2200000|100%| E|CS|TAMS 0x00000000b2100000| PB 0x00000000b2100000| Complete 
| 802|0x00000000b2200000, 0x00000000b2300000, 0x00000000b2300000|100%| E|CS|TAMS 0x00000000b2200000| PB 0x00000000b2200000| Complete 
| 803|0x00000000b2300000, 0x00000000b2400000, 0x00000000b2400000|100%| E|CS|TAMS 0x00000000b2300000| PB 0x00000000b2300000| Complete 
| 804|0x00000000b2400000, 0x00000000b2500000, 0x00000000b2500000|100%| E|CS|TAMS 0x00000000b2400000| PB 0x00000000b2400000| Complete 
| 805|0x00000000b2500000, 0x00000000b2600000, 0x00000000b2600000|100%| E|CS|TAMS 0x00000000b2500000| PB 0x00000000b2500000| Complete 
| 806|0x00000000b2600000, 0x00000000b2700000, 0x00000000b2700000|100%| E|CS|TAMS 0x00000000b2600000| PB 0x00000000b2600000| Complete 
| 807|0x00000000b2700000, 0x00000000b2800000, 0x00000000b2800000|100%| E|CS|TAMS 0x00000000b2700000| PB 0x00000000b2700000| Complete 
| 808|0x00000000b2800000, 0x00000000b2900000, 0x00000000b2900000|100%| E|CS|TAMS 0x00000000b2800000| PB 0x00000000b2800000| Complete 
| 809|0x00000000b2900000, 0x00000000b2a00000, 0x00000000b2a00000|100%| E|CS|TAMS 0x00000000b2900000| PB 0x00000000b2900000| Complete 
| 810|0x00000000b2a00000, 0x00000000b2b00000, 0x00000000b2b00000|100%| E|CS|TAMS 0x00000000b2a00000| PB 0x00000000b2a00000| Complete 
| 811|0x00000000b2b00000, 0x00000000b2c00000, 0x00000000b2c00000|100%| E|CS|TAMS 0x00000000b2b00000| PB 0x00000000b2b00000| Complete 
| 812|0x00000000b2c00000, 0x00000000b2d00000, 0x00000000b2d00000|100%| E|CS|TAMS 0x00000000b2c00000| PB 0x00000000b2c00000| Complete 
| 813|0x00000000b2d00000, 0x00000000b2e00000, 0x00000000b2e00000|100%| E|CS|TAMS 0x00000000b2d00000| PB 0x00000000b2d00000| Complete 
| 814|0x00000000b2e00000, 0x00000000b2f00000, 0x00000000b2f00000|100%| E|CS|TAMS 0x00000000b2e00000| PB 0x00000000b2e00000| Complete 
| 815|0x00000000b2f00000, 0x00000000b3000000, 0x00000000b3000000|100%| E|CS|TAMS 0x00000000b2f00000| PB 0x00000000b2f00000| Complete 
| 816|0x00000000b3000000, 0x00000000b3100000, 0x00000000b3100000|100%| E|CS|TAMS 0x00000000b3000000| PB 0x00000000b3000000| Complete 
| 817|0x00000000b3100000, 0x00000000b3200000, 0x00000000b3200000|100%| E|CS|TAMS 0x00000000b3100000| PB 0x00000000b3100000| Complete 
| 818|0x00000000b3200000, 0x00000000b3300000, 0x00000000b3300000|100%| E|CS|TAMS 0x00000000b3200000| PB 0x00000000b3200000| Complete 
| 819|0x00000000b3300000, 0x00000000b3400000, 0x00000000b3400000|100%| E|CS|TAMS 0x00000000b3300000| PB 0x00000000b3300000| Complete 
| 820|0x00000000b3400000, 0x00000000b3500000, 0x00000000b3500000|100%| E|CS|TAMS 0x00000000b3400000| PB 0x00000000b3400000| Complete 
| 821|0x00000000b3500000, 0x00000000b3600000, 0x00000000b3600000|100%| E|CS|TAMS 0x00000000b3500000| PB 0x00000000b3500000| Complete 
| 822|0x00000000b3600000, 0x00000000b3700000, 0x00000000b3700000|100%| E|CS|TAMS 0x00000000b3600000| PB 0x00000000b3600000| Complete 
| 823|0x00000000b3700000, 0x00000000b3800000, 0x00000000b3800000|100%| E|CS|TAMS 0x00000000b3700000| PB 0x00000000b3700000| Complete 
| 824|0x00000000b3800000, 0x00000000b3900000, 0x00000000b3900000|100%| E|CS|TAMS 0x00000000b3800000| PB 0x00000000b3800000| Complete 
| 825|0x00000000b3900000, 0x00000000b3a00000, 0x00000000b3a00000|100%| E|CS|TAMS 0x00000000b3900000| PB 0x00000000b3900000| Complete 
| 826|0x00000000b3a00000, 0x00000000b3b00000, 0x00000000b3b00000|100%| E|CS|TAMS 0x00000000b3a00000| PB 0x00000000b3a00000| Complete 
| 827|0x00000000b3b00000, 0x00000000b3c00000, 0x00000000b3c00000|100%| E|CS|TAMS 0x00000000b3b00000| PB 0x00000000b3b00000| Complete 
| 828|0x00000000b3c00000, 0x00000000b3d00000, 0x00000000b3d00000|100%| E|CS|TAMS 0x00000000b3c00000| PB 0x00000000b3c00000| Complete 
| 829|0x00000000b3d00000, 0x00000000b3e00000, 0x00000000b3e00000|100%| E|CS|TAMS 0x00000000b3d00000| PB 0x00000000b3d00000| Complete 
| 830|0x00000000b3e00000, 0x00000000b3f00000, 0x00000000b3f00000|100%| E|CS|TAMS 0x00000000b3e00000| PB 0x00000000b3e00000| Complete 
| 831|0x00000000b3f00000, 0x00000000b4000000, 0x00000000b4000000|100%| E|CS|TAMS 0x00000000b3f00000| PB 0x00000000b3f00000| Complete 
| 832|0x00000000b4000000, 0x00000000b4100000, 0x00000000b4100000|100%| E|CS|TAMS 0x00000000b4000000| PB 0x00000000b4000000| Complete 
| 833|0x00000000b4100000, 0x00000000b4200000, 0x00000000b4200000|100%| E|CS|TAMS 0x00000000b4100000| PB 0x00000000b4100000| Complete 
| 834|0x00000000b4200000, 0x00000000b4300000, 0x00000000b4300000|100%| E|CS|TAMS 0x00000000b4200000| PB 0x00000000b4200000| Complete 
| 835|0x00000000b4300000, 0x00000000b4400000, 0x00000000b4400000|100%| E|CS|TAMS 0x00000000b4300000| PB 0x00000000b4300000| Complete 
| 836|0x00000000b4400000, 0x00000000b4500000, 0x00000000b4500000|100%| E|CS|TAMS 0x00000000b4400000| PB 0x00000000b4400000| Complete 
| 837|0x00000000b4500000, 0x00000000b4600000, 0x00000000b4600000|100%| E|CS|TAMS 0x00000000b4500000| PB 0x00000000b4500000| Complete 
| 838|0x00000000b4600000, 0x00000000b4700000, 0x00000000b4700000|100%| E|CS|TAMS 0x00000000b4600000| PB 0x00000000b4600000| Complete 
| 839|0x00000000b4700000, 0x00000000b4800000, 0x00000000b4800000|100%| E|  |TAMS 0x00000000b4700000| PB 0x00000000b4700000| Complete 
| 840|0x00000000b4800000, 0x00000000b4900000, 0x00000000b4900000|100%| E|CS|TAMS 0x00000000b4800000| PB 0x00000000b4800000| Complete 
| 841|0x00000000b4900000, 0x00000000b4a00000, 0x00000000b4a00000|100%| E|CS|TAMS 0x00000000b4900000| PB 0x00000000b4900000| Complete 
| 842|0x00000000b4a00000, 0x00000000b4b00000, 0x00000000b4b00000|100%| E|CS|TAMS 0x00000000b4a00000| PB 0x00000000b4a00000| Complete 
| 843|0x00000000b4b00000, 0x00000000b4c00000, 0x00000000b4c00000|100%| E|CS|TAMS 0x00000000b4b00000| PB 0x00000000b4b00000| Complete 
| 844|0x00000000b4c00000, 0x00000000b4d00000, 0x00000000b4d00000|100%| E|CS|TAMS 0x00000000b4c00000| PB 0x00000000b4c00000| Complete 
| 845|0x00000000b4d00000, 0x00000000b4e00000, 0x00000000b4e00000|100%| E|CS|TAMS 0x00000000b4d00000| PB 0x00000000b4d00000| Complete 
| 846|0x00000000b4e00000, 0x00000000b4f00000, 0x00000000b4f00000|100%| E|CS|TAMS 0x00000000b4e00000| PB 0x00000000b4e00000| Complete 
| 847|0x00000000b4f00000, 0x00000000b5000000, 0x00000000b5000000|100%| E|CS|TAMS 0x00000000b4f00000| PB 0x00000000b4f00000| Complete 
| 848|0x00000000b5000000, 0x00000000b5100000, 0x00000000b5100000|100%| E|CS|TAMS 0x00000000b5000000| PB 0x00000000b5000000| Complete 
| 849|0x00000000b5100000, 0x00000000b5200000, 0x00000000b5200000|100%| E|CS|TAMS 0x00000000b5100000| PB 0x00000000b5100000| Complete 
| 850|0x00000000b5200000, 0x00000000b5300000, 0x00000000b5300000|100%| E|CS|TAMS 0x00000000b5200000| PB 0x00000000b5200000| Complete 
| 851|0x00000000b5300000, 0x00000000b5400000, 0x00000000b5400000|100%| E|CS|TAMS 0x00000000b5300000| PB 0x00000000b5300000| Complete 
| 852|0x00000000b5400000, 0x00000000b5500000, 0x00000000b5500000|100%| E|CS|TAMS 0x00000000b5400000| PB 0x00000000b5400000| Complete 
| 853|0x00000000b5500000, 0x00000000b5600000, 0x00000000b5600000|100%| E|CS|TAMS 0x00000000b5500000| PB 0x00000000b5500000| Complete 
| 854|0x00000000b5600000, 0x00000000b5700000, 0x00000000b5700000|100%| E|CS|TAMS 0x00000000b5600000| PB 0x00000000b5600000| Complete 
| 855|0x00000000b5700000, 0x00000000b5800000, 0x00000000b5800000|100%| E|CS|TAMS 0x00000000b5700000| PB 0x00000000b5700000| Complete 
| 856|0x00000000b5800000, 0x00000000b5900000, 0x00000000b5900000|100%| E|CS|TAMS 0x00000000b5800000| PB 0x00000000b5800000| Complete 
| 857|0x00000000b5900000, 0x00000000b5a00000, 0x00000000b5a00000|100%| E|CS|TAMS 0x00000000b5900000| PB 0x00000000b5900000| Complete 
| 858|0x00000000b5a00000, 0x00000000b5b00000, 0x00000000b5b00000|100%| E|CS|TAMS 0x00000000b5a00000| PB 0x00000000b5a00000| Complete 
| 859|0x00000000b5b00000, 0x00000000b5c00000, 0x00000000b5c00000|100%| E|CS|TAMS 0x00000000b5b00000| PB 0x00000000b5b00000| Complete 
| 860|0x00000000b5c00000, 0x00000000b5d00000, 0x00000000b5d00000|100%| E|CS|TAMS 0x00000000b5c00000| PB 0x00000000b5c00000| Complete 
| 861|0x00000000b5d00000, 0x00000000b5e00000, 0x00000000b5e00000|100%| E|CS|TAMS 0x00000000b5d00000| PB 0x00000000b5d00000| Complete 
| 862|0x00000000b5e00000, 0x00000000b5f00000, 0x00000000b5f00000|100%| E|CS|TAMS 0x00000000b5e00000| PB 0x00000000b5e00000| Complete 
| 863|0x00000000b5f00000, 0x00000000b6000000, 0x00000000b6000000|100%| E|CS|TAMS 0x00000000b5f00000| PB 0x00000000b5f00000| Complete 
| 864|0x00000000b6000000, 0x00000000b6100000, 0x00000000b6100000|100%| E|CS|TAMS 0x00000000b6000000| PB 0x00000000b6000000| Complete 
| 865|0x00000000b6100000, 0x00000000b6200000, 0x00000000b6200000|100%| E|CS|TAMS 0x00000000b6100000| PB 0x00000000b6100000| Complete 
| 866|0x00000000b6200000, 0x00000000b6300000, 0x00000000b6300000|100%| E|CS|TAMS 0x00000000b6200000| PB 0x00000000b6200000| Complete 
| 867|0x00000000b6300000, 0x00000000b6400000, 0x00000000b6400000|100%| E|CS|TAMS 0x00000000b6300000| PB 0x00000000b6300000| Complete 
| 868|0x00000000b6400000, 0x00000000b6500000, 0x00000000b6500000|100%| E|CS|TAMS 0x00000000b6400000| PB 0x00000000b6400000| Complete 
| 869|0x00000000b6500000, 0x00000000b6600000, 0x00000000b6600000|100%| E|CS|TAMS 0x00000000b6500000| PB 0x00000000b6500000| Complete 
| 870|0x00000000b6600000, 0x00000000b6700000, 0x00000000b6700000|100%| E|CS|TAMS 0x00000000b6600000| PB 0x00000000b6600000| Complete 
| 871|0x00000000b6700000, 0x00000000b67eb1d0, 0x00000000b6800000| 91%| S|CS|TAMS 0x00000000b6700000| PB 0x00000000b6700000| Complete 
| 872|0x00000000b6800000, 0x00000000b6900000, 0x00000000b6900000|100%| S|CS|TAMS 0x00000000b6800000| PB 0x00000000b6800000| Complete 
| 873|0x00000000b6900000, 0x00000000b6a00000, 0x00000000b6a00000|100%| S|CS|TAMS 0x00000000b6900000| PB 0x00000000b6900000| Complete 
| 874|0x00000000b6a00000, 0x00000000b6b00000, 0x00000000b6b00000|100%| S|CS|TAMS 0x00000000b6a00000| PB 0x00000000b6a00000| Complete 
| 875|0x00000000b6b00000, 0x00000000b6c00000, 0x00000000b6c00000|100%| S|CS|TAMS 0x00000000b6b00000| PB 0x00000000b6b00000| Complete 
| 876|0x00000000b6c00000, 0x00000000b6d00000, 0x00000000b6d00000|100%| S|CS|TAMS 0x00000000b6c00000| PB 0x00000000b6c00000| Complete 
| 877|0x00000000b6d00000, 0x00000000b6e00000, 0x00000000b6e00000|100%| S|CS|TAMS 0x00000000b6d00000| PB 0x00000000b6d00000| Complete 
| 878|0x00000000b6e00000, 0x00000000b6f00000, 0x00000000b6f00000|100%| S|CS|TAMS 0x00000000b6e00000| PB 0x00000000b6e00000| Complete 
| 879|0x00000000b6f00000, 0x00000000b7000000, 0x00000000b7000000|100%| S|CS|TAMS 0x00000000b6f00000| PB 0x00000000b6f00000| Complete 
| 880|0x00000000b7000000, 0x00000000b7100000, 0x00000000b7100000|100%| S|CS|TAMS 0x00000000b7000000| PB 0x00000000b7000000| Complete 
| 881|0x00000000b7100000, 0x00000000b7200000, 0x00000000b7200000|100%| S|CS|TAMS 0x00000000b7100000| PB 0x00000000b7100000| Complete 
| 882|0x00000000b7200000, 0x00000000b7300000, 0x00000000b7300000|100%| S|CS|TAMS 0x00000000b7200000| PB 0x00000000b7200000| Complete 
| 883|0x00000000b7300000, 0x00000000b7400000, 0x00000000b7400000|100%| S|CS|TAMS 0x00000000b7300000| PB 0x00000000b7300000| Complete 
| 884|0x00000000b7400000, 0x00000000b7500000, 0x00000000b7500000|100%| S|CS|TAMS 0x00000000b7400000| PB 0x00000000b7400000| Complete 
| 885|0x00000000b7500000, 0x00000000b7600000, 0x00000000b7600000|100%| S|CS|TAMS 0x00000000b7500000| PB 0x00000000b7500000| Complete 
| 886|0x00000000b7600000, 0x00000000b7700000, 0x00000000b7700000|100%| S|CS|TAMS 0x00000000b7600000| PB 0x00000000b7600000| Complete 
| 887|0x00000000b7700000, 0x00000000b7800000, 0x00000000b7800000|100%| S|CS|TAMS 0x00000000b7700000| PB 0x00000000b7700000| Complete 
| 888|0x00000000b7800000, 0x00000000b7900000, 0x00000000b7900000|100%| S|CS|TAMS 0x00000000b7800000| PB 0x00000000b7800000| Complete 
| 889|0x00000000b7900000, 0x00000000b7a00000, 0x00000000b7a00000|100%| S|CS|TAMS 0x00000000b7900000| PB 0x00000000b7900000| Complete 
| 890|0x00000000b7a00000, 0x00000000b7b00000, 0x00000000b7b00000|100%| S|CS|TAMS 0x00000000b7a00000| PB 0x00000000b7a00000| Complete 
| 891|0x00000000b7b00000, 0x00000000b7c00000, 0x00000000b7c00000|100%| S|CS|TAMS 0x00000000b7b00000| PB 0x00000000b7b00000| Complete 
| 892|0x00000000b7c00000, 0x00000000b7d00000, 0x00000000b7d00000|100%| S|CS|TAMS 0x00000000b7c00000| PB 0x00000000b7c00000| Complete 
| 893|0x00000000b7d00000, 0x00000000b7e00000, 0x00000000b7e00000|100%| S|CS|TAMS 0x00000000b7d00000| PB 0x00000000b7d00000| Complete 
| 894|0x00000000b7e00000, 0x00000000b7f00000, 0x00000000b7f00000|100%| S|CS|TAMS 0x00000000b7e00000| PB 0x00000000b7e00000| Complete 
| 895|0x00000000b7f00000, 0x00000000b8000000, 0x00000000b8000000|100%| S|CS|TAMS 0x00000000b7f00000| PB 0x00000000b7f00000| Complete 
| 896|0x00000000b8000000, 0x00000000b8100000, 0x00000000b8100000|100%| S|CS|TAMS 0x00000000b8000000| PB 0x00000000b8000000| Complete 
| 897|0x00000000b8100000, 0x00000000b8200000, 0x00000000b8200000|100%| S|CS|TAMS 0x00000000b8100000| PB 0x00000000b8100000| Complete 
| 898|0x00000000b8200000, 0x00000000b8300000, 0x00000000b8300000|100%| S|CS|TAMS 0x00000000b8200000| PB 0x00000000b8200000| Complete 
| 899|0x00000000b8300000, 0x00000000b8400000, 0x00000000b8400000|100%| S|CS|TAMS 0x00000000b8300000| PB 0x00000000b8300000| Complete 
| 900|0x00000000b8400000, 0x00000000b8500000, 0x00000000b8500000|100%| S|CS|TAMS 0x00000000b8400000| PB 0x00000000b8400000| Complete 
| 901|0x00000000b8500000, 0x00000000b8600000, 0x00000000b8600000|100%| S|CS|TAMS 0x00000000b8500000| PB 0x00000000b8500000| Complete 
| 902|0x00000000b8600000, 0x00000000b8700000, 0x00000000b8700000|100%| E|CS|TAMS 0x00000000b8600000| PB 0x00000000b8600000| Complete 
| 903|0x00000000b8700000, 0x00000000b8800000, 0x00000000b8800000|100%| E|CS|TAMS 0x00000000b8700000| PB 0x00000000b8700000| Complete 
| 904|0x00000000b8800000, 0x00000000b8900000, 0x00000000b8900000|100%| E|CS|TAMS 0x00000000b8800000| PB 0x00000000b8800000| Complete 
| 905|0x00000000b8900000, 0x00000000b8a00000, 0x00000000b8a00000|100%| E|CS|TAMS 0x00000000b8900000| PB 0x00000000b8900000| Complete 
| 906|0x00000000b8a00000, 0x00000000b8b00000, 0x00000000b8b00000|100%| E|CS|TAMS 0x00000000b8a00000| PB 0x00000000b8a00000| Complete 
| 907|0x00000000b8b00000, 0x00000000b8c00000, 0x00000000b8c00000|100%| E|CS|TAMS 0x00000000b8b00000| PB 0x00000000b8b00000| Complete 
| 908|0x00000000b8c00000, 0x00000000b8d00000, 0x00000000b8d00000|100%| E|CS|TAMS 0x00000000b8c00000| PB 0x00000000b8c00000| Complete 
| 909|0x00000000b8d00000, 0x00000000b8e00000, 0x00000000b8e00000|100%| E|CS|TAMS 0x00000000b8d00000| PB 0x00000000b8d00000| Complete 
| 910|0x00000000b8e00000, 0x00000000b8f00000, 0x00000000b8f00000|100%| E|CS|TAMS 0x00000000b8e00000| PB 0x00000000b8e00000| Complete 
| 911|0x00000000b8f00000, 0x00000000b9000000, 0x00000000b9000000|100%| E|CS|TAMS 0x00000000b8f00000| PB 0x00000000b8f00000| Complete 
| 912|0x00000000b9000000, 0x00000000b9100000, 0x00000000b9100000|100%| E|CS|TAMS 0x00000000b9000000| PB 0x00000000b9000000| Complete 
| 913|0x00000000b9100000, 0x00000000b9200000, 0x00000000b9200000|100%| E|CS|TAMS 0x00000000b9100000| PB 0x00000000b9100000| Complete 
| 914|0x00000000b9200000, 0x00000000b9300000, 0x00000000b9300000|100%| E|CS|TAMS 0x00000000b9200000| PB 0x00000000b9200000| Complete 
| 915|0x00000000b9300000, 0x00000000b9400000, 0x00000000b9400000|100%| E|CS|TAMS 0x00000000b9300000| PB 0x00000000b9300000| Complete 
| 916|0x00000000b9400000, 0x00000000b9500000, 0x00000000b9500000|100%| E|CS|TAMS 0x00000000b9400000| PB 0x00000000b9400000| Complete 
| 917|0x00000000b9500000, 0x00000000b9600000, 0x00000000b9600000|100%| E|CS|TAMS 0x00000000b9500000| PB 0x00000000b9500000| Complete 
| 918|0x00000000b9600000, 0x00000000b9700000, 0x00000000b9700000|100%| E|CS|TAMS 0x00000000b9600000| PB 0x00000000b9600000| Complete 
| 919|0x00000000b9700000, 0x00000000b9800000, 0x00000000b9800000|100%| E|CS|TAMS 0x00000000b9700000| PB 0x00000000b9700000| Complete 
| 920|0x00000000b9800000, 0x00000000b9900000, 0x00000000b9900000|100%| E|CS|TAMS 0x00000000b9800000| PB 0x00000000b9800000| Complete 
| 921|0x00000000b9900000, 0x00000000b9a00000, 0x00000000b9a00000|100%| E|CS|TAMS 0x00000000b9900000| PB 0x00000000b9900000| Complete 
| 922|0x00000000b9a00000, 0x00000000b9b00000, 0x00000000b9b00000|100%| E|CS|TAMS 0x00000000b9a00000| PB 0x00000000b9a00000| Complete 
| 923|0x00000000b9b00000, 0x00000000b9c00000, 0x00000000b9c00000|100%| E|CS|TAMS 0x00000000b9b00000| PB 0x00000000b9b00000| Complete 
| 924|0x00000000b9c00000, 0x00000000b9d00000, 0x00000000b9d00000|100%| E|CS|TAMS 0x00000000b9c00000| PB 0x00000000b9c00000| Complete 
| 925|0x00000000b9d00000, 0x00000000b9e00000, 0x00000000b9e00000|100%| E|CS|TAMS 0x00000000b9d00000| PB 0x00000000b9d00000| Complete 
| 926|0x00000000b9e00000, 0x00000000b9f00000, 0x00000000b9f00000|100%| E|CS|TAMS 0x00000000b9e00000| PB 0x00000000b9e00000| Complete 
| 927|0x00000000b9f00000, 0x00000000ba000000, 0x00000000ba000000|100%| E|CS|TAMS 0x00000000b9f00000| PB 0x00000000b9f00000| Complete 
| 928|0x00000000ba000000, 0x00000000ba100000, 0x00000000ba100000|100%| E|CS|TAMS 0x00000000ba000000| PB 0x00000000ba000000| Complete 
|1928|0x00000000f8800000, 0x00000000f884c200, 0x00000000f8900000| 29%| O|  |TAMS 0x00000000f884c200| PB 0x00000000f8800000| Untracked 
|1929|0x00000000f8900000, 0x00000000f8a00000, 0x00000000f8a00000|100%| O|  |TAMS 0x00000000f8a00000| PB 0x00000000f8900000| Untracked 
|1930|0x00000000f8a00000, 0x00000000f8b00000, 0x00000000f8b00000|100%| O|  |TAMS 0x00000000f8b00000| PB 0x00000000f8a00000| Untracked 
|1931|0x00000000f8b00000, 0x00000000f8c00000, 0x00000000f8c00000|100%| O|  |TAMS 0x00000000f8c00000| PB 0x00000000f8b00000| Untracked 
|1932|0x00000000f8c00000, 0x00000000f8d00000, 0x00000000f8d00000|100%| O|  |TAMS 0x00000000f8d00000| PB 0x00000000f8c00000| Untracked 
|1933|0x00000000f8d00000, 0x00000000f8e00000, 0x00000000f8e00000|100%| O|  |TAMS 0x00000000f8e00000| PB 0x00000000f8d00000| Untracked 
|1934|0x00000000f8e00000, 0x00000000f8f00000, 0x00000000f8f00000|100%| O|  |TAMS 0x00000000f8f00000| PB 0x00000000f8e00000| Untracked 
|1935|0x00000000f8f00000, 0x00000000f9000000, 0x00000000f9000000|100%| O|  |TAMS 0x00000000f9000000| PB 0x00000000f8f00000| Untracked 
|1936|0x00000000f9000000, 0x00000000f9100000, 0x00000000f9100000|100%| O|  |TAMS 0x00000000f9100000| PB 0x00000000f9000000| Untracked 
|1937|0x00000000f9100000, 0x00000000f9200000, 0x00000000f9200000|100%| O|  |TAMS 0x00000000f9200000| PB 0x00000000f9100000| Untracked 
|1938|0x00000000f9200000, 0x00000000f9300000, 0x00000000f9300000|100%| O|  |TAMS 0x00000000f9300000| PB 0x00000000f9200000| Untracked 
|1939|0x00000000f9300000, 0x00000000f9400000, 0x00000000f9400000|100%| O|  |TAMS 0x00000000f9400000| PB 0x00000000f9300000| Untracked 
|1940|0x00000000f9400000, 0x00000000f9500000, 0x00000000f9500000|100%| O|  |TAMS 0x00000000f9500000| PB 0x00000000f9400000| Untracked 
|1941|0x00000000f9500000, 0x00000000f9600000, 0x00000000f9600000|100%| O|  |TAMS 0x00000000f9600000| PB 0x00000000f9500000| Untracked 
|1942|0x00000000f9600000, 0x00000000f9700000, 0x00000000f9700000|100%| O|  |TAMS 0x00000000f9700000| PB 0x00000000f9600000| Untracked 
|1943|0x00000000f9700000, 0x00000000f9800000, 0x00000000f9800000|100%| O|  |TAMS 0x00000000f9800000| PB 0x00000000f9700000| Untracked 
|1944|0x00000000f9800000, 0x00000000f9900000, 0x00000000f9900000|100%| O|  |TAMS 0x00000000f9900000| PB 0x00000000f9800000| Untracked 
|1945|0x00000000f9900000, 0x00000000f9a00000, 0x00000000f9a00000|100%| O|  |TAMS 0x00000000f9a00000| PB 0x00000000f9900000| Untracked 
|1946|0x00000000f9a00000, 0x00000000f9b00000, 0x00000000f9b00000|100%| O|  |TAMS 0x00000000f9b00000| PB 0x00000000f9a00000| Untracked 
|1947|0x00000000f9b00000, 0x00000000f9c00000, 0x00000000f9c00000|100%| O|  |TAMS 0x00000000f9c00000| PB 0x00000000f9b00000| Untracked 
|1948|0x00000000f9c00000, 0x00000000f9d00000, 0x00000000f9d00000|100%| O|  |TAMS 0x00000000f9d00000| PB 0x00000000f9c00000| Untracked 
|1949|0x00000000f9d00000, 0x00000000f9e00000, 0x00000000f9e00000|100%| E|CS|TAMS 0x00000000f9d00000| PB 0x00000000f9d00000| Complete 
|1950|0x00000000f9e00000, 0x00000000f9f00000, 0x00000000f9f00000|100%| O|  |TAMS 0x00000000f9f00000| PB 0x00000000f9e00000| Untracked 
|1951|0x00000000f9f00000, 0x00000000fa000000, 0x00000000fa000000|100%| E|CS|TAMS 0x00000000f9f00000| PB 0x00000000f9f00000| Complete 
|1952|0x00000000fa000000, 0x00000000fa100000, 0x00000000fa100000|100%| O|  |TAMS 0x00000000fa100000| PB 0x00000000fa000000| Untracked 
|1953|0x00000000fa100000, 0x00000000fa200000, 0x00000000fa200000|100%| O|  |TAMS 0x00000000fa200000| PB 0x00000000fa100000| Untracked 
|1954|0x00000000fa200000, 0x00000000fa300000, 0x00000000fa300000|100%| O|  |TAMS 0x00000000fa300000| PB 0x00000000fa200000| Untracked 
|1955|0x00000000fa300000, 0x00000000fa400000, 0x00000000fa400000|100%| O|  |TAMS 0x00000000fa400000| PB 0x00000000fa300000| Untracked 
|1956|0x00000000fa400000, 0x00000000fa500000, 0x00000000fa500000|100%| O|  |TAMS 0x00000000fa500000| PB 0x00000000fa400000| Untracked 
|1957|0x00000000fa500000, 0x00000000fa600000, 0x00000000fa600000|100%| O|  |TAMS 0x00000000fa600000| PB 0x00000000fa500000| Untracked 
|1958|0x00000000fa600000, 0x00000000fa700000, 0x00000000fa700000|100%| O|  |TAMS 0x00000000fa700000| PB 0x00000000fa600000| Untracked 
|1959|0x00000000fa700000, 0x00000000fa800000, 0x00000000fa800000|100%| O|  |TAMS 0x00000000fa800000| PB 0x00000000fa700000| Untracked 
|1960|0x00000000fa800000, 0x00000000fa900000, 0x00000000fa900000|100%| O|  |TAMS 0x00000000fa900000| PB 0x00000000fa800000| Untracked 
|1961|0x00000000fa900000, 0x00000000faa00000, 0x00000000faa00000|100%| O|  |TAMS 0x00000000faa00000| PB 0x00000000fa900000| Untracked 
|1962|0x00000000faa00000, 0x00000000fab00000, 0x00000000fab00000|100%| E|CS|TAMS 0x00000000faa00000| PB 0x00000000faa00000| Complete 
|1963|0x00000000fab00000, 0x00000000fac00000, 0x00000000fac00000|100%| E|CS|TAMS 0x00000000fab00000| PB 0x00000000fab00000| Complete 
|1964|0x00000000fac00000, 0x00000000fad00000, 0x00000000fad00000|100%| O|  |TAMS 0x00000000fad00000| PB 0x00000000fac00000| Untracked 
|1965|0x00000000fad00000, 0x00000000fae00000, 0x00000000fae00000|100%| O|  |TAMS 0x00000000fae00000| PB 0x00000000fad00000| Untracked 
|1966|0x00000000fae00000, 0x00000000faf00000, 0x00000000faf00000|100%| O|  |TAMS 0x00000000faf00000| PB 0x00000000fae00000| Untracked 
|1967|0x00000000faf00000, 0x00000000fb000000, 0x00000000fb000000|100%| O|  |TAMS 0x00000000fb000000| PB 0x00000000faf00000| Untracked 
|1968|0x00000000fb000000, 0x00000000fb100000, 0x00000000fb100000|100%| O|  |TAMS 0x00000000fb100000| PB 0x00000000fb000000| Untracked 
|1969|0x00000000fb100000, 0x00000000fb200000, 0x00000000fb200000|100%| E|CS|TAMS 0x00000000fb100000| PB 0x00000000fb100000| Complete 
|1970|0x00000000fb200000, 0x00000000fb300000, 0x00000000fb300000|100%| O|  |TAMS 0x00000000fb300000| PB 0x00000000fb200000| Untracked 
|1971|0x00000000fb300000, 0x00000000fb400000, 0x00000000fb400000|100%| O|  |TAMS 0x00000000fb400000| PB 0x00000000fb300000| Untracked 
|1972|0x00000000fb400000, 0x00000000fb500000, 0x00000000fb500000|100%| O|  |TAMS 0x00000000fb500000| PB 0x00000000fb400000| Untracked 
|1973|0x00000000fb500000, 0x00000000fb600000, 0x00000000fb600000|100%| E|CS|TAMS 0x00000000fb500000| PB 0x00000000fb500000| Complete 
|1974|0x00000000fb600000, 0x00000000fb700000, 0x00000000fb700000|100%| O|  |TAMS 0x00000000fb700000| PB 0x00000000fb600000| Untracked 
|1975|0x00000000fb700000, 0x00000000fb800000, 0x00000000fb800000|100%| O|  |TAMS 0x00000000fb800000| PB 0x00000000fb700000| Untracked 
|1976|0x00000000fb800000, 0x00000000fb900000, 0x00000000fb900000|100%| O|  |TAMS 0x00000000fb900000| PB 0x00000000fb800000| Untracked 
|1977|0x00000000fb900000, 0x00000000fba00000, 0x00000000fba00000|100%| O|  |TAMS 0x00000000fba00000| PB 0x00000000fb900000| Untracked 
|1978|0x00000000fba00000, 0x00000000fbb00000, 0x00000000fbb00000|100%| O|  |TAMS 0x00000000fbb00000| PB 0x00000000fba00000| Untracked 
|1979|0x00000000fbb00000, 0x00000000fbc00000, 0x00000000fbc00000|100%| O|  |TAMS 0x00000000fbc00000| PB 0x00000000fbb00000| Untracked 
|1980|0x00000000fbc00000, 0x00000000fbd00000, 0x00000000fbd00000|100%| O|  |TAMS 0x00000000fbd00000| PB 0x00000000fbc00000| Untracked 
|1981|0x00000000fbd00000, 0x00000000fbe00000, 0x00000000fbe00000|100%| O|  |TAMS 0x00000000fbe00000| PB 0x00000000fbd00000| Untracked 
|1982|0x00000000fbe00000, 0x00000000fbf00000, 0x00000000fbf00000|100%| O|  |TAMS 0x00000000fbf00000| PB 0x00000000fbe00000| Untracked 
|1983|0x00000000fbf00000, 0x00000000fc000000, 0x00000000fc000000|100%| O|  |TAMS 0x00000000fc000000| PB 0x00000000fbf00000| Untracked 
|1984|0x00000000fc000000, 0x00000000fc100000, 0x00000000fc100000|100%| O|  |TAMS 0x00000000fc100000| PB 0x00000000fc000000| Untracked 
|1985|0x00000000fc100000, 0x00000000fc200000, 0x00000000fc200000|100%| O|  |TAMS 0x00000000fc200000| PB 0x00000000fc100000| Untracked 
|1986|0x00000000fc200000, 0x00000000fc300000, 0x00000000fc300000|100%| O|  |TAMS 0x00000000fc300000| PB 0x00000000fc200000| Untracked 
|1987|0x00000000fc300000, 0x00000000fc400000, 0x00000000fc400000|100%| O|  |TAMS 0x00000000fc400000| PB 0x00000000fc300000| Untracked 
|1988|0x00000000fc400000, 0x00000000fc500000, 0x00000000fc500000|100%| O|  |TAMS 0x00000000fc500000| PB 0x00000000fc400000| Untracked 
|1989|0x00000000fc500000, 0x00000000fc600000, 0x00000000fc600000|100%| O|  |TAMS 0x00000000fc600000| PB 0x00000000fc500000| Untracked 
|1990|0x00000000fc600000, 0x00000000fc700000, 0x00000000fc700000|100%| E|CS|TAMS 0x00000000fc600000| PB 0x00000000fc600000| Complete 
|1991|0x00000000fc700000, 0x00000000fc800000, 0x00000000fc800000|100%| O|  |TAMS 0x00000000fc800000| PB 0x00000000fc700000| Untracked 
|1992|0x00000000fc800000, 0x00000000fc900000, 0x00000000fc900000|100%| O|  |TAMS 0x00000000fc900000| PB 0x00000000fc800000| Untracked 
|1993|0x00000000fc900000, 0x00000000fca00000, 0x00000000fca00000|100%| O|  |TAMS 0x00000000fca00000| PB 0x00000000fc900000| Untracked 
|1994|0x00000000fca00000, 0x00000000fcb00000, 0x00000000fcb00000|100%| O|  |TAMS 0x00000000fcb00000| PB 0x00000000fca00000| Untracked 
|1995|0x00000000fcb00000, 0x00000000fcc00000, 0x00000000fcc00000|100%| O|  |TAMS 0x00000000fcc00000| PB 0x00000000fcb00000| Untracked 
|1996|0x00000000fcc00000, 0x00000000fcd00000, 0x00000000fcd00000|100%| O|  |TAMS 0x00000000fcd00000| PB 0x00000000fcc00000| Untracked 
|1997|0x00000000fcd00000, 0x00000000fce00000, 0x00000000fce00000|100%| O|  |TAMS 0x00000000fce00000| PB 0x00000000fcd00000| Untracked 
|1998|0x00000000fce00000, 0x00000000fcf00000, 0x00000000fcf00000|100%| O|  |TAMS 0x00000000fcf00000| PB 0x00000000fce00000| Untracked 
|1999|0x00000000fcf00000, 0x00000000fd000000, 0x00000000fd000000|100%| O|  |TAMS 0x00000000fd000000| PB 0x00000000fcf00000| Untracked 
|2000|0x00000000fd000000, 0x00000000fd100000, 0x00000000fd100000|100%| E|CS|TAMS 0x00000000fd000000| PB 0x00000000fd000000| Complete 
|2001|0x00000000fd100000, 0x00000000fd200000, 0x00000000fd200000|100%| O|  |TAMS 0x00000000fd200000| PB 0x00000000fd100000| Untracked 
|2002|0x00000000fd200000, 0x00000000fd300000, 0x00000000fd300000|100%| O|  |TAMS 0x00000000fd300000| PB 0x00000000fd200000| Untracked 
|2003|0x00000000fd300000, 0x00000000fd400000, 0x00000000fd400000|100%| O|  |TAMS 0x00000000fd400000| PB 0x00000000fd300000| Untracked 
|2004|0x00000000fd400000, 0x00000000fd500000, 0x00000000fd500000|100%| O|  |TAMS 0x00000000fd500000| PB 0x00000000fd400000| Untracked 
|2005|0x00000000fd500000, 0x00000000fd600000, 0x00000000fd600000|100%| O|  |TAMS 0x00000000fd600000| PB 0x00000000fd500000| Untracked 
|2006|0x00000000fd600000, 0x00000000fd700000, 0x00000000fd700000|100%| O|  |TAMS 0x00000000fd700000| PB 0x00000000fd600000| Untracked 
|2007|0x00000000fd700000, 0x00000000fd800000, 0x00000000fd800000|100%| O|  |TAMS 0x00000000fd800000| PB 0x00000000fd700000| Untracked 
|2008|0x00000000fd800000, 0x00000000fd900000, 0x00000000fd900000|100%| O|  |TAMS 0x00000000fd900000| PB 0x00000000fd800000| Untracked 
|2009|0x00000000fd900000, 0x00000000fda00000, 0x00000000fda00000|100%| O|  |TAMS 0x00000000fda00000| PB 0x00000000fd900000| Untracked 
|2010|0x00000000fda00000, 0x00000000fdb00000, 0x00000000fdb00000|100%| O|  |TAMS 0x00000000fdb00000| PB 0x00000000fda00000| Untracked 
|2011|0x00000000fdb00000, 0x00000000fdc00000, 0x00000000fdc00000|100%| O|  |TAMS 0x00000000fdc00000| PB 0x00000000fdb00000| Untracked 
|2012|0x00000000fdc00000, 0x00000000fdd00000, 0x00000000fdd00000|100%| O|  |TAMS 0x00000000fdd00000| PB 0x00000000fdc00000| Untracked 
|2013|0x00000000fdd00000, 0x00000000fde00000, 0x00000000fde00000|100%| O|  |TAMS 0x00000000fde00000| PB 0x00000000fdd00000| Untracked 
|2014|0x00000000fde00000, 0x00000000fdf00000, 0x00000000fdf00000|100%| O|  |TAMS 0x00000000fdf00000| PB 0x00000000fde00000| Untracked 
|2015|0x00000000fdf00000, 0x00000000fe000000, 0x00000000fe000000|100%| O|  |TAMS 0x00000000fe000000| PB 0x00000000fdf00000| Untracked 
|2016|0x00000000fe000000, 0x00000000fe100000, 0x00000000fe100000|100%| O|  |TAMS 0x00000000fe100000| PB 0x00000000fe000000| Untracked 
|2017|0x00000000fe100000, 0x00000000fe200000, 0x00000000fe200000|100%| O|  |TAMS 0x00000000fe200000| PB 0x00000000fe100000| Untracked 
|2018|0x00000000fe200000, 0x00000000fe300000, 0x00000000fe300000|100%| O|  |TAMS 0x00000000fe300000| PB 0x00000000fe200000| Untracked 
|2019|0x00000000fe300000, 0x00000000fe400000, 0x00000000fe400000|100%| E|CS|TAMS 0x00000000fe300000| PB 0x00000000fe300000| Complete 
|2020|0x00000000fe400000, 0x00000000fe500000, 0x00000000fe500000|100%| E|CS|TAMS 0x00000000fe400000| PB 0x00000000fe400000| Complete 
|2021|0x00000000fe500000, 0x00000000fe600000, 0x00000000fe600000|100%| E|CS|TAMS 0x00000000fe500000| PB 0x00000000fe500000| Complete 
|2022|0x00000000fe600000, 0x00000000fe700000, 0x00000000fe700000|100%| O|  |TAMS 0x00000000fe700000| PB 0x00000000fe600000| Untracked 
|2023|0x00000000fe700000, 0x00000000fe800000, 0x00000000fe800000|100%| O|  |TAMS 0x00000000fe800000| PB 0x00000000fe700000| Untracked 
|2024|0x00000000fe800000, 0x00000000fe900000, 0x00000000fe900000|100%| O|  |TAMS 0x00000000fe900000| PB 0x00000000fe800000| Untracked 
|2025|0x00000000fe900000, 0x00000000fea00000, 0x00000000fea00000|100%| O|  |TAMS 0x00000000fea00000| PB 0x00000000fe900000| Untracked 
|2026|0x00000000fea00000, 0x00000000feb00000, 0x00000000feb00000|100%| O|  |TAMS 0x00000000feb00000| PB 0x00000000fea00000| Untracked 
|2027|0x00000000feb00000, 0x00000000fec00000, 0x00000000fec00000|100%| O|  |TAMS 0x00000000fec00000| PB 0x00000000feb00000| Untracked 
|2028|0x00000000fec00000, 0x00000000fed00000, 0x00000000fed00000|100%| O|  |TAMS 0x00000000fed00000| PB 0x00000000fec00000| Untracked 
|2029|0x00000000fed00000, 0x00000000fee00000, 0x00000000fee00000|100%| O|  |TAMS 0x00000000fee00000| PB 0x00000000fed00000| Untracked 
|2030|0x00000000fee00000, 0x00000000fef00000, 0x00000000fef00000|100%| O|  |TAMS 0x00000000fef00000| PB 0x00000000fee00000| Untracked 
|2031|0x00000000fef00000, 0x00000000ff000000, 0x00000000ff000000|100%| O|  |TAMS 0x00000000ff000000| PB 0x00000000fef00000| Untracked 
|2032|0x00000000ff000000, 0x00000000ff100000, 0x00000000ff100000|100%| O|  |TAMS 0x00000000ff100000| PB 0x00000000ff000000| Untracked 
|2033|0x00000000ff100000, 0x00000000ff200000, 0x00000000ff200000|100%| O|  |TAMS 0x00000000ff200000| PB 0x00000000ff100000| Untracked 
|2034|0x00000000ff200000, 0x00000000ff300000, 0x00000000ff300000|100%| E|CS|TAMS 0x00000000ff200000| PB 0x00000000ff200000| Complete 
|2035|0x00000000ff300000, 0x00000000ff400000, 0x00000000ff400000|100%| O|  |TAMS 0x00000000ff400000| PB 0x00000000ff300000| Untracked 
|2036|0x00000000ff400000, 0x00000000ff500000, 0x00000000ff500000|100%| O|  |TAMS 0x00000000ff500000| PB 0x00000000ff400000| Untracked 
|2037|0x00000000ff500000, 0x00000000ff600000, 0x00000000ff600000|100%| E|CS|TAMS 0x00000000ff500000| PB 0x00000000ff500000| Complete 
|2038|0x00000000ff600000, 0x00000000ff700000, 0x00000000ff700000|100%| E|CS|TAMS 0x00000000ff600000| PB 0x00000000ff600000| Complete 
|2039|0x00000000ff700000, 0x00000000ff800000, 0x00000000ff800000|100%| E|CS|TAMS 0x00000000ff700000| PB 0x00000000ff700000| Complete 
|2040|0x00000000ff800000, 0x00000000ff900000, 0x00000000ff900000|100%| E|CS|TAMS 0x00000000ff800000| PB 0x00000000ff800000| Complete 
|2041|0x00000000ff900000, 0x00000000ffa00000, 0x00000000ffa00000|100%| E|CS|TAMS 0x00000000ff900000| PB 0x00000000ff900000| Complete 
|2042|0x00000000ffa00000, 0x00000000ffb00000, 0x00000000ffb00000|100%| O|  |TAMS 0x00000000ffb00000| PB 0x00000000ffa00000| Untracked 
|2043|0x00000000ffb00000, 0x00000000ffc00000, 0x00000000ffc00000|100%| O|  |TAMS 0x00000000ffc00000| PB 0x00000000ffb00000| Untracked 
|2044|0x00000000ffc00000, 0x00000000ffd00000, 0x00000000ffd00000|100%| O|  |TAMS 0x00000000ffd00000| PB 0x00000000ffc00000| Untracked 
|2045|0x00000000ffd00000, 0x00000000ffe00000, 0x00000000ffe00000|100%| O|  |TAMS 0x00000000ffe00000| PB 0x00000000ffd00000| Untracked 
|2046|0x00000000ffe00000, 0x00000000fff00000, 0x00000000fff00000|100%| O|  |TAMS 0x00000000fff00000| PB 0x00000000ffe00000| Untracked 
|2047|0x00000000fff00000, 0x0000000100000000, 0x0000000100000000|100%| E|CS|TAMS 0x00000000fff00000| PB 0x00000000fff00000| Complete 

Card table byte_map: [0x000001d24e030000,0x000001d24e430000] _byte_map_base: 0x000001d24dc30000

Marking Bits: (CMBitMap*) 0x000001d2290bcc10
 Bits: [0x000001d24e430000, 0x000001d250430000)

Polling page: 0x000001d228410000

Metaspace:

Usage:
  Non-class:    307.31 MB used.
      Class:     44.97 MB used.
       Both:    352.29 MB used.

Virtual space:
  Non-class space:      320.00 MB reserved,     310.56 MB ( 97%) committed,  5 nodes.
      Class space:        1.00 GB reserved,      47.31 MB (  5%) committed,  1 nodes.
             Both:        1.31 GB reserved,     357.88 MB ( 27%) committed. 

Chunk freelists:
   Non-Class:  8.98 MB
       Class:  704.00 KB
        Both:  9.67 MB

MaxMetaspaceSize: unlimited
CompressedClassSpaceSize: 1.00 GB
Initial GC threshold: 21.00 MB
Current GC threshold: 585.88 MB
CDS: on
 - commit_granule_bytes: 65536.
 - commit_granule_words: 8192.
 - virtual_space_node_default_size: 8388608.
 - enlarge_chunks_in_place: 1.
 - use_allocation_guard: 0.


Internal statistics:

num_allocs_failed_limit: 66.
num_arena_births: 7038.
num_arena_deaths: 500.
num_vsnodes_births: 6.
num_vsnodes_deaths: 0.
num_space_committed: 5720.
num_space_uncommitted: 0.
num_chunks_returned_to_freelist: 781.
num_chunks_taken_from_freelist: 25995.
num_chunk_merges: 341.
num_chunk_splits: 15232.
num_chunks_enlarged: 7951.
num_inconsistent_stats: 0.

CodeHeap 'non-profiled nmethods': size=259328Kb used=13929Kb max_used=13929Kb free=245399Kb
 bounds [0x000001d23d320000, 0x000001d23e0c0000, 0x000001d24d060000]
CodeHeap 'profiled nmethods': size=259264Kb used=63037Kb max_used=63037Kb free=196226Kb
 bounds [0x000001d22d060000, 0x000001d230df0000, 0x000001d23cd90000]
CodeHeap 'non-nmethods': size=5696Kb used=4046Kb max_used=4096Kb free=1649Kb
 bounds [0x000001d23cd90000, 0x000001d23d1b0000, 0x000001d23d320000]
CodeCache: size=524288Kb, used=81012Kb, max_used=81062Kb, free=443274Kb
 total_blobs=36011, nmethods=33930, adapters=1980, full_count=1
Compilation: disabled (not enough contiguous free space left), stopped_count=1, restarted_count=0

Compilation events (20 events):
Event: 41.109 Thread 0x000001d2535723b0 nmethod 41000 0x000001d230da2310 code [0x000001d230da2500, 0x000001d230da2760]
Event: 41.120 Thread 0x000001d2535723b0 41001 %     3       com.intellij.platform.workspace.storage.impl.AbstractRefsTable::getChildrenRefsOfParentBy-42Q2mxQ @ 59 (858 bytes)
Event: 41.146 Thread 0x000001d253570900 nmethod 40993 0x000001d23e0b6c10 code [0x000001d23e0b6f20, 0x000001d23e0b9410]
Event: 41.146 Thread 0x000001d253570900 40995       4       com.intellij.platform.workspace.storage.impl.references.ReferenceContainer::filterKeys (108 bytes)
Event: 41.147 Thread 0x000001d2535723b0 nmethod 41001% 0x000001d230da2910 code [0x000001d230da36e0, 0x000001d230dacb90]
Event: 41.150 Thread 0x000001d2535723b0 41002       3       com.intellij.platform.workspace.storage.impl.AbstractRefsTable::getChildrenRefsOfParentBy-42Q2mxQ (858 bytes)
Event: 41.155 Thread 0x000001d2535723b0 nmethod 41002 0x000001d230db0010 code [0x000001d230db0dc0, 0x000001d230db9f28]
Event: 41.168 Thread 0x000001d2535723b0 41004 %     3       com.intellij.platform.workspace.storage.impl.ReplaceBySourceAsTree$ReplaceWithProcessor::findSameEntityInTargetStore @ 377 (516 bytes)
Event: 41.173 Thread 0x000001d2535723b0 nmethod 41004% 0x000001d230dbd290 code [0x000001d230dbdce0, 0x000001d230dc3ca8]
Event: 41.173 Thread 0x000001d2535723b0 41005 %     3       com.intellij.platform.workspace.storage.impl.AbstractRefsTable::getParentRefsOfChild-HhnaDKw @ 210 (667 bytes)
Event: 41.177 Thread 0x000001d2535723b0 nmethod 41005% 0x000001d230dc5c90 code [0x000001d230dc67a0, 0x000001d230dcd9a0]
Event: 41.177 Thread 0x000001d2535723b0 41007       3       com.intellij.platform.workspace.storage.impl.ReplaceBySourceAsTree$ReplaceWithProcessor::findSameEntityInTargetStore (516 bytes)
Event: 41.181 Thread 0x000001d2535723b0 nmethod 41007 0x000001d230dd0090 code [0x000001d230dd0ae0, 0x000001d230dd68d8]
Event: 41.181 Thread 0x000001d2535723b0 41006 %     3       com.intellij.platform.workspace.storage.impl.ReplaceBySourceAsTree$ReplaceWithProcessor::addSubtree @ 194 (498 bytes)
Event: 41.188 Thread 0x000001d2535723b0 nmethod 41006% 0x000001d230dd8810 code [0x000001d230dd96c0, 0x000001d230de1fd0]
Event: 41.188 Thread 0x000001d2535723b0 41012       3       com.intellij.platform.workspace.storage.impl.AbstractRefsTable::getParentRefsOfChild-HhnaDKw (667 bytes)
Event: 41.192 Thread 0x000001d2535723b0 nmethod 41012 0x000001d230de5510 code [0x000001d230de6000, 0x000001d230deced0]
Event: 41.192 Thread 0x000001d2535723b0 41014       3       com.intellij.platform.workspace.storage.impl.ReplaceBySourceAsTree$ReplaceWithProcessor::addSubtree (498 bytes)
Event: 41.203 Thread 0x000001d253570900 

Event: 41.206 Thread 0x000001d2535723b0 


GC Heap History (20 events):
Event: 32.288 GC heap before
{Heap before GC invocations=76 (full 0):
 garbage-first heap   total 984064K, used 682671K [0x0000000080000000, 0x0000000100000000)
  region size 1024K, 157 young (160768K), 39 survivors (39936K)
 Metaspace       used 345332K, committed 350720K, reserved 1376256K
  class space    used 44011K, committed 46272K, reserved 1048576K
}
Event: 32.296 GC heap after
{Heap after GC invocations=77 (full 0):
 garbage-first heap   total 984064K, used 575870K [0x0000000080000000, 0x0000000100000000)
  region size 1024K, 13 young (13312K), 13 survivors (13312K)
 Metaspace       used 345332K, committed 350720K, reserved 1376256K
  class space    used 44011K, committed 46272K, reserved 1048576K
}
Event: 33.103 GC heap before
{Heap before GC invocations=78 (full 0):
 garbage-first heap   total 984064K, used 920958K [0x0000000080000000, 0x0000000100000000)
  region size 1024K, 290 young (296960K), 13 survivors (13312K)
 Metaspace       used 350652K, committed 355968K, reserved 1376256K
  class space    used 44757K, committed 46976K, reserved 1048576K
}
Event: 33.119 GC heap after
{Heap after GC invocations=79 (full 0):
 garbage-first heap   total 984064K, used 587572K [0x0000000080000000, 0x0000000100000000)
  region size 1024K, 37 young (37888K), 37 survivors (37888K)
 Metaspace       used 350652K, committed 355968K, reserved 1376256K
  class space    used 44757K, committed 46976K, reserved 1048576K
}
Event: 33.745 GC heap before
{Heap before GC invocations=79 (full 0):
 garbage-first heap   total 984064K, used 909108K [0x0000000080000000, 0x0000000100000000)
  region size 1024K, 308 young (315392K), 37 survivors (37888K)
 Metaspace       used 350890K, committed 356288K, reserved 1376256K
  class space    used 44777K, committed 47040K, reserved 1048576K
}
Event: 33.763 GC heap after
{Heap after GC invocations=80 (full 0):
 garbage-first heap   total 987136K, used 552522K [0x0000000080000000, 0x0000000100000000)
  region size 1024K, 32 young (32768K), 32 survivors (32768K)
 Metaspace       used 350890K, committed 356288K, reserved 1376256K
  class space    used 44777K, committed 47040K, reserved 1048576K
}
Event: 33.771 GC heap before
{Heap before GC invocations=80 (full 0):
 garbage-first heap   total 987136K, used 560714K [0x0000000080000000, 0x0000000100000000)
  region size 1024K, 42 young (43008K), 32 survivors (32768K)
 Metaspace       used 350890K, committed 356288K, reserved 1376256K
  class space    used 44777K, committed 47040K, reserved 1048576K
}
Event: 33.778 GC heap after
{Heap after GC invocations=81 (full 0):
 garbage-first heap   total 987136K, used 554882K [0x0000000080000000, 0x0000000100000000)
  region size 1024K, 5 young (5120K), 5 survivors (5120K)
 Metaspace       used 350890K, committed 356288K, reserved 1376256K
  class space    used 44777K, committed 47040K, reserved 1048576K
}
Event: 34.953 GC heap before
{Heap before GC invocations=82 (full 0):
 garbage-first heap   total 987136K, used 934786K [0x0000000080000000, 0x0000000100000000)
  region size 1024K, 298 young (305152K), 5 survivors (5120K)
 Metaspace       used 353800K, committed 359232K, reserved 1376256K
  class space    used 45164K, committed 47488K, reserved 1048576K
}
Event: 34.960 GC heap after
{Heap after GC invocations=83 (full 0):
 garbage-first heap   total 987136K, used 565772K [0x0000000080000000, 0x0000000100000000)
  region size 1024K, 19 young (19456K), 19 survivors (19456K)
 Metaspace       used 353800K, committed 359232K, reserved 1376256K
  class space    used 45164K, committed 47488K, reserved 1048576K
}
Event: 36.549 GC heap before
{Heap before GC invocations=83 (full 0):
 garbage-first heap   total 987136K, used 985612K [0x0000000080000000, 0x0000000100000000)
  region size 1024K, 309 young (316416K), 19 survivors (19456K)
 Metaspace       used 354463K, committed 359936K, reserved 1376256K
  class space    used 45228K, committed 47552K, reserved 1048576K
}
Event: 36.588 GC heap after
{Heap after GC invocations=84 (full 0):
 garbage-first heap   total 1028096K, used 492997K [0x0000000080000000, 0x0000000100000000)
  region size 1024K, 26 young (26624K), 26 survivors (26624K)
 Metaspace       used 354463K, committed 359936K, reserved 1376256K
  class space    used 45228K, committed 47552K, reserved 1048576K
}
Event: 36.603 GC heap before
{Heap before GC invocations=84 (full 0):
 garbage-first heap   total 1028096K, used 507333K [0x0000000080000000, 0x0000000100000000)
  region size 1024K, 41 young (41984K), 26 survivors (26624K)
 Metaspace       used 354464K, committed 359936K, reserved 1376256K
  class space    used 45228K, committed 47552K, reserved 1048576K
}
Event: 36.611 GC heap after
{Heap after GC invocations=85 (full 0):
 garbage-first heap   total 1028096K, used 493898K [0x0000000080000000, 0x0000000100000000)
  region size 1024K, 27 young (27648K), 27 survivors (27648K)
 Metaspace       used 354464K, committed 359936K, reserved 1376256K
  class space    used 45228K, committed 47552K, reserved 1048576K
}
Event: 38.629 GC heap before
{Heap before GC invocations=86 (full 0):
 garbage-first heap   total 1028096K, used 964938K [0x0000000080000000, 0x0000000100000000)
  region size 1024K, 404 young (413696K), 27 survivors (27648K)
 Metaspace       used 359757K, committed 365440K, reserved 1376256K
  class space    used 45955K, committed 48320K, reserved 1048576K
}
Event: 38.648 GC heap after
{Heap after GC invocations=87 (full 0):
 garbage-first heap   total 1028096K, used 486444K [0x0000000080000000, 0x0000000100000000)
  region size 1024K, 42 young (43008K), 42 survivors (43008K)
 Metaspace       used 359757K, committed 365440K, reserved 1376256K
  class space    used 45955K, committed 48320K, reserved 1048576K
}
Event: 41.052 GC heap before
{Heap before GC invocations=87 (full 0):
 garbage-first heap   total 1028096K, used 1016876K [0x0000000080000000, 0x0000000100000000)
  region size 1024K, 437 young (447488K), 42 survivors (43008K)
 Metaspace       used 360573K, committed 366336K, reserved 1376256K
  class space    used 46038K, committed 48448K, reserved 1048576K
}
Event: 41.107 GC heap after
{Heap after GC invocations=88 (full 0):
 garbage-first heap   total 1074176K, used 470667K [0x0000000080000000, 0x0000000100000000)
  region size 1024K, 32 young (32768K), 32 survivors (32768K)
 Metaspace       used 360573K, committed 366336K, reserved 1376256K
  class space    used 46038K, committed 48448K, reserved 1048576K
}
Event: 41.123 GC heap before
{Heap before GC invocations=88 (full 0):
 garbage-first heap   total 1074176K, used 490123K [0x0000000080000000, 0x0000000100000000)
  region size 1024K, 52 young (53248K), 32 survivors (32768K)
 Metaspace       used 360573K, committed 366336K, reserved 1376256K
  class space    used 46038K, committed 48448K, reserved 1048576K
}
Event: 41.143 GC heap after
{Heap after GC invocations=89 (full 0):
 garbage-first heap   total 1074176K, used 470236K [0x0000000080000000, 0x0000000100000000)
  region size 1024K, 31 young (31744K), 31 survivors (31744K)
 Metaspace       used 360573K, committed 366336K, reserved 1376256K
  class space    used 46038K, committed 48448K, reserved 1048576K
}

Dll operation events (3 events):
Event: 0.032 Loaded shared library C:\Program Files\JetBrains\JetBrains Rider 2024.3.6\jbr\bin\java.dll
Event: 0.034 Loaded shared library C:\Program Files\JetBrains\JetBrains Rider 2024.3.6\jbr\bin\zip.dll
Event: 0.555 Loaded shared library C:\Program Files\JetBrains\JetBrains Rider 2024.3.6\jbr\bin\verify.dll

Deoptimization events (20 events):
Event: 41.283 Thread 0x000001d2c6b0c0d0 DEOPT PACKING pc=0x000001d23e0b8f70 sp=0x000000552b7feab0
Event: 41.283 Thread 0x000001d2c6b0c0d0 DEOPT UNPACKING pc=0x000001d23cde7da2 sp=0x000000552b7feaa8 mode 2
Event: 41.326 Thread 0x000001d2c4669e20 DEOPT PACKING pc=0x000001d22ecfc2d4 sp=0x0000005529ffe130
Event: 41.326 Thread 0x000001d2c4669e20 DEOPT UNPACKING pc=0x000001d23cde88e2 sp=0x0000005529ffd640 mode 0
Event: 41.327 Thread 0x000001d2c4669e20 Uncommon trap: trap_request=0xffffff45 fr.pc=0x000001d23dc5ceb4 relative=0x0000000000000114
Event: 41.327 Thread 0x000001d2c4669e20 Uncommon trap: reason=unstable_if action=reinterpret pc=0x000001d23dc5ceb4 method=it.unimi.dsi.fastutil.ints.Int2IntOpenHashMap$MapIterator.nextEntry()I @ 29 c2
Event: 41.327 Thread 0x000001d2c4669e20 DEOPT PACKING pc=0x000001d23dc5ceb4 sp=0x0000005529ffde60
Event: 41.327 Thread 0x000001d2c4669e20 DEOPT UNPACKING pc=0x000001d23cde7da2 sp=0x0000005529ffdde0 mode 2
Event: 41.327 Thread 0x000001d2c4669e20 Uncommon trap: trap_request=0xffffff45 fr.pc=0x000001d23dcbfb74 relative=0x0000000000000134
Event: 41.327 Thread 0x000001d2c4669e20 Uncommon trap: reason=unstable_if action=reinterpret pc=0x000001d23dcbfb74 method=it.unimi.dsi.fastutil.ints.Int2IntOpenHashMap.insert(III)V @ 5 c2
Event: 41.327 Thread 0x000001d2c4669e20 DEOPT PACKING pc=0x000001d23dcbfb74 sp=0x0000005529ffde60
Event: 41.327 Thread 0x000001d2c4669e20 DEOPT UNPACKING pc=0x000001d23cde7da2 sp=0x0000005529ffde08 mode 2
Event: 41.419 Thread 0x000001d2c50fac00 DEOPT PACKING pc=0x000001d22eb54651 sp=0x000000552a9fdd40
Event: 41.419 Thread 0x000001d2c50fac00 DEOPT UNPACKING pc=0x000001d23cde88e2 sp=0x000000552a9fd268 mode 0
Event: 41.474 Thread 0x000001d2c4669e20 DEOPT PACKING pc=0x000001d22ec8b2d5 sp=0x0000005529ffe490
Event: 41.474 Thread 0x000001d2c4669e20 DEOPT UNPACKING pc=0x000001d23cde88e2 sp=0x0000005529ffd958 mode 0
Event: 41.474 Thread 0x000001d2c4669e20 DEOPT PACKING pc=0x000001d22ecf4e0a sp=0x0000005529ffe4b0
Event: 41.476 Thread 0x000001d2c4669e20 DEOPT UNPACKING pc=0x000001d23cde88e2 sp=0x0000005529ffd920 mode 0
Event: 41.487 Thread 0x000001d2c8bbf2f0 DEOPT PACKING pc=0x000001d22fb1cb2e sp=0x000000552bffdb00
Event: 41.487 Thread 0x000001d2c8bbf2f0 DEOPT UNPACKING pc=0x000001d23cde88e2 sp=0x000000552bffcfc8 mode 0

Classes loaded (20 events):
Event: 41.460 Loading class com/jetbrains/rider/actions/ui/ToolWindowComponentIdProvider
Event: 41.460 Loading class com/jetbrains/rider/actions/ui/ToolWindowComponentIdProvider done
Event: 41.460 Loading class com/jetbrains/rd/ide/model/EditorComponentId
Event: 41.460 Loading class com/jetbrains/rd/ide/model/EditorComponentId done
Event: 41.479 Loading class com/jetbrains/ide/model/uiautomation/ComponentId
Event: 41.479 Loading class com/jetbrains/ide/model/uiautomation/ComponentId done
Event: 41.485 Loading class com/jetbrains/ide/model/uiautomation/ComponentId$Companion
Event: 41.485 Loading class com/jetbrains/ide/model/uiautomation/ComponentId$Companion done
Event: 41.485 Loading class com/jetbrains/rd/ide/model/EditorComponentId$Companion
Event: 41.485 Loading class com/jetbrains/rd/ide/model/EditorComponentId$Companion done
Event: 41.485 Loading class com/jetbrains/rider/actions/RiderActionUpdateInterceptorKt
Event: 41.485 Loading class com/jetbrains/rider/actions/RiderActionUpdateInterceptorKt done
Event: 41.487 Loading class com/intellij/terminal/JBTerminalPanel
Event: 41.487 Loading class com/intellij/terminal/JBTerminalPanel done
Event: 41.507 Loading class com/jediterm/terminal/ui/TerminalPanel
Event: 41.507 Loading class com/jediterm/terminal/ui/TerminalPanel done
Event: 41.516 Loading class com/jediterm/terminal/TerminalDisplay
Event: 41.516 Loading class com/jediterm/terminal/TerminalDisplay done
Event: 41.519 Loading class com/jediterm/terminal/ui/TerminalActionProvider
Event: 41.519 Loading class com/jediterm/terminal/ui/TerminalActionProvider done

Classes unloaded (20 events):
Event: 29.878 Thread 0x000001d252a6fa70 Unloading class 0x000001d258b8dc00 'java/lang/invoke/LambdaForm$MH+0x000001d258b8dc00'
Event: 29.878 Thread 0x000001d252a6fa70 Unloading class 0x000001d258b8d400 'java/lang/invoke/LambdaForm$MH+0x000001d258b8d400'
Event: 29.878 Thread 0x000001d252a6fa70 Unloading class 0x000001d258b8d000 'java/lang/invoke/LambdaForm$DMH+0x000001d258b8d000'
Event: 29.878 Thread 0x000001d252a6fa70 Unloading class 0x000001d258b8cc00 'java/lang/invoke/LambdaForm$DMH+0x000001d258b8cc00'
Event: 29.878 Thread 0x000001d252a6fa70 Unloading class 0x000001d258b8c800 'java/lang/invoke/LambdaForm$DMH+0x000001d258b8c800'
Event: 29.878 Thread 0x000001d252a6fa70 Unloading class 0x000001d258b8c400 'java/lang/invoke/LambdaForm$DMH+0x000001d258b8c400'
Event: 29.878 Thread 0x000001d252a6fa70 Unloading class 0x000001d258b8c000 'java/lang/invoke/LambdaForm$DMH+0x000001d258b8c000'
Event: 29.878 Thread 0x000001d252a6fa70 Unloading class 0x000001d258b8b800 'java/lang/invoke/LambdaForm$DMH+0x000001d258b8b800'
Event: 29.878 Thread 0x000001d252a6fa70 Unloading class 0x000001d258b8b400 'java/lang/invoke/LambdaForm$DMH+0x000001d258b8b400'
Event: 29.878 Thread 0x000001d252a6fa70 Unloading class 0x000001d258b8b000 'java/lang/invoke/LambdaForm$DMH+0x000001d258b8b000'
Event: 29.878 Thread 0x000001d252a6fa70 Unloading class 0x000001d258b8ac00 'java/lang/invoke/LambdaForm$DMH+0x000001d258b8ac00'
Event: 29.878 Thread 0x000001d252a6fa70 Unloading class 0x000001d258b8a800 'java/lang/invoke/LambdaForm$DMH+0x000001d258b8a800'
Event: 29.878 Thread 0x000001d252a6fa70 Unloading class 0x000001d258b8a400 'java/lang/invoke/LambdaForm$DMH+0x000001d258b8a400'
Event: 29.878 Thread 0x000001d252a6fa70 Unloading class 0x000001d258b8a000 'java/lang/invoke/LambdaForm$DMH+0x000001d258b8a000'
Event: 29.878 Thread 0x000001d252a6fa70 Unloading class 0x000001d258b89c00 'java/lang/invoke/LambdaForm$DMH+0x000001d258b89c00'
Event: 29.878 Thread 0x000001d252a6fa70 Unloading class 0x000001d258b89400 'java/lang/invoke/LambdaForm$DMH+0x000001d258b89400'
Event: 29.878 Thread 0x000001d252a6fa70 Unloading class 0x000001d258b89000 'java/lang/invoke/LambdaForm$DMH+0x000001d258b89000'
Event: 29.878 Thread 0x000001d252a6fa70 Unloading class 0x000001d258b88400 'java/lang/invoke/LambdaForm$DMH+0x000001d258b88400'
Event: 29.878 Thread 0x000001d252a6fa70 Unloading class 0x000001d258b88800 'java/lang/invoke/LambdaForm$DMH+0x000001d258b88800'
Event: 29.878 Thread 0x000001d252a6fa70 Unloading class 0x000001d258b88c00 'java/lang/invoke/LambdaForm$DMH+0x000001d258b88c00'

Classes redefined (4 events):
Event: 0.409 Thread 0x000001d252a6fa70 redefined class name=java.math.BigInteger, count=1
Event: 0.420 Thread 0x000001d252a6fa70 redefined class name=java.net.InetAddress, count=1
Event: 0.426 Thread 0x000001d252a6fa70 redefined class name=sun.management.VMManagementImpl, count=1
Event: 0.447 Thread 0x000001d252a6fa70 redefined class name=java.lang.Class, count=1

Internal exceptions (20 events):
Event: 38.717 Thread 0x000001d34fcb24a0 Exception <a 'sun/nio/fs/WindowsException'{0x00000000fabfbee0}> (0x00000000fabfbee0) 
thrown [s\src\hotspot\share\prims\jni.cpp, line 537]
Event: 38.720 Thread 0x000001d357411dc0 Exception <a 'java/net/ConnectException'{0x00000000b6db9780}: Connection refused: connect> (0x00000000b6db9780) 
thrown [s\src\hotspot\share\prims\jni.cpp, line 572]
Event: 38.766 Thread 0x000001d34e5daa60 Exception <a 'sun/nio/fs/WindowsException'{0x00000000fe3efc40}> (0x00000000fe3efc40) 
thrown [s\src\hotspot\share\prims\jni.cpp, line 537]
Event: 38.768 Thread 0x000001d35741d580 Exception <a 'java/net/ConnectException'{0x00000000b5a807e8}: Connection refused: connect> (0x00000000b5a807e8) 
thrown [s\src\hotspot\share\prims\jni.cpp, line 572]
Event: 38.946 Thread 0x000001d2c6b092e0 Exception <a 'sun/nio/fs/WindowsException'{0x00000000b37fb518}> (0x00000000b37fb518) 
thrown [s\src\hotspot\share\prims\jni.cpp, line 537]
Event: 39.059 Thread 0x000001d221599fa0 Implicit null exception at 0x000001d23dfe4d38 to 0x000001d23dfe5fd8
Event: 39.159 Thread 0x000001d3295735f0 Exception <a 'sun/nio/fs/WindowsException'{0x00000000b0c6cf50}> (0x00000000b0c6cf50) 
thrown [s\src\hotspot\share\prims\jni.cpp, line 537]
Event: 39.929 Thread 0x000001d32956a590 Exception <a 'sun/nio/fs/WindowsException'{0x00000000b267cbb8}> (0x00000000b267cbb8) 
thrown [s\src\hotspot\share\prims\jni.cpp, line 537]
Event: 39.943 Thread 0x000001d329573c80 Exception <a 'java/io/IOException'{0x00000000ab845868}> (0x00000000ab845868) 
thrown [s\src\hotspot\share\prims\jni.cpp, line 537]
Event: 39.943 Thread 0x000001d329573c80 Exception <a 'java/io/IOException'{0x00000000ab845b78}> (0x00000000ab845b78) 
thrown [s\src\hotspot\share\prims\jni.cpp, line 537]
Event: 39.943 Thread 0x000001d32956a590 Exception <a 'sun/nio/fs/WindowsException'{0x00000000ab80a4f8}> (0x00000000ab80a4f8) 
thrown [s\src\hotspot\share\prims\jni.cpp, line 537]
Event: 39.944 Thread 0x000001d32956a590 Exception <a 'sun/nio/fs/WindowsException'{0x00000000ab80aaa8}> (0x00000000ab80aaa8) 
thrown [s\src\hotspot\share\prims\jni.cpp, line 537]
Event: 40.969 Thread 0x000001d34fc9cf60 Exception <a 'sun/nio/fs/WindowsException'{0x00000000a15f60d8}> (0x00000000a15f60d8) 
thrown [s\src\hotspot\share\prims\jni.cpp, line 537]
Event: 40.969 Thread 0x000001d34fc9e310 Exception <a 'sun/nio/fs/WindowsException'{0x00000000a15c78d8}> (0x00000000a15c78d8) 
thrown [s\src\hotspot\share\prims\jni.cpp, line 537]
Event: 40.969 Thread 0x000001d34fc9dc80 Exception <a 'sun/nio/fs/WindowsException'{0x00000000a15cfda8}> (0x00000000a15cfda8) 
thrown [s\src\hotspot\share\prims\jni.cpp, line 537]
Event: 40.970 Thread 0x000001d2c50fac00 Exception <a 'java/lang/NoSuchMethodError'{0x00000000a13e3780}: 'java.lang.Object java.lang.invoke.Invokers$Holder.linkToTargetMethod(java.lang.Object, java.lang.Object, long, java.lang.Object, java.lang.Object)'> (0x00000000a13e3780) 
thrown [s\src\hotspot\share\interpreter\linkResolver.cpp, line 784]
Event: 40.970 Thread 0x000001d34fca1e20 Exception <a 'sun/nio/fs/WindowsException'{0x00000000a14bf660}> (0x00000000a14bf660) 
thrown [s\src\hotspot\share\prims\jni.cpp, line 537]
Event: 40.973 Thread 0x000001d34fca31d0 Exception <a 'sun/nio/fs/WindowsException'{0x00000000a147f608}> (0x00000000a147f608) 
thrown [s\src\hotspot\share\prims\jni.cpp, line 537]
Event: 40.975 Thread 0x000001d34fca24b0 Exception <a 'sun/nio/fs/WindowsException'{0x00000000a15f12b0}> (0x00000000a15f12b0) 
thrown [s\src\hotspot\share\prims\jni.cpp, line 537]
Event: 41.002 Thread 0x000001d3295735f0 Exception <a 'sun/nio/fs/WindowsException'{0x00000000a0f84520}> (0x00000000a0f84520) 
thrown [s\src\hotspot\share\prims\jni.cpp, line 537]

ZGC Phase Switch (0 events):
No events

VM Operations (20 events):
Event: 40.389 Executing VM operation: ThreadDump
Event: 40.391 Executing VM operation: ThreadDump done
Event: 40.544 Executing VM operation: ThreadDump
Event: 40.545 Executing VM operation: ThreadDump done
Event: 40.697 Executing VM operation: ThreadDump
Event: 40.700 Executing VM operation: ThreadDump done
Event: 40.865 Executing VM operation: ThreadDump
Event: 40.867 Executing VM operation: ThreadDump done
Event: 41.034 Executing VM operation: ThreadDump
Event: 41.036 Executing VM operation: ThreadDump done
Event: 41.052 Executing VM operation: G1CollectForAllocation (G1 Evacuation Pause)
Event: 41.107 Executing VM operation: G1CollectForAllocation (G1 Evacuation Pause) done
Event: 41.122 Executing VM operation: G1TryInitiateConcMark (G1 Humongous Allocation)
Event: 41.143 Executing VM operation: G1TryInitiateConcMark (G1 Humongous Allocation) done
Event: 41.279 Executing VM operation: ThreadDump
Event: 41.281 Executing VM operation: ThreadDump done
Event: 41.307 Executing VM operation: HandshakeAllThreads (Deoptimize)
Event: 41.326 Executing VM operation: HandshakeAllThreads (Deoptimize) done
Event: 41.418 Executing VM operation: ThreadDump
Event: 41.421 Executing VM operation: ThreadDump done

Memory protections (0 events):
No events

Nmethod flushes (20 events):
Event: 36.884 Thread 0x000001d252a6fa70 flushing  nmethod 0x000001d2307c0010
Event: 36.884 Thread 0x000001d252a6fa70 flushing  nmethod 0x000001d23de3a510
Event: 36.884 Thread 0x000001d252a6fa70 flushing  nmethod 0x000001d22d127990
Event: 36.884 Thread 0x000001d252a6fa70 flushing  nmethod 0x000001d22d639e10
Event: 36.884 Thread 0x000001d252a6fa70 flushing  nmethod 0x000001d22d63d710
Event: 36.884 Thread 0x000001d252a6fa70 flushing  nmethod 0x000001d22d71f390
Event: 36.884 Thread 0x000001d252a6fa70 flushing  nmethod 0x000001d22d8ba190
Event: 36.884 Thread 0x000001d252a6fa70 flushing  nmethod 0x000001d22dc30410
Event: 36.884 Thread 0x000001d252a6fa70 flushing  nmethod 0x000001d22ddf8890
Event: 36.884 Thread 0x000001d252a6fa70 flushing  nmethod 0x000001d22e158110
Event: 36.884 Thread 0x000001d252a6fa70 flushing  nmethod 0x000001d22e309e90
Event: 36.884 Thread 0x000001d252a6fa70 flushing  nmethod 0x000001d22e707690
Event: 36.884 Thread 0x000001d252a6fa70 flushing  nmethod 0x000001d22ea10310
Event: 36.884 Thread 0x000001d252a6fa70 flushing  nmethod 0x000001d22ebedb90
Event: 36.884 Thread 0x000001d252a6fa70 flushing  nmethod 0x000001d22ec4c590
Event: 36.884 Thread 0x000001d252a6fa70 flushing  nmethod 0x000001d22edde910
Event: 36.886 Thread 0x000001d252a6fa70 flushing  nmethod 0x000001d22f837390
Event: 36.886 Thread 0x000001d252a6fa70 flushing  nmethod 0x000001d22ff49110
Event: 36.886 Thread 0x000001d252a6fa70 flushing  nmethod 0x000001d22ff49710
Event: 36.886 Thread 0x000001d252a6fa70 flushing  nmethod 0x000001d22ff4c590

Events (20 events):
Event: 34.744 Thread 0x000001d3295735f0 Thread added: 0x000001d363551b40
Event: 34.745 Thread 0x000001d363551b40 Thread exited: 0x000001d363551b40
Event: 35.227 Thread 0x000001d3295735f0 Thread added: 0x000001d3635421e0
Event: 35.227 Thread 0x000001d3635421e0 Thread exited: 0x000001d3635421e0
Event: 36.052 Thread 0x000001d3295735f0 Thread added: 0x000001d36353ed60
Event: 36.053 Thread 0x000001d36353ed60 Thread exited: 0x000001d36353ed60
Event: 36.683 Thread 0x000001d3295735f0 Thread added: 0x000001d36352e6e0
Event: 36.684 Thread 0x000001d36352e6e0 Thread exited: 0x000001d36352e6e0
Event: 37.263 Thread 0x000001d3295735f0 Thread added: 0x000001d35f5f32b0
Event: 37.295 Thread 0x000001d35f5f32b0 Thread exited: 0x000001d35f5f32b0
Event: 37.326 Thread 0x000001d318179710 Thread exited: 0x000001d318179710
Event: 38.361 Thread 0x000001d3295735f0 Thread added: 0x000001d35f5f9bb0
Event: 38.366 Thread 0x000001d35f5f9bb0 Thread exited: 0x000001d35f5f9bb0
Event: 39.579 Thread 0x000001d3295735f0 Thread added: 0x000001d357447970
Event: 39.580 Thread 0x000001d357447970 Thread exited: 0x000001d357447970
Event: 40.308 Thread 0x000001d3295735f0 Thread added: 0x000001d357447970
Event: 40.308 Thread 0x000001d357447970 Thread exited: 0x000001d357447970
Event: 40.964 Thread 0x000001d35741a790 Thread added: 0x000001d35744adf0
Event: 41.217 Thread 0x000001d3295735f0 Thread added: 0x000001d35744b480
Event: 41.218 Thread 0x000001d35744b480 Thread exited: 0x000001d35744b480


Dynamic libraries:
0x00007ff693370000 - 0x00007ff6934e3000 	C:\Program Files\JetBrains\JetBrains Rider 2024.3.6\bin\rider64.exe
0x00007ffd7cdd0000 - 0x00007ffd7cfc8000 	C:\Windows\SYSTEM32\ntdll.dll
0x00007ffd7c3a0000 - 0x00007ffd7c462000 	C:\Windows\System32\KERNEL32.DLL
0x00007ffd7aaf0000 - 0x00007ffd7ade6000 	C:\Windows\System32\KERNELBASE.dll
0x00007ffd7aea0000 - 0x00007ffd7af6d000 	C:\Windows\System32\oleaut32.dll
0x00007ffd7a5f0000 - 0x00007ffd7a68d000 	C:\Windows\System32\msvcp_win.dll
0x00007ffd7a710000 - 0x00007ffd7a810000 	C:\Windows\System32\ucrtbase.dll
0x00007ffd7b5a0000 - 0x00007ffd7b8f4000 	C:\Windows\System32\combase.dll
0x00007ffd7b980000 - 0x00007ffd7baa0000 	C:\Windows\System32\RPCRT4.dll
0x00007ffd7b1c0000 - 0x00007ffd7b361000 	C:\Windows\System32\user32.dll
0x00007ffd7a460000 - 0x00007ffd7a482000 	C:\Windows\System32\win32u.dll
0x00007ffd7c140000 - 0x00007ffd7c16b000 	C:\Windows\System32\GDI32.dll
0x00007ffd7a950000 - 0x00007ffd7aa69000 	C:\Windows\System32\gdi32full.dll
0x00007ffd7c620000 - 0x00007ffd7cd90000 	C:\Windows\System32\shell32.dll
0x00007ffd7c210000 - 0x00007ffd7c2c1000 	C:\Windows\System32\advapi32.dll
0x00007ffd7c170000 - 0x00007ffd7c20e000 	C:\Windows\System32\msvcrt.dll
0x00007ffd7c2d0000 - 0x00007ffd7c36f000 	C:\Windows\System32\sechost.dll
0x00007ffd7a6e0000 - 0x00007ffd7a707000 	C:\Windows\System32\bcrypt.dll
0x00007ffd7a810000 - 0x00007ffd7a892000 	C:\Windows\System32\bcryptprimitives.dll
0x00007ffd7a350000 - 0x00007ffd7a37e000 	C:\Windows\SYSTEM32\userenv.dll
0x00007ffd681d0000 - 0x00007ffd681f7000 	C:\Windows\SYSTEM32\WINMM.dll
0x00007ffd77ff0000 - 0x00007ffd781f1000 	C:\Windows\SYSTEM32\dbghelp.dll
0x00007ffd7c370000 - 0x00007ffd7c39f000 	C:\Windows\System32\IMM32.DLL
0x00007ffd78200000 - 0x00007ffd789a5000 	C:\Windows\SYSTEM32\windows.storage.dll
0x00007ffd79e90000 - 0x00007ffd79ebb000 	C:\Windows\SYSTEM32\Wldp.dll
0x00007ffd7adf0000 - 0x00007ffd7ae9d000 	C:\Windows\System32\SHCORE.dll
0x00007ffd7af70000 - 0x00007ffd7afcb000 	C:\Windows\System32\shlwapi.dll
0x00007ffd7a390000 - 0x00007ffd7a3b4000 	C:\Windows\SYSTEM32\profapi.dll
0x00007ffd796f0000 - 0x00007ffd79723000 	C:\Windows\SYSTEM32\ntmarta.dll
0x00007ffc307f0000 - 0x00007ffc315bb000 	C:\Program Files\JetBrains\JetBrains Rider 2024.3.6\jbr\bin\server\jvm.dll
0x00007ffd7baa0000 - 0x00007ffd7bb0b000 	C:\Windows\System32\WS2_32.dll
0x00007ffd79c70000 - 0x00007ffd79cbb000 	C:\Windows\SYSTEM32\POWRPROF.dll
0x00007ffd71de0000 - 0x00007ffd71dea000 	C:\Windows\SYSTEM32\VERSION.dll
0x00007ffd73fb0000 - 0x00007ffd73fbc000 	C:\Program Files\JetBrains\JetBrains Rider 2024.3.6\jbr\bin\VCRUNTIME140_1.dll
0x00007ffd3c0c0000 - 0x00007ffd3c0db000 	C:\Program Files\JetBrains\JetBrains Rider 2024.3.6\jbr\bin\VCRUNTIME140.dll
0x00007ffd79c10000 - 0x00007ffd79c22000 	C:\Windows\SYSTEM32\UMPDC.dll
0x00007ffd73fa0000 - 0x00007ffd73faa000 	C:\Program Files\JetBrains\JetBrains Rider 2024.3.6\jbr\bin\jimage.dll
0x00007ffd70a40000 - 0x00007ffd70a74000 	C:\Windows\SYSTEM32\dbgcore.DLL
0x00007ffd3c0b0000 - 0x00007ffd3c0be000 	C:\Program Files\JetBrains\JetBrains Rider 2024.3.6\jbr\bin\instrument.dll
0x00007ffd06e50000 - 0x00007ffd06e68000 	C:\Program Files\JetBrains\JetBrains Rider 2024.3.6\jbr\bin\jli.dll
0x00007ffd06e30000 - 0x00007ffd06e50000 	C:\Program Files\JetBrains\JetBrains Rider 2024.3.6\jbr\bin\java.dll
0x00007ffd508e0000 - 0x00007ffd50990000 	C:\Windows\WinSxS\amd64_microsoft.windows.common-controls_6595b64144ccf1df_5.82.19041.6280_none_792d7c952443c49a\COMCTL32.dll
0x00007ffd06e10000 - 0x00007ffd06e28000 	C:\Program Files\JetBrains\JetBrains Rider 2024.3.6\jbr\bin\zip.dll
0x00007ffd78c70000 - 0x00007ffd78c82000 	C:\Windows\SYSTEM32\kernel.appcore.dll
0x00007ffd06e00000 - 0x00007ffd06e10000 	C:\Program Files\JetBrains\JetBrains Rider 2024.3.6\jbr\bin\net.dll
0x00007ffd700f0000 - 0x00007ffd701fa000 	C:\Windows\SYSTEM32\WINHTTP.dll
0x00007ffd79b80000 - 0x00007ffd79bea000 	C:\Windows\system32\mswsock.dll
0x00007ffd06de0000 - 0x00007ffd06df6000 	C:\Program Files\JetBrains\JetBrains Rider 2024.3.6\jbr\bin\nio.dll
0x00007ffd06dd0000 - 0x00007ffd06dd9000 	C:\Program Files\JetBrains\JetBrains Rider 2024.3.6\jbr\bin\management.dll
0x00007ffd06dc0000 - 0x00007ffd06dcb000 	C:\Program Files\JetBrains\JetBrains Rider 2024.3.6\jbr\bin\management_ext.dll
0x00007ffd7c130000 - 0x00007ffd7c138000 	C:\Windows\System32\PSAPI.DLL
0x00007ffd50990000 - 0x00007ffd509a7000 	C:\Windows\system32\napinsp.dll
0x00007ffd4c6e0000 - 0x00007ffd4c6fb000 	C:\Windows\system32\pnrpnsp.dll
0x00007ffd74cb0000 - 0x00007ffd74ccd000 	C:\Windows\system32\wshbth.dll
0x00007ffd71dc0000 - 0x00007ffd71ddd000 	C:\Windows\system32\NLAapi.dll
0x00007ffd79860000 - 0x00007ffd7989b000 	C:\Windows\SYSTEM32\IPHLPAPI.DLL
0x00007ffd798a0000 - 0x00007ffd7996a000 	C:\Windows\SYSTEM32\DNSAPI.dll
0x00007ffd7bf80000 - 0x00007ffd7bf88000 	C:\Windows\System32\NSI.dll
0x00007ffd4c630000 - 0x00007ffd4c642000 	C:\Windows\System32\winrnr.dll
0x0000000059820000 - 0x0000000059846000 	C:\Program Files\Bonjour\mdnsNSP.dll
0x00007ffd72bf0000 - 0x00007ffd72bfa000 	C:\Windows\System32\rasadhlp.dll
0x00007ffd69ef0000 - 0x00007ffd69f70000 	C:\Windows\System32\fwpuclnt.dll
0x00007ffd06db0000 - 0x00007ffd06dc0000 	C:\Program Files\JetBrains\JetBrains Rider 2024.3.6\jbr\bin\verify.dll
0x00007ffc36a70000 - 0x00007ffc36c08000 	C:\Program Files\JetBrains\JetBrains Rider 2024.3.6\jbr\bin\awt.dll
0x00007ffd771b0000 - 0x00007ffd771de000 	C:\Windows\SYSTEM32\dwmapi.dll
0x00007ffd06d60000 - 0x00007ffd06da4000 	C:\Program Files\JetBrains\JetBrains Rider 2024.3.6\jbr\bin\nvdaControllerClient64.dll
0x00007ffc5f060000 - 0x00007ffc5f0ed000 	C:\Program Files\JetBrains\JetBrains Rider 2024.3.6\bin\MSVCP140.dll
0x00007ffd76b40000 - 0x00007ffd76bd4000 	C:\Windows\SYSTEM32\apphelp.dll
0x00007ffd06d50000 - 0x00007ffd06d5e000 	C:\Program Files\JetBrains\JetBrains Rider 2024.3.6\jbr\bin\sunmscapi.dll
0x00007ffd7a490000 - 0x00007ffd7a5ed000 	C:\Windows\System32\CRYPT32.dll
0x00007ffd79f00000 - 0x00007ffd79f27000 	C:\Windows\SYSTEM32\ncrypt.dll
0x00007ffd79ec0000 - 0x00007ffd79efb000 	C:\Windows\SYSTEM32\NTASN1.dll
0x00007ffd04090000 - 0x00007ffd04099000 	C:\Program Files\JetBrains\JetBrains Rider 2024.3.6\jbr\bin\prefs.dll
0x00007ffd3fd60000 - 0x00007ffd3fd67000 	C:\Windows\system32\wshunix.dll
0x00007ffd76fc0000 - 0x00007ffd7705e000 	C:\Windows\system32\uxtheme.dll
0x00007ffced1c0000 - 0x00007ffced1c9000 	C:\Program Files\JetBrains\JetBrains Rider 2024.3.6\jbr\bin\extnet.dll
0x00007ffd7b480000 - 0x00007ffd7b595000 	C:\Windows\System32\MSCTF.dll
0x00007ffd7bfa0000 - 0x00007ffd7c0cb000 	C:\Windows\System32\ole32.dll
0x00007ffc5b4c0000 - 0x00007ffc5b547000 	C:\Program Files\JetBrains\JetBrains Rider 2024.3.6\jbr\bin\freetype.dll
0x00007ffc36980000 - 0x00007ffc36a6e000 	C:\Program Files\JetBrains\JetBrains Rider 2024.3.6\jbr\bin\fontmanager.dll
0x00007ffd757b0000 - 0x00007ffd757c4000 	C:\Windows\system32\Wtsapi32.dll
0x00007ffd79110000 - 0x00007ffd79173000 	C:\Windows\SYSTEM32\WINSTA.dll
0x00007ffd3b950000 - 0x00007ffd3ba78000 	C:\Windows\system32\opengl32.dll
0x00007ffd3b8e0000 - 0x00007ffd3b90c000 	C:\Windows\SYSTEM32\GLU32.dll
0x00007ffcb8990000 - 0x00007ffcb89d9000 	C:\Program Files\JetBrains\JetBrains Rider 2024.3.6\lib\jna\amd64\jnidispatch.dll
0x00007ffd79de0000 - 0x00007ffd79df8000 	C:\Windows\SYSTEM32\CRYPTSP.dll
0x00007ffd794a0000 - 0x00007ffd794d8000 	C:\Windows\system32\rsaenh.dll
0x00007ffd79e00000 - 0x00007ffd79e0c000 	C:\Windows\SYSTEM32\CRYPTBASE.dll
0x00007ffc2b620000 - 0x00007ffc2b658000 	C:\Program Files\JetBrains\JetBrains Rider 2024.3.6\bin\WinShellIntegrationBridge.dll
0x00007ffd7b370000 - 0x00007ffd7b419000 	C:\Windows\System32\clbcatq.dll
0x00007ffd3b3d0000 - 0x00007ffd3b464000 	C:\Windows\System32\appresolver.dll
0x00007ffd69f70000 - 0x00007ffd69fcb000 	C:\Windows\System32\Bcp47Langs.dll
0x00007ffd78f60000 - 0x00007ffd78f89000 	C:\Windows\System32\SLC.dll
0x00007ffd78f30000 - 0x00007ffd78f55000 	C:\Windows\System32\sppc.dll
0x00007ffd75680000 - 0x00007ffd75774000 	C:\Windows\system32\propsys.dll
0x00007ffd7b060000 - 0x00007ffd7b0d9000 	C:\Windows\System32\coml2.dll
0x00007ffd2a100000 - 0x00007ffd2a27e000 	C:\Windows\System32\TaskFlowDataEngine.dll
0x00007ffd75950000 - 0x00007ffd75aa7000 	C:\Windows\SYSTEM32\wintypes.dll
0x00007ffd44720000 - 0x00007ffd44bfb000 	C:\Windows\System32\cdp.dll
0x00007ffd7a690000 - 0x00007ffd7a6de000 	C:\Windows\System32\cfgmgr32.dll
0x00007ffd75800000 - 0x00007ffd75941000 	C:\Windows\System32\dsreg.dll
0x00007ffd79530000 - 0x00007ffd795ba000 	C:\Windows\System32\msvcp110_win.dll
0x00007ffd7a020000 - 0x00007ffd7a032000 	C:\Windows\SYSTEM32\MSASN1.dll
0x00007ffd41f80000 - 0x00007ffd41fff000 	C:\Windows\System32\OneCoreCommonProxyStub.dll
0x00007ffd6c740000 - 0x00007ffd6c74d000 	C:\Windows\SYSTEM32\LINKINFO.dll
0x00007ffd37e80000 - 0x00007ffd37efd000 	C:\Windows\SYSTEM32\ntshrui.dll
0x00007ffd7a310000 - 0x00007ffd7a342000 	C:\Windows\SYSTEM32\SspiCli.dll
0x00007ffd6b7b0000 - 0x00007ffd6b7d8000 	C:\Windows\SYSTEM32\srvcli.dll
0x00007ffd5b0b0000 - 0x00007ffd5b0c2000 	C:\Windows\SYSTEM32\cscapi.dll
0x00007ffd753a0000 - 0x00007ffd75441000 	C:\Windows\SYSTEM32\policymanager.dll
0x00007ffd718b0000 - 0x00007ffd718c7000 	C:\Windows\SYSTEM32\dhcpcsvc6.DLL
0x00007ffd71be0000 - 0x00007ffd71bfd000 	C:\Windows\SYSTEM32\dhcpcsvc.DLL
0x00007ffd78c90000 - 0x00007ffd78cb3000 	C:\Windows\SYSTEM32\gpapi.dll
0x00007ffd71df0000 - 0x00007ffd71e21000 	C:\Windows\SYSTEM32\cryptnet.dll
0x00007ffd71db0000 - 0x00007ffd71dbb000 	C:\Windows\SYSTEM32\WINNSI.DLL
0x00007ffd6e8f0000 - 0x00007ffd6e901000 	C:\Windows\system32\wbem\wbemprox.dll
0x00007ffd6c290000 - 0x00007ffd6c320000 	C:\Windows\SYSTEM32\wbemcomn.dll
0x00007ffd6ba40000 - 0x00007ffd6ba54000 	C:\Windows\system32\wbem\wbemsvc.dll
0x00007ffd5fd20000 - 0x00007ffd5fec8000 	C:\Windows\WinSxS\amd64_microsoft.windows.gdiplus_6595b64144ccf1df_1.1.19041.6456_none_91a399b0cc88bc24\gdiplus.dll
0x00007ffd6b5d0000 - 0x00007ffd6b6dc000 	C:\Windows\system32\wbem\fastprox.dll
0x00007ffd6b8e0000 - 0x00007ffd6b8ff000 	C:\Windows\SYSTEM32\amsi.dll
0x00007ffd5fef0000 - 0x00007ffd6018b000 	C:\Windows\WinSxS\amd64_microsoft.windows.common-controls_6595b64144ccf1df_6.0.19041.6456_none_60b8a6cb71f64256\comctl32.dll
0x00007ffd76e00000 - 0x00007ffd76fb6000 	C:\Windows\SYSTEM32\WindowsCodecs.dll
0x00007ffd3ffb0000 - 0x00007ffd3ffee000 	C:\Windows\system32\dataexchange.dll
0x00007ffd789b0000 - 0x00007ffd78c14000 	C:\Windows\system32\d3d11.dll
0x00007ffd75f10000 - 0x00007ffd760f4000 	C:\Windows\system32\dcomp.dll
0x00007ffd78ce0000 - 0x00007ffd78dd6000 	C:\Windows\system32\dxgi.dll
0x00007ffd746a0000 - 0x00007ffd748a3000 	C:\Windows\system32\twinapi.appcore.dll

JVMTI agents:
D:\BaiduNetdiskDownload\jihuo-tool\ja-netfilter.jar path:C:\Program Files\JetBrains\JetBrains Rider 2024.3.6\jbr\bin\instrument.dll, loaded, initialized, instrumentlib options:jetbrains

dbghelp: loaded successfully - version: 4.0.5 - missing functions: none
symbol engine: initialized successfully - sym options: 0x614 - pdb path: .;C:\Program Files\JetBrains\JetBrains Rider 2024.3.6\bin;C:\Windows\SYSTEM32;C:\Program Files\JetBrains\JetBrains Rider 2024.3.6\jbr\bin\server;C:\Program Files\JetBrains\JetBrains Rider 2024.3.6\jbr\bin;C:\Windows\WinSxS\amd64_microsoft.windows.common-controls_6595b64144ccf1df_5.82.19041.6280_none_792d7c952443c49a;C:\Program Files\Bonjour;C:\Program Files\JetBrains\JetBrains Rider 2024.3.6\lib\jna\amd64;C:\Windows\system32\wbem;C:\Windows\WinSxS\amd64_microsoft.windows.gdiplus_6595b64144ccf1df_1.1.19041.6456_none_91a399b0cc88bc24;C:\Windows\WinSxS\amd64_microsoft.windows.common-controls_6595b64144ccf1df_6.0.19041.6456_none_60b8a6cb71f64256;C:\Windows\system32\IME\QQPinyinTSF

VM Arguments:
jvm_args: abort vfprintf -XX:ErrorFile=C:\Users\Muju\java_error_in_rider_%p.log -XX:HeapDumpPath=C:\Users\Muju\java_error_in_rider.hprof -Xms128m -Xmx2048m -XX:JbrShrinkingGcMaxHeapFreeRatio=40 -XX:ReservedCodeCacheSize=512m -XX:+HeapDumpOnOutOfMemoryError -XX:-OmitStackTraceInFastThrow -XX:CICompilerCount=2 -XX:+IgnoreUnrecognizedVMOptions -XX:+UnlockDiagnosticVMOptions -XX:TieredOldPercentage=100000 -ea -Dsun.io.useCanonCaches=false -Dsun.java2d.metal=true -Djbr.catch.SIGABRT=true -Djdk.http.auth.tunneling.disabledSchemes="" -Djdk.attach.allowAttachSelf=true -Djdk.module.illegalAccess.silent=true -Djdk.nio.maxCachedBufferSize=2097152 -Djava.util.zip.use.nio.for.zip.file.access=true -Dkotlinx.coroutines.debug=off -Djava.nio.file.spi.DefaultFileSystemProvider=com.intellij.platform.core.nio.fs.MultiRoutingFileSystemProvider -Dllm.show.ai.promotion.window.on.start=false -Xms128m -Xmx2048m -XX:ReservedCodeCacheSize=512m -XX:+IgnoreUnrecognizedVMOptions -XX:+UseG1GC -XX:SoftRefLRUPolicyMSPerMB=50 -XX:CICompilerCount=2 -XX:+HeapDumpOnOutOfMemoryError -XX:-OmitStackTraceInFastThrow -ea -Dsun.io.useCanonCaches=false -Djdk.http.auth.tunneling.disabledSchemes="" -Djdk.attach.allowAttachSelf=true -Djdk.module.illegalAccess.silent=true -Dkotlinx.coroutines.debug=off -XX:ErrorFile=$USER_HOME/java_error_in_idea_%p.log -XX:HeapDumpPath=$USER_HOME/java_error_in_idea.hprof --add-opens=java.base/jdk.internal.org.objectweb.asm=ALL-UNNAMED --add-opens=java.base/jdk.internal.org.objectweb.asm.tree=ALL-UNNAMED -javaagent:D:\BaiduNetdiskDownload\jihuo-tool\ja-netfilter.jar=jetbrains -Djb.vmOptionsFile=D:\BaiduNetdiskDownload\jihuo-tool\vmoptions\rider.vmoptions -Xbootclasspath/a:C:\Program Files\JetBrains\JetBrains Rider 2024.3.6\lib\nio-fs.jar -Djava.system.class.loader=com.intellij.util.lang.PathClassLoader -Didea.vendor.name=JetBrains -Didea.paths.selector=Rider2025.2 -Djna.boot.library.path=C:\Program Files\JetBrains\JetBrains Rider 2024.3.6/lib/jna/amd64 -Djna.nosys=true -Djna.noclasspath=true -Dpty4j.preferred.native.folder=C:\Program Files\JetBrains\JetBrains Rider 2024.3.6/lib/pty4j -Dio.netty.allocator.type=pooled -Dintellij.platform.runtime.repository.path=C:\Program Files\JetBrains\JetBrains Rider 2024.3.6/modules/module-descriptors.dat -Didea.platform.prefix=Rider -Dwsl.use.remote.agent.for.nio.filesystem=true -Djava.nio.file.spi.DefaultFileSystemProvider=com.intellij.platform.core.nio.fs.MultiRoutingFileSystemProvider -Dide.native.launcher=true -Didea.class.before.app=com.jetbrains.rider.protocol.EarlyBackendStarter -Didea.show.customize.ide.wizard=true -DFilePageCache.THROW_ERROR_ON_DUPLICATE_STORAGE_REGISTRATION=false -Dsplash=true -Daether.connector.resumeDownloads=false -Dcompose.swing.render.on.graphics=true --add-opens=java.base/java.io=ALL-UNNAMED --add-opens=java.base/java.lang=ALL-UNNAMED --add-opens=java.base/java.lang.ref=ALL-UNNAMED --add-opens=java.base/java.lang.reflect=ALL-UNNAMED --add-opens=java.base/java.net=ALL-UNNAMED --add-opens=java.base/java.nio=ALL-UNNAMED --add-opens=java.base/java.nio.charset=ALL-UNNAMED --add-opens=java.base/java.text=ALL-UNNAMED --add-opens=java.base/java.time=ALL-UNNAMED --add-opens=java.base/java.util=ALL-UNNAMED --add-opens=java.base/java.util.concurrent=ALL-UNNAMED --add-opens=java.base/java.util.concurrent.atomic=ALL-UNNAMED --add-opens=java.base/java.util.concurrent.locks=ALL-UNNAMED --add-opens=java.base/jdk.internal.vm=ALL-UNNAMED --add-opens=java.base/sun.net.dns=ALL-UNNAMED --add-opens=java.base/sun.nio.ch=ALL-UNNAMED --add-opens=java.base/sun.nio.fs=ALL-UNNAMED --add-opens=java.base/sun.security.ssl=ALL-UNNAMED --add-opens=java.base/sun.security.util=ALL-UNNAMED --add-opens=java.desktop/com.sun.java.swing=ALL-UNNAMED --add-opens=java.desktop/java.awt=ALL-UNNAMED --add-opens=java.desktop/java.awt.dnd.peer=ALL-UNNAMED --add-opens=java.desktop/java.awt.event=ALL-UNNAMED --add-opens=java.desktop/java.awt.font=ALL-UNNAMED --add-opens=java.desktop/java.awt.image=ALL-UNNAMED --add-opens=java.desktop/java.awt.peer=ALL-UNNAMED --add-opens=java.desktop/javax.swing=ALL-UNNAMED --add-opens=java.desktop/javax.swing.plaf.basic=ALL-UNNAMED --add-opens=java.desktop/javax.swing.text=ALL-UNNAMED --add-opens=java.desktop/javax.swing.text.html=ALL-UNNAMED --add-opens=java.desktop/javax.swing.text.html.parser=ALL-UNNAMED --add-opens=java.desktop/sun.awt=ALL-UNNAMED --add-opens=java.desktop/sun.awt.datatransfer=ALL-UNNAMED --add-opens=java.desktop/sun.awt.image=ALL-UNNAMED --add-opens=java.desktop/sun.awt.windows=ALL-UNNAMED --add-opens=java.desktop/sun.font=ALL-UNNAMED --add-opens=java.desktop/sun.java2d=ALL-UNNAMED --add-opens=java.desktop/sun.swing=ALL-UNNAMED --add-opens=java.management/sun.management=ALL-UNNAMED --add-opens=jdk.attach/sun.tools.attach=ALL-UNNAMED --add-opens=jdk.compiler/com.sun.tools.javac.api=ALL-UNNAMED --add-opens=jdk.internal.jvmstat/sun.jvmstat.monitor=ALL-UNNAMED --add-opens=jdk.jdi/com.sun.tools.jdi=ALL-UNNAMED -Dide.native.launcher=true -Djcef.sandbox.ptr=000001D226B07DA0 -Djcef.sandbox.cefVersion=122.1.9+gd14e051+chromium-122.0.6261.94 
java_command: com.intellij.idea.Main E:\Unity\program\Pvz\Pvz.sln --line -1 --column -1 E:\Unity\program\Pvz\Assets\Scripts\PeaBullet.cs
java_class_path (initial): C:\Program Files\JetBrains\JetBrains Rider 2024.3.6\lib\platform-loader.jar;C:\Program Files\JetBrains\JetBrains Rider 2024.3.6\lib\util-8.jar;C:\Program Files\JetBrains\JetBrains Rider 2024.3.6\lib\app-client.jar;C:\Program Files\JetBrains\JetBrains Rider 2024.3.6\lib\util.jar;C:\Program Files\JetBrains\JetBrains Rider 2024.3.6\lib\product.jar;C:\Program Files\JetBrains\JetBrains Rider 2024.3.6\lib\app.jar;C:\Program Files\JetBrains\JetBrains Rider 2024.3.6\lib\annotations.jar;C:\Program Files\JetBrains\JetBrains Rider 2024.3.6\lib\bouncy-castle.jar;C:\Program Files\JetBrains\JetBrains Rider 2024.3.6\lib\eclipse.lsp4j.debug.jar;C:\Program Files\JetBrains\JetBrains Rider 2024.3.6\lib\eclipse.lsp4j.jar;C:\Program Files\JetBrains\JetBrains Rider 2024.3.6\lib\eclipse.lsp4j.jsonrpc.debug.jar;C:\Program Files\JetBrains\JetBrains Rider 2024.3.6\lib\eclipse.lsp4j.jsonrpc.jar;C:\Program Files\JetBrains\JetBrains Rider 2024.3.6\lib\external-system-rt.jar;C:\Program Files\JetBrains\JetBrains Rider 2024.3.6\lib\externalProcess-rt.jar;C:\Program Files\JetBrains\JetBrains Rider 2024.3.6\lib\forms_rt.jar;C:\Program Files\JetBrains\JetBrains Rider 2024.3.6\lib\groovy.jar;C:\Program Files\JetBrains\JetBrains Rider 2024.3.6\lib\javax.activation.jar;C:\Program Files\JetBrains\JetBrains Rider 2024.3.6\lib\javax.annotation-api.jar;C:\Program Files\JetBrains\JetBrains Rider 2024.3.6\lib\jaxb-api.jar;C:\Program Files\JetBrains\JetBrains Rider 2024.3.6\lib\jaxb-runtime.jar;C:\Program Files\JetBrains\JetBrains Rider 2024.3.6\lib\jps-model.jar;C:\Program Files\JetBrains\JetBrains Rider 2024.3.6\lib\jsch-agent.jar;C:\Program Files\JetBrains\JetBrains Rider 2024.3.6\lib\kotlinx-coroutines-slf4j-1.10.1-intellij.jar;C:\Program Files\JetBrains\JetBrains Rider 2024.3.6\lib\lib-client.jar;C:\Program Files\JetBrains\JetBrains Rider 2024.3.6\lib\lib.jar;C:\Program Files\JetBrains\JetBrains Rider 2024.3.6\lib\opentelemetry.jar;C:\Program Files\JetBrains\JetBrains Rider 2024.3.6\lib\product-client.jar;C:\Program Files\JetBrains\JetBrains Rider 2024.3.6\lib\protobuf.jar;C:\Program Files\JetBrains\JetBrains Rider 2024.3.6\lib\rd.jar;C:\Program Files\JetBrains\JetBrains Rider 2024.3.6\lib\rhino.jar;C:\Program Files\JetBrains\JetBrains Rider 2024.3.6\lib\stats.jar;C:\Program Files\JetBrains\JetBrains Rider 2024.3.6\lib\trove.jar;C:\Program Files\JetBrains\JetBrains Rider 2024.3.6\lib\util_rt.jar
Launcher Type: generic

[Global flags]
     intx CICompilerCount                          = 2                                         {product} {command line}
     uint ConcGCThreads                            = 3                                         {product} {ergonomic}
    ccstr ErrorFile                                = $USER_HOME/java_error_in_idea_%p.log            {product} {command line}
     uint G1ConcRefinementThreads                  = 13                                        {product} {ergonomic}
   size_t G1HeapRegionSize                         = 1048576                                   {product} {ergonomic}
    uintx GCDrainStackTargetSize                   = 64                                        {product} {ergonomic}
     bool HeapDumpOnOutOfMemoryError               = true                                   {manageable} {command line}
    ccstr HeapDumpPath                             = $USER_HOME/java_error_in_idea.hprof         {manageable} {command line}
     bool IgnoreUnrecognizedVMOptions              = true                                      {product} {command line}
   size_t InitialHeapSize                          = 134217728                                 {product} {command line}
    uintx JbrShrinkingGcMaxHeapFreeRatio           = 40                                     {manageable} {command line}
   size_t MarkStackSize                            = 4194304                                   {product} {ergonomic}
   size_t MaxHeapSize                              = 2147483648                                {product} {command line}
   size_t MaxNewSize                               = 1287651328                                {product} {ergonomic}
   size_t MinHeapDeltaBytes                        = 1048576                                   {product} {ergonomic}
   size_t MinHeapSize                              = 134217728                                 {product} {command line}
    uintx NonNMethodCodeHeapSize                   = 5826188                                {pd product} {ergonomic}
    uintx NonProfiledCodeHeapSize                  = 265522362                              {pd product} {ergonomic}
     bool OmitStackTraceInFastThrow                = false                                     {product} {command line}
    uintx ProfiledCodeHeapSize                     = 265522362                              {pd product} {ergonomic}
    uintx ReservedCodeCacheSize                    = 536870912                              {pd product} {command line}
     bool SegmentedCodeCache                       = true                                      {product} {ergonomic}
   size_t SoftMaxHeapSize                          = 2147483648                             {manageable} {ergonomic}
     intx SoftRefLRUPolicyMSPerMB                  = 50                                        {product} {command line}
     intx TieredOldPercentage                      = 100000                                 {diagnostic} {command line}
     bool UnlockDiagnosticVMOptions                = true                                   {diagnostic} {command line}
     bool UseCompressedOops                        = true                           {product lp64_product} {ergonomic}
     bool UseG1GC                                  = true                                      {product} {command line}
     bool UseLargePagesIndividualAllocation        = false                                  {pd product} {ergonomic}

Logging:
Log output configuration:
 #0: stdout all=warning uptime,level,tags foldmultilines=false
 #1: stderr all=off uptime,level,tags foldmultilines=false

Environment Variables:
PATH=C:\Windows\system32;C:\Windows;C:\Windows\System32\Wbem;C:\Windows\System32\WindowsPowerShell\v1.0\;C:\Windows\System32\OpenSSH\;C:\Program Files (x86)\NVIDIA Corporation\PhysX\Common;C:\Program Files\dotnet\;C:\Program Files\WireGuard\;C:\Program Files\PuTTY\;C:\Program Files\Git\cmd;C:\Program Files\NVIDIA Corporation\NVIDIA app\NvDLISR;C:\Program Files\TortoiseGit\bin;C:\Users\Muju\AppData\Local\Programs\Python\Python310\Scripts\;C:\Users\Muju\AppData\Local\Programs\Python\Python310\;C:\Users\Muju\AppData\Local\Microsoft\WindowsApps;C:\Program Files\Bandizip\;C:\Users\Muju\.dotnet\tools;D:\JetBrains\PyCharm 2021.3.2\bin;;C:\Program Files\JetBrains\JetBrains Rider 2024.3.6\bin;
USERNAME=Muju
OS=Windows_NT
PROCESSOR_IDENTIFIER=Intel64 Family 6 Model 141 Stepping 1, GenuineIntel
TMP=C:\Users\Muju\AppData\Local\Temp
TEMP=C:\Users\Muju\AppData\Local\Temp




Periodic native trim disabled

JNI global refs:
JNI global refs: 129, weak refs: 128

JNI global refs memory usage: 2099, weak refs: 4689

Process memory usage:
Resident Set Size: 1638936K (9% of 16538936K total physical memory with 646584K free physical memory)

OOME stack traces (most recent first):
Classloader memory used:
Loader com.intellij.util.lang.PathClassLoader                                          : 207M
Loader com.intellij.ide.plugins.cl.PluginClassLoader                                   : 96954K
Loader bootstrap                                                                       : 47456K
Loader jdk.internal.loader.ClassLoaders$PlatformClassLoader                            : 2898K
Loader jdk.internal.loader.ClassLoaders$AppClassLoader                                 : 757K
Loader jdk.internal.reflect.DelegatingClassLoader                                      : 85904B
Loader sun.reflect.misc.MethodUtil                                                     : 4384B

Classes loaded by more than one classloader:
Class kotlin.KotlinNullPointerException                                               : loaded 3 times (x 83B)
Class kotlin.TuplesKt                                                                 : loaded 3 times (x 71B)
Class kotlin.jvm.internal.Intrinsics                                                  : loaded 3 times (x 71B)
Class kotlin.UninitializedPropertyAccessException                                     : loaded 3 times (x 82B)
Class org.h2.mvstore.MVMap$MapBuilder                                                 : loaded 2 times (x 70B)
Class kotlin.sequences.FlatteningSequence                                             : loaded 2 times (x 75B)
Class kotlin.sequences.DropTakeSequence                                               : loaded 2 times (x 70B)
Class kotlin.text.MatchGroupCollection                                                : loaded 2 times (x 70B)
Class kotlin.text.MatcherMatchResult                                                  : loaded 2 times (x 80B)
Class kotlin.text.StringsKt__StringsKt                                                : loaded 2 times (x 71B)
Class kotlin.io.TextStreamsKt                                                         : loaded 2 times (x 71B)
Class kotlin.NotImplementedError                                                      : loaded 2 times (x 82B)
Class com.fasterxml.jackson.annotation.JsonAlias                                      : loaded 2 times (x 70B)
Class com.fasterxml.jackson.databind.ser.std.NullSerializer                           : loaded 2 times (x 114B)
Class com.fasterxml.jackson.databind.BeanDescription                                  : loaded 2 times (x 112B)
Class com.fasterxml.jackson.databind.introspect.DefaultAccessorNamingStrategy         : loaded 2 times (x 80B)
Class com.fasterxml.jackson.databind.cfg.BaseSettings                                 : loaded 2 times (x 72B)
Class org.h2.store.fs.disk.FilePathDisk                                               : loaded 2 times (x 97B)
Class com.fasterxml.jackson.databind.module.SimpleModule                              : loaded 2 times (x 101B)
Class kotlin.sequences.FilteringSequence$iterator$1                                   : loaded 2 times (x 79B)
Class kotlin.sequences.SequencesKt__SequenceBuilderKt                                 : loaded 2 times (x 71B)
Class kotlin.jvm.internal.CollectionToArray                                           : loaded 2 times (x 71B)
Class kotlin.io.FilesKt__FileTreeWalkKt                                               : loaded 2 times (x 71B)
Class kotlin.collections.CollectionsKt__ReversedViewsKt                               : loaded 2 times (x 71B)
Class com.fasterxml.jackson.module.kotlin.BucketGenerator                             : loaded 2 times (x 72B)
Class com.fasterxml.jackson.databind.node.ArrayNode                                   : loaded 2 times (x 318B)
Class com.fasterxml.jackson.databind.JsonDeserializer$None                            : loaded 2 times (x 97B)
Class com.fasterxml.jackson.annotation.ObjectIdGenerator                              : loaded 2 times (x 79B)
Class com.fasterxml.jackson.core.util.Instantiatable                                  : loaded 2 times (x 70B)
Class com.fasterxml.jackson.core.io.JsonStringEncoder                                 : loaded 2 times (x 71B)
Class com.fasterxml.jackson.databind.type.IterationType                               : loaded 2 times (x 148B)
Class com.fasterxml.jackson.databind.ext.Java7SupportImpl                             : loaded 2 times (x 75B)
Class com.fasterxml.jackson.databind.ser.VirtualBeanPropertyWriter                    : loaded 2 times (x 143B)
Class com.fasterxml.jackson.databind.node.NullNode                                    : loaded 2 times (x 200B)
Class org.h2.mvstore.MVMap$Builder                                                    : loaded 2 times (x 90B)
Class com.fasterxml.jackson.databind.deser.std.ReferenceTypeDeserializer              : loaded 2 times (x 164B)
Class [Lcom.fasterxml.jackson.databind.cfg.CoercionAction;                            : loaded 2 times (x 69B)
Class com.fasterxml.jackson.databind.util.internal.PrivateMaxEntriesMap$DrainStatus   : loaded 2 times (x 80B)
Class com.fasterxml.jackson.databind.jsontype.PolymorphicTypeValidator                : loaded 2 times (x 74B)
Class com.fasterxml.jackson.databind.ser.SerializerFactory                            : loaded 2 times (x 78B)
Class org.h2.mvstore.MVMap                                                            : loaded 2 times (x 166B)
Class kotlin.collections.builders.ListBuilder$Itr                                     : loaded 2 times (x 94B)
Class com.fasterxml.jackson.databind.ser.std.StdKeySerializers$Dynamic                : loaded 2 times (x 116B)
Class com.fasterxml.jackson.databind.introspect.AnnotatedFieldCollector$FieldBuilder  : loaded 2 times (x 72B)
Class com.fasterxml.jackson.databind.node.DoubleNode                                  : loaded 2 times (x 200B)
Class com.fasterxml.jackson.databind.node.BaseJsonNode                                : loaded 2 times (x 199B)
Class kotlin.sequences.TransformingSequence                                           : loaded 2 times (x 75B)
Class org.slf4j.helpers.Util                                                          : loaded 2 times (x 71B)
Class org.slf4j.helpers.BasicMDCAdapter$1                                             : loaded 2 times (x 86B)
Class kotlinx.html.CommonAttributeGroupFacade                                         : loaded 2 times (x 70B)
Class kotlin.jvm.internal.FunctionAdapter                                             : loaded 2 times (x 70B)
Class com.fasterxml.jackson.databind.ser.std.NumberSerializers$1                      : loaded 2 times (x 71B)
Class [Lcom.fasterxml.jackson.databind.util.AccessPattern;                            : loaded 2 times (x 69B)
Class [Lcom.fasterxml.jackson.databind.introspect.ConcreteBeanPropertyBase;           : loaded 2 times (x 69B)
Class com.fasterxml.jackson.databind.deser.ValueInstantiator                          : loaded 2 times (x 107B)
Class com.fasterxml.jackson.annotation.JsonInclude                                    : loaded 2 times (x 70B)
Class com.fasterxml.jackson.databind.introspect.AnnotatedMethodMap                    : loaded 2 times (x 79B)
Class com.fasterxml.jackson.databind.deser.std.StdKeyDeserializer$StringFactoryKeyDeserializer: loaded 2 times (x 79B)
Class com.fasterxml.jackson.databind.deser.impl.SetterlessProperty                    : loaded 2 times (x 140B)
Class com.fasterxml.jackson.databind.node.BooleanNode                                 : loaded 2 times (x 200B)
Class com.fasterxml.jackson.databind.node.FloatNode                                   : loaded 2 times (x 200B)
Class com.fasterxml.jackson.databind.SerializationFeature                             : loaded 2 times (x 84B)
Class com.fasterxml.jackson.annotation.Nulls                                          : loaded 2 times (x 79B)
Class com.fasterxml.jackson.core.JsonFactory$Feature                                  : loaded 2 times (x 84B)
Class [Lcom.fasterxml.jackson.databind.util.internal.PrivateMaxEntriesMap$DrainStatus;: loaded 2 times (x 69B)
Class com.fasterxml.jackson.databind.DatabindException                                : loaded 2 times (x 89B)
Class com.fasterxml.jackson.databind.ext.Java7HandlersImpl                            : loaded 2 times (x 75B)
Class com.fasterxml.jackson.databind.deser.std.UntypedObjectDeserializer              : loaded 2 times (x 174B)
Class com.fasterxml.jackson.annotation.JsonInclude$Value                              : loaded 2 times (x 86B)
Class [Lcom.fasterxml.jackson.core.util.JacksonFeature;                               : loaded 2 times (x 69B)
Class com.fasterxml.jackson.databind.ext.Java7Support                                 : loaded 2 times (x 74B)
Class org.h2.mvstore.RandomAccessStore                                                : loaded 2 times (x 142B)
Class kotlin.sequences.SequencesKt___SequencesKt                                      : loaded 2 times (x 71B)
Class kotlin.text.MatcherMatchResult$groupValues$1                                    : loaded 2 times (x 198B)
Class org.slf4j.spi.LocationAwareLogger                                               : loaded 2 times (x 70B)
Class kotlin.collections.AbstractList$Companion                                       : loaded 2 times (x 71B)
Class com.fasterxml.jackson.databind.util.TokenBuffer$Parser                          : loaded 2 times (x 221B)
Class com.fasterxml.jackson.databind.ser.std.ToStringSerializerBase                   : loaded 2 times (x 115B)
Class com.fasterxml.jackson.databind.deser.std.StdKeyDeserializer$DelegatingKD        : loaded 2 times (x 73B)
Class [Lcom.fasterxml.jackson.databind.AbstractTypeResolver;                          : loaded 2 times (x 69B)
Class com.fasterxml.jackson.databind.deser.std.StringCollectionDeserializer           : loaded 2 times (x 164B)
Class com.fasterxml.jackson.databind.introspect.TypeResolutionContext                 : loaded 2 times (x 70B)
Class com.fasterxml.jackson.databind.exc.MismatchedInputException                     : loaded 2 times (x 98B)
Class kotlin.sequences.SequencesKt___SequencesKt$flatMap$2                            : loaded 2 times (x 125B)
Class org.h2.mvstore.MVMap$4                                                          : loaded 2 times (x 71B)
Class org.h2.mvstore.MVMap$IntValueHolder                                             : loaded 2 times (x 71B)
Class org.h2.mvstore.MVStoreException                                                 : loaded 2 times (x 83B)
Class com.fasterxml.jackson.databind.deser.impl.ObjectIdValueProperty                 : loaded 2 times (x 140B)
Class com.fasterxml.jackson.annotation.JsonProperty                                   : loaded 2 times (x 70B)
Class com.fasterxml.jackson.databind.introspect.POJOPropertiesCollector               : loaded 2 times (x 114B)
Class com.fasterxml.jackson.core.JsonGenerationException                              : loaded 2 times (x 90B)
Class com.fasterxml.jackson.module.kotlin.KotlinDeserializers                         : loaded 2 times (x 94B)
Class com.fasterxml.jackson.databind.node.IntNode                                     : loaded 2 times (x 200B)
Class kotlin.text.StringsKt__AppendableKt                                             : loaded 2 times (x 71B)
Class com.fasterxml.jackson.databind.deser.std.NumberDeserializers$ShortDeserializer  : loaded 2 times (x 159B)
Class [Lcom.fasterxml.jackson.databind.deser.SettableBeanProperty;                    : loaded 2 times (x 69B)
Class com.fasterxml.jackson.core.StreamReadCapability                                 : loaded 2 times (x 84B)
Class com.fasterxml.jackson.databind.ser.std.StdKeySerializers$EnumKeySerializer      : loaded 2 times (x 114B)
Class com.fasterxml.jackson.databind.ser.std.MapProperty                              : loaded 2 times (x 116B)
Class com.fasterxml.jackson.databind.deser.std.StdKeyDeserializer$StringCtorKeyDeserializer: loaded 2 times (x 79B)
Class kotlin.jvm.internal.ArrayIteratorKt                                             : loaded 2 times (x 71B)
Class com.fasterxml.jackson.databind.deser.std.NumberDeserializers$NumberDeserializer : loaded 2 times (x 156B)
Class com.fasterxml.jackson.module.kotlin.KotlinKeySerializers                        : loaded 2 times (x 87B)
Class com.fasterxml.jackson.databind.ser.std.ToStringSerializer                       : loaded 2 times (x 115B)
Class com.fasterxml.jackson.databind.cfg.DatatypeFeatures                             : loaded 2 times (x 80B)
Class com.fasterxml.jackson.databind.type.TypeParser                                  : loaded 2 times (x 78B)
Class org.h2.engine.SysProperties                                                     : loaded 2 times (x 71B)
Class kotlin.text.MatchResult                                                         : loaded 2 times (x 70B)
Class kotlin.text.StringsKt__StringNumberConversionsJVMKt                             : loaded 2 times (x 71B)
Class kotlinx.html.Tag                                                                : loaded 2 times (x 70B)
Class kotlinx.html.Unsafe                                                             : loaded 2 times (x 70B)
Class kotlinx.html.stream.HTMLStreamBuilder                                           : loaded 2 times (x 84B)
Class com.fasterxml.jackson.module.kotlin.KotlinValueInstantiator$createFromObjectWith$1$valueDeserializer$2: loaded 2 times (x 79B)
Class com.fasterxml.jackson.databind.node.MissingNode                                 : loaded 2 times (x 199B)
Class com.fasterxml.jackson.annotation.JsonSetter$Value                               : loaded 2 times (x 85B)
Class com.fasterxml.jackson.core.async.ByteArrayFeeder                                : loaded 2 times (x 70B)
Class com.fasterxml.jackson.annotation.JsonTypeInfo                                   : loaded 2 times (x 70B)
Class [Lorg.h2.mvstore.MVMap$Decision;                                                : loaded 2 times (x 69B)
Class org.h2.mvstore.MVMap$DecisionMaker                                              : loaded 2 times (x 75B)
Class org.h2.util.Utils                                                               : loaded 2 times (x 71B)
Class kotlin.collections.CollectionsKt___CollectionsKt$asSequence$$inlined$Sequence$1 : loaded 2 times (x 75B)
Class kotlinx.html.SectioningOrFlowContent                                            : loaded 2 times (x 70B)
Class com.fasterxml.jackson.databind.deser.std.JdkDeserializers                       : loaded 2 times (x 71B)
Class kotlin.UShort                                                                   : loaded 2 times (x 74B)
Class com.fasterxml.jackson.databind.introspect.AnnotationCollector$TwoAnnotations    : loaded 2 times (x 82B)
Class com.fasterxml.jackson.core.io.JsonEOFException                                  : loaded 2 times (x 95B)
Class com.fasterxml.jackson.databind.ser.std.NumberSerializers$IntLikeSerializer      : loaded 2 times (x 119B)
Class com.fasterxml.jackson.databind.ser.impl.TypeWrappedSerializer                   : loaded 2 times (x 92B)
Class com.fasterxml.jackson.databind.annotation.JsonSerialize                         : loaded 2 times (x 70B)
Class org.slf4j.helpers.AbstractLogger                                                : loaded 2 times (x 215B)
Class kotlin.annotation.AnnotationRetention                                           : loaded 2 times (x 79B)
Class com.fasterxml.jackson.core.exc.StreamWriteException                             : loaded 2 times (x 89B)
Class com.fasterxml.jackson.module.kotlin.PackageVersion                              : loaded 2 times (x 74B)
Class com.fasterxml.jackson.databind.ser.std.UUIDSerializer                           : loaded 2 times (x 121B)
Class com.fasterxml.jackson.core.util.DefaultIndenter                                 : loaded 2 times (x 82B)
Class com.fasterxml.jackson.databind.cfg.CoercionAction                               : loaded 2 times (x 79B)
Class [Lcom.fasterxml.jackson.core.sym.CharsToNameCanonicalizer$Bucket;               : loaded 2 times (x 69B)
Class com.fasterxml.jackson.core.sym.CharsToNameCanonicalizer$Bucket                  : loaded 2 times (x 72B)
Class com.fasterxml.jackson.core.StreamReadConstraints                                : loaded 2 times (x 87B)
Class com.fasterxml.jackson.databind.util.ClassUtil                                   : loaded 2 times (x 71B)
Class com.fasterxml.jackson.annotation.JsonUnwrapped                                  : loaded 2 times (x 70B)
Class com.fasterxml.jackson.databind.DatabindContext                                  : loaded 2 times (x 100B)
Class com.fasterxml.jackson.databind.deser.NullValueProvider                          : loaded 2 times (x 70B)
Class kotlinx.html.FlowOrMetaDataContent                                              : loaded 2 times (x 70B)
Class kotlin.coroutines.jvm.internal.SuspendLambda                                    : loaded 2 times (x 91B)
Class com.fasterxml.jackson.databind.deser.impl.PropertyBasedCreator                  : loaded 2 times (x 72B)
Class com.fasterxml.jackson.databind.deser.BasicDeserializerFactory$ContainerDefaultMappings: loaded 2 times (x 71B)
Class com.fasterxml.jackson.databind.ser.std.StdKeySerializers$Default                : loaded 2 times (x 114B)
Class com.fasterxml.jackson.module.kotlin.KotlinAnnotationIntrospector$Companion$UNIT_TYPE$2: loaded 2 times (x 78B)
Class org.h2.mvstore.CursorPos                                                        : loaded 2 times (x 72B)
Class kotlin.text.StringsKt__RegexExtensionsJVMKt                                     : loaded 2 times (x 71B)
Class kotlin.collections.CollectionsKt__CollectionsKt                                 : loaded 2 times (x 71B)
Class kotlin.collections.ArraysKt___ArraysJvmKt                                       : loaded 2 times (x 71B)
Class com.fasterxml.jackson.databind.deser.std.NumberDeserializers$BigIntegerDeserializer: loaded 2 times (x 157B)
Class [Lcom.fasterxml.jackson.core.StreamReadCapability;                              : loaded 2 times (x 69B)
Class com.fasterxml.jackson.databind.cfg.ConfigOverride                               : loaded 2 times (x 80B)
Class com.fasterxml.jackson.databind.util.Annotations                                 : loaded 2 times (x 70B)
Class org.h2.mvstore.MVStore$Builder                                                  : loaded 2 times (x 72B)
Class kotlin.text.Regex$Companion                                                     : loaded 2 times (x 71B)
Class [Lkotlin.annotation.AnnotationTarget;                                           : loaded 2 times (x 69B)
Class com.fasterxml.jackson.databind.cfg.ConfigOverrides                              : loaded 2 times (x 87B)
Class com.fasterxml.jackson.databind.introspect.AnnotatedConstructor                  : loaded 2 times (x 99B)
Class com.fasterxml.jackson.databind.type.ReferenceType                               : loaded 2 times (x 150B)
Class kotlinx.html.FlowOrHeadingContent                                               : loaded 2 times (x 70B)
Class kotlin.jvm.internal.FunctionBase                                                : loaded 2 times (x 70B)
Class kotlin.enums.EnumEntriesList                                                    : loaded 2 times (x 223B)
Class kotlin.collections.builders.ListBuilder$Companion                               : loaded 2 times (x 71B)
Class kotlin.collections.builders.ListBuilder                                         : loaded 2 times (x 207B)
Class com.fasterxml.jackson.databind.ser.PropertyBuilder                              : loaded 2 times (x 80B)
Class com.fasterxml.jackson.databind.deser.impl.PropertyBasedCreator$CaseInsensitiveMap: loaded 2 times (x 136B)
Class [Lcom.fasterxml.jackson.databind.introspect.AnnotationMap;                      : loaded 2 times (x 69B)
Class com.fasterxml.jackson.databind.deser.std.StdScalarDeserializer                  : loaded 2 times (x 156B)
Class com.fasterxml.jackson.databind.cfg.MutableCoercionConfig                        : loaded 2 times (x 77B)
Class com.fasterxml.jackson.databind.introspect.AnnotatedClass$Creators               : loaded 2 times (x 72B)
Class org.h2.mvstore.RootReference                                                    : loaded 2 times (x 72B)
Class com.fasterxml.jackson.databind.type.SimpleType                                  : loaded 2 times (x 143B)
Class com.fasterxml.jackson.databind.ser.std.StdSerializer                            : loaded 2 times (x 114B)
Class kotlin.comparisons.ComparisonsKt___ComparisonsJvmKt                             : loaded 2 times (x 71B)
Class kotlin.collections.CollectionsKt__IteratorsJVMKt                                : loaded 2 times (x 71B)
Class [Lcom.fasterxml.jackson.databind.JsonSerializable;                              : loaded 2 times (x 69B)
Class [Lcom.fasterxml.jackson.databind.ser.BeanSerializerModifier;                    : loaded 2 times (x 69B)
Class com.fasterxml.jackson.databind.ser.std.FileSerializer                           : loaded 2 times (x 115B)
Class com.fasterxml.jackson.databind.node.DecimalNode                                 : loaded 2 times (x 201B)
Class com.fasterxml.jackson.databind.DeserializationFeature                           : loaded 2 times (x 84B)
Class com.fasterxml.jackson.databind.node.ContainerNode                               : loaded 2 times (x 239B)
Class com.fasterxml.jackson.core.JsonParseException                                   : loaded 2 times (x 94B)
Class com.fasterxml.jackson.databind.ser.std.NumberSerializer$BigDecimalAsStringSerializer: loaded 2 times (x 115B)
Class com.fasterxml.jackson.databind.ser.std.EnumSetSerializer                        : loaded 2 times (x 132B)
Class com.fasterxml.jackson.databind.ser.std.StaticListSerializerBase                 : loaded 2 times (x 123B)
Class com.fasterxml.jackson.databind.cfg.JsonNodeFeature                              : loaded 2 times (x 87B)
Class com.fasterxml.jackson.databind.type.TypeFactory                                 : loaded 2 times (x 135B)
Class com.fasterxml.jackson.databind.deser.Deserializers$Base                         : loaded 2 times (x 93B)
Class com.fasterxml.jackson.core.TreeNode                                             : loaded 2 times (x 70B)
Class kotlin.sequences.TransformingSequence$iterator$1                                : loaded 2 times (x 79B)
Class kotlinx.html.HTMLTag                                                            : loaded 2 times (x 101B)
Class kotlinx.html.PhrasingContent                                                    : loaded 2 times (x 70B)
Class kotlin.sequences.GeneratorSequence$iterator$1                                   : loaded 2 times (x 79B)
Class [Lcom.fasterxml.jackson.annotation.JsonInclude$Value;                           : loaded 2 times (x 69B)
Class com.fasterxml.jackson.databind.deser.ValueInstantiator$Base                     : loaded 2 times (x 108B)
Class com.fasterxml.jackson.module.kotlin.KotlinModule                                : loaded 2 times (x 102B)
Class com.fasterxml.jackson.databind.introspect.VisibilityChecker$Std                 : loaded 2 times (x 122B)
Class com.fasterxml.jackson.databind.introspect.AnnotatedClassResolver                : loaded 2 times (x 74B)
Class com.fasterxml.jackson.core.sym.ByteQuadsCanonicalizer                           : loaded 2 times (x 72B)
Class com.fasterxml.jackson.core.json.async.NonBlockingByteBufferJsonParser           : loaded 2 times (x 309B)
Class com.fasterxml.jackson.core.ObjectCodec                                          : loaded 2 times (x 92B)
Class kotlinx.html.TagConsumer                                                        : loaded 2 times (x 70B)
Class kotlin.io.CloseableKt                                                           : loaded 2 times (x 71B)
Class kotlin.collections.CollectionsKt__MutableCollectionsKt                          : loaded 2 times (x 71B)
Class com.fasterxml.jackson.databind.ObjectWriter                                     : loaded 2 times (x 166B)
Class com.fasterxml.jackson.databind.deser.std.NumberDeserializers$LongDeserializer   : loaded 2 times (x 157B)
Class com.fasterxml.jackson.databind.exc.IgnoredPropertyException                     : loaded 2 times (x 101B)
Class com.fasterxml.jackson.databind.deser.std.NullifyingDeserializer                 : loaded 2 times (x 156B)
Class com.fasterxml.jackson.databind.util.internal.PrivateMaxEntriesMap$WriteThroughEntry: loaded 2 times (x 82B)
Class com.fasterxml.jackson.databind.ser.std.StdKeySerializers                        : loaded 2 times (x 71B)
Class com.fasterxml.jackson.databind.deser.UnresolvedForwardReference                 : loaded 2 times (x 102B)
Class [Lcom.fasterxml.jackson.core.JsonFactory$Feature;                               : loaded 2 times (x 69B)
Class com.fasterxml.jackson.databind.node.JsonNodeCreator                             : loaded 2 times (x 70B)
Class kotlinx.html.H1                                                                 : loaded 2 times (x 135B)
Class kotlin.io.FilesKt__FilePathComponentsKt                                         : loaded 2 times (x 71B)
Class com.fasterxml.jackson.databind.deser.std.JsonNodeDeserializer$ArrayDeserializer : loaded 2 times (x 163B)
Class com.fasterxml.jackson.annotation.JsonPropertyOrder                              : loaded 2 times (x 70B)
Class com.fasterxml.jackson.databind.ser.impl.StringCollectionSerializer              : loaded 2 times (x 124B)
Class com.fasterxml.jackson.databind.ser.ContainerSerializer                          : loaded 2 times (x 120B)
Class com.fasterxml.jackson.core.JsonGenerator$Feature                                : loaded 2 times (x 79B)
Class com.fasterxml.jackson.databind.introspect.BeanPropertyDefinition                : loaded 2 times (x 109B)
Class com.fasterxml.jackson.databind.jsontype.TypeResolverBuilder                     : loaded 2 times (x 70B)
Class com.fasterxml.jackson.databind.SerializerProvider                               : loaded 2 times (x 149B)
Class org.h2.mvstore.MVMap$BasicBuilder                                               : loaded 2 times (x 87B)
Class org.slf4j.spi.MDCAdapter                                                        : loaded 2 times (x 70B)
Class kotlin.text.CharsKt                                                             : loaded 2 times (x 71B)
Class com.fasterxml.jackson.databind.util.AccessPattern                               : loaded 2 times (x 79B)
Class com.fasterxml.jackson.databind.deser.impl.FailingDeserializer                   : loaded 2 times (x 156B)
Class com.fasterxml.jackson.databind.deser.impl.JDKValueInstantiators$HashSetInstantiator: loaded 2 times (x 108B)
Class com.fasterxml.jackson.databind.util.TokenBuffer$Segment                         : loaded 2 times (x 73B)
Class com.fasterxml.jackson.module.kotlin.KotlinNamesAnnotationIntrospector           : loaded 2 times (x 160B)
Class com.fasterxml.jackson.databind.node.POJONode                                    : loaded 2 times (x 202B)
Class com.fasterxml.jackson.databind.cfg.DefaultCacheProvider                         : loaded 2 times (x 80B)
Class com.fasterxml.jackson.databind.MappingJsonFactory                               : loaded 2 times (x 174B)
Class com.fasterxml.jackson.core.JsonFactory                                          : loaded 2 times (x 174B)
Class com.fasterxml.jackson.databind.ser.impl.PropertySerializerMap$SerializerAndMapResult: loaded 2 times (x 72B)
Class com.fasterxml.jackson.databind.deser.impl.JDKValueInstantiators$LinkedHashMapInstantiator: loaded 2 times (x 108B)
Class com.fasterxml.jackson.core.JsonLocation                                         : loaded 2 times (x 81B)
Class com.fasterxml.jackson.databind.ser.impl.PropertySerializerMap                   : loaded 2 times (x 73B)
Class com.fasterxml.jackson.databind.introspect.POJOPropertyBuilder                   : loaded 2 times (x 146B)
Class com.fasterxml.jackson.databind.util.internal.PrivateMaxEntriesMap$DrainStatus$1 : loaded 2 times (x 80B)
Class org.h2.mvstore.type.DataType                                                    : loaded 2 times (x 70B)
Class com.fasterxml.jackson.databind.ser.ContextualSerializer                         : loaded 2 times (x 70B)
Class kotlin.coroutines.jvm.internal.DebugMetadata                                    : loaded 2 times (x 70B)
Class kotlinx.html.FlowOrMetaDataOrPhrasingContent                                    : loaded 2 times (x 70B)
Class com.fasterxml.jackson.databind.deser.impl.JDKValueInstantiators$JDKValueInstantiator: loaded 2 times (x 108B)
Class com.fasterxml.jackson.databind.ser.std.NumberSerializers$Base                   : loaded 2 times (x 119B)
Class com.fasterxml.jackson.databind.node.BigIntegerNode                              : loaded 2 times (x 201B)
Class com.fasterxml.jackson.databind.util.internal.PrivateMaxEntriesMap$DrainStatus$2 : loaded 2 times (x 80B)
Class com.fasterxml.jackson.core.JsonProcessingException                              : loaded 2 times (x 87B)
Class kotlin.collections.ArraysKt___ArraysKt$asSequence$$inlined$Sequence$1           : loaded 2 times (x 75B)
Class kotlin.collections.MapsKt__MapsJVMKt                                            : loaded 2 times (x 71B)
Class kotlin.time.DurationUnitKt__DurationUnitJvmKt                                   : loaded 2 times (x 71B)
Class kotlin.collections.EmptyList                                                    : loaded 2 times (x 174B)
Class kotlin.collections.builders.ListBuilderKt                                       : loaded 2 times (x 71B)
Class [Lcom.fasterxml.jackson.annotation.JacksonAnnotationValue;                      : loaded 2 times (x 69B)
Class com.fasterxml.jackson.module.kotlin.ValueCreator                                : loaded 2 times (x 74B)
Class com.fasterxml.jackson.core.JsonToken                                            : loaded 2 times (x 80B)
Class [Lcom.fasterxml.jackson.core.StreamWriteCapability;                             : loaded 2 times (x 69B)
Class com.fasterxml.jackson.core.io.CharTypes                                         : loaded 2 times (x 71B)
Class com.fasterxml.jackson.core.io.SerializedString                                  : loaded 2 times (x 96B)
Class com.fasterxml.jackson.core.base.GeneratorBase                                   : loaded 2 times (x 222B)
Class com.fasterxml.jackson.databind.util.internal.PrivateMaxEntriesMap$DrainStatus$3 : loaded 2 times (x 80B)
Class kotlinx.html.BODY                                                               : loaded 2 times (x 121B)
Class com.fasterxml.jackson.databind.deser.impl.BeanPropertyMap                       : loaded 2 times (x 98B)
Class com.fasterxml.jackson.databind.cfg.ConstructorDetector                          : loaded 2 times (x 72B)
Class com.fasterxml.jackson.databind.ext.NioPathSerializer                            : loaded 2 times (x 116B)
Class com.fasterxml.jackson.annotation.PropertyAccessor                               : loaded 2 times (x 79B)
Class com.fasterxml.jackson.module.kotlin.KotlinAnnotationIntrospector                : loaded 2 times (x 160B)
Class org.h2.mvstore.Page$Leaf                                                        : loaded 2 times (x 105B)
Class com.fasterxml.jackson.databind.deser.KeyDeserializers                           : loaded 2 times (x 70B)
Class kotlinx.html.HeadingContent                                                     : loaded 2 times (x 70B)
Class kotlin.ResultKt                                                                 : loaded 2 times (x 71B)
Class kotlin.collections.IndexingIterable                                             : loaded 2 times (x 79B)
Class com.fasterxml.jackson.databind.ser.std.NumberSerializers                        : loaded 2 times (x 71B)
Class com.fasterxml.jackson.databind.deser.std.StdKeyDeserializer                     : loaded 2 times (x 79B)
Class com.fasterxml.jackson.databind.exc.InvalidTypeIdException                       : loaded 2 times (x 100B)
Class com.fasterxml.jackson.core.JsonFactoryBuilder                                   : loaded 2 times (x 133B)
Class com.fasterxml.jackson.databind.util.TokenBuffer                                 : loaded 2 times (x 226B)
Class kotlin.collections.ArraysKt__ArraysKt                                           : loaded 2 times (x 71B)
Class com.fasterxml.jackson.databind.deser.impl.CreatorCollector                      : loaded 2 times (x 89B)
Class com.fasterxml.jackson.annotation.JsonIncludeProperties$Value                    : loaded 2 times (x 78B)
Class com.fasterxml.jackson.annotation.JsonIgnore                                     : loaded 2 times (x 70B)
Class com.fasterxml.jackson.databind.ser.impl.IndexedStringListSerializer             : loaded 2 times (x 123B)
Class com.fasterxml.jackson.databind.ser.impl.StringArraySerializer                   : loaded 2 times (x 129B)
Class com.fasterxml.jackson.annotation.JsonBackReference                              : loaded 2 times (x 70B)
Class kotlin.collections.SetsKt__SetsJVMKt                                            : loaded 2 times (x 71B)
Class [Lcom.fasterxml.jackson.databind.node.BaseJsonNode;                             : loaded 2 times (x 69B)
Class com.fasterxml.jackson.module.kotlin.ConstructorValueCreator                     : loaded 2 times (x 75B)
Class [Lcom.fasterxml.jackson.annotation.JsonCreator$Mode;                            : loaded 2 times (x 69B)
Class com.fasterxml.jackson.annotation.JsonValue                                      : loaded 2 times (x 70B)
Class com.fasterxml.jackson.module.kotlin.KotlinFeature                               : loaded 2 times (x 80B)
Class com.fasterxml.jackson.databind.deser.BeanDeserializerBase                       : loaded 2 times (x 212B)
Class com.fasterxml.jackson.databind.deser.impl.UnsupportedTypeDeserializer           : loaded 2 times (x 156B)
Class com.fasterxml.jackson.databind.node.ValueNode                                   : loaded 2 times (x 199B)
Class org.slf4j.ILoggerFactory                                                        : loaded 2 times (x 70B)
Class kotlin.internal.ProgressionUtilKt                                               : loaded 2 times (x 71B)
Class com.fasterxml.jackson.databind.deser.impl.CreatorCandidate                      : loaded 2 times (x 72B)
Class com.fasterxml.jackson.core.util.InternCache                                     : loaded 2 times (x 187B)
Class com.fasterxml.jackson.databind.deser.SettableBeanProperty                       : loaded 2 times (x 140B)
Class com.fasterxml.jackson.databind.cfg.ContextAttributes$Impl                       : loaded 2 times (x 78B)
Class com.fasterxml.jackson.databind.introspect.SimpleMixInResolver                   : loaded 2 times (x 85B)
Class com.fasterxml.jackson.databind.introspect.AnnotatedMethod                       : loaded 2 times (x 99B)
Class org.h2.mvstore.DataUtils                                                        : loaded 2 times (x 71B)
Class org.slf4j.helpers.ThreadLocalMapOfStacks                                        : loaded 2 times (x 76B)
Class org.jsoup.nodes.Element                                                         : loaded 2 times (x 276B)
Class kotlin.collections.IndexingIterator                                             : loaded 2 times (x 79B)
Class com.fasterxml.jackson.databind.deser.std.ByteBufferDeserializer                 : loaded 2 times (x 158B)
Class com.fasterxml.jackson.annotation.JsonProperty$Access                            : loaded 2 times (x 79B)
Class com.fasterxml.jackson.annotation.JsonRawValue                                   : loaded 2 times (x 70B)
Class com.fasterxml.jackson.databind.introspect.JacksonAnnotationIntrospector         : loaded 2 times (x 173B)
Class org.h2.mvstore.MVStore$TxCounter                                                : loaded 2 times (x 71B)
Class com.fasterxml.jackson.databind.introspect.AnnotatedMember                       : loaded 2 times (x 91B)
Class com.fasterxml.jackson.databind.deser.BeanDeserializer$BeanReferring             : loaded 2 times (x 77B)
Class com.fasterxml.jackson.databind.deser.impl.JDKValueInstantiators                 : loaded 2 times (x 71B)
Class com.fasterxml.jackson.databind.deser.std.AtomicIntegerDeserializer              : loaded 2 times (x 157B)
Class com.fasterxml.jackson.core.util.VersionUtil                                     : loaded 2 times (x 72B)
Class com.fasterxml.jackson.databind.deser.BeanDeserializer                           : loaded 2 times (x 223B)
Class com.fasterxml.jackson.core.json.async.NonBlockingJsonParserBase                 : loaded 2 times (x 267B)
Class [Lcom.fasterxml.jackson.databind.node.ContainerNode;                            : loaded 2 times (x 69B)
Class com.fasterxml.jackson.module.kotlin.ArgumentBucket                              : loaded 2 times (x 101B)
Class com.fasterxml.jackson.databind.deser.std.NumberDeserializers                    : loaded 2 times (x 71B)
Class com.fasterxml.jackson.databind.deser.impl.ObjectIdReferenceProperty             : loaded 2 times (x 140B)
Class com.fasterxml.jackson.databind.ext.Java7Handlers                                : loaded 2 times (x 74B)
Class kotlin.annotation.AnnotationTarget                                              : loaded 2 times (x 79B)
Class com.fasterxml.jackson.databind.util.LRUMap                                      : loaded 2 times (x 89B)
Class com.fasterxml.jackson.databind.jsontype.PolymorphicTypeValidator$Base           : loaded 2 times (x 74B)
Class com.fasterxml.jackson.databind.type.ArrayType                                   : loaded 2 times (x 139B)
Class kotlin.jvm.JvmClassMappingKt                                                    : loaded 2 times (x 71B)
Class org.slf4j.spi.SLF4JServiceProvider                                              : loaded 2 times (x 70B)
Class [Lcom.fasterxml.jackson.databind.node.JsonNodeCreator;                          : loaded 2 times (x 69B)
Class com.fasterxml.jackson.databind.node.LongNode                                    : loaded 2 times (x 200B)
Class com.fasterxml.jackson.annotation.JsonFormat$Value                               : loaded 2 times (x 97B)
Class com.fasterxml.jackson.databind.util.SimpleBeanPropertyDefinition                : loaded 2 times (x 112B)
Class com.fasterxml.jackson.databind.ser.BasicSerializerFactory                       : loaded 2 times (x 106B)
Class org.h2.store.fs.FileBase                                                        : loaded 2 times (x 129B)
Class org.h2.compress.Compressor                                                      : loaded 2 times (x 70B)
Class com.fasterxml.jackson.databind.cfg.ConfigFeature                                : loaded 2 times (x 70B)
Class kotlin.text.StringsKt__StringsJVMKt                                             : loaded 2 times (x 71B)
Class com.fasterxml.jackson.databind.deser.impl.PropertyValue$Any                     : loaded 2 times (x 73B)
Class com.fasterxml.jackson.annotation.JsonPropertyDescription                        : loaded 2 times (x 70B)
Class com.fasterxml.jackson.module.kotlin.ReflectionCache$Companion                   : loaded 2 times (x 71B)
Class com.fasterxml.jackson.databind.ser.std.CollectionSerializer                     : loaded 2 times (x 132B)
Class com.fasterxml.jackson.core.util.DefaultPrettyPrinter$NopIndenter                : loaded 2 times (x 77B)
Class kotlin.text.StringsKt__IndentKt                                                 : loaded 2 times (x 71B)
Class kotlin.time.DurationUnit                                                        : loaded 2 times (x 79B)
Class kotlin.collections.SetsKt                                                       : loaded 2 times (x 71B)
Class com.fasterxml.jackson.databind.jsontype.impl.SubTypeValidator                   : loaded 2 times (x 73B)
Class com.fasterxml.jackson.annotation.JsonMerge                                      : loaded 2 times (x 70B)
Class org.h2.mvstore.FileStore                                                        : loaded 2 times (x 133B)
Class com.fasterxml.jackson.core.Version                                              : loaded 2 times (x 86B)
Class org.slf4j.Logger                                                                : loaded 2 times (x 70B)
Class com.fasterxml.jackson.databind.annotation.JsonAppend                            : loaded 2 times (x 70B)
Class com.fasterxml.jackson.databind.deser.impl.ReadableObjectId$Referring            : loaded 2 times (x 76B)
Class com.fasterxml.jackson.databind.exc.InvalidFormatException                       : loaded 2 times (x 99B)
Class [Lcom.fasterxml.jackson.databind.cfg.CoercionInputShape;                        : loaded 2 times (x 69B)
Class com.fasterxml.jackson.core.StreamWriteConstraints                               : loaded 2 times (x 76B)
Class kotlin.collections.MapsKt__MapsKt                                               : loaded 2 times (x 71B)
Class kotlin.time.DurationUnitKt__DurationUnitKt                                      : loaded 2 times (x 71B)
Class com.fasterxml.jackson.databind.ser.std.BeanSerializerBase                       : loaded 2 times (x 133B)
Class com.fasterxml.jackson.databind.ser.std.TimeZoneSerializer                       : loaded 2 times (x 116B)
Class com.fasterxml.jackson.databind.deser.DefaultDeserializationContext              : loaded 2 times (x 176B)
Class com.fasterxml.jackson.databind.deser.BasicDeserializerFactory                   : loaded 2 times (x 138B)
Class com.fasterxml.jackson.databind.module.SimpleDeserializers                       : loaded 2 times (x 96B)
Class kotlin.jvm.internal.markers.KMutableMap$Entry                                   : loaded 2 times (x 70B)
Class org.slf4j.Marker                                                                : loaded 2 times (x 70B)
Class kotlinx.html.ApiKt                                                              : loaded 2 times (x 71B)
Class com.intellij.ultimate.PluginVerifier                                            : loaded 2 times (x 71B)
Class [Lcom.fasterxml.jackson.databind.introspect.AnnotatedMember;                    : loaded 2 times (x 69B)
Class com.fasterxml.jackson.databind.exc.PropertyBindingException                     : loaded 2 times (x 101B)
Class kotlin.text.MatchResult$Destructured                                            : loaded 2 times (x 72B)
Class com.fasterxml.jackson.annotation.JsonView                                       : loaded 2 times (x 70B)
Class kotlin.Metadata                                                                 : loaded 2 times (x 70B)
Class com.fasterxml.jackson.databind.type.ClassStack                                  : loaded 2 times (x 72B)
Class [Lcom.fasterxml.jackson.core.JsonParser$NumberType;                             : loaded 2 times (x 69B)
Class [Lcom.fasterxml.jackson.annotation.JsonAutoDetect$Visibility;                   : loaded 2 times (x 69B)
Class com.fasterxml.jackson.core.io.UTF8Writer                                        : loaded 2 times (x 100B)
Class com.fasterxml.jackson.databind.deser.DeserializerFactory                        : loaded 2 times (x 91B)
Class com.fasterxml.jackson.databind.ser.Serializers$Base                             : loaded 2 times (x 87B)
Class com.fasterxml.jackson.databind.JsonNode                                         : loaded 2 times (x 190B)
Class com.fasterxml.jackson.databind.ser.impl.UnwrappingBeanPropertyWriter            : loaded 2 times (x 143B)
Class [Lcom.fasterxml.jackson.annotation.JsonProperty$Access;                         : loaded 2 times (x 69B)
Class com.fasterxml.jackson.core.util.RecyclerPool$WithPool                           : loaded 2 times (x 70B)
Class com.fasterxml.jackson.databind.introspect.AnnotatedWithParams                   : loaded 2 times (x 99B)
Class com.fasterxml.jackson.databind.util.BeanUtil                                    : loaded 2 times (x 71B)
Class com.fasterxml.jackson.databind.introspect.AnnotationMap                         : loaded 2 times (x 78B)
Class com.fasterxml.jackson.core.util.Separators                                      : loaded 2 times (x 90B)
Class com.fasterxml.jackson.core.util.JsonRecyclerPools                               : loaded 2 times (x 71B)
Class com.fasterxml.jackson.databind.ser.BeanSerializerFactory                        : loaded 2 times (x 128B)
Class org.h2.mvstore.Page                                                             : loaded 2 times (x 102B)
Class org.h2.store.fs.FilePath                                                        : loaded 2 times (x 95B)
Class org.h2.mvstore.FreeSpaceBitSet                                                  : loaded 2 times (x 86B)
Class com.fasterxml.jackson.databind.JsonSerializable$Base                            : loaded 2 times (x 78B)
Class com.fasterxml.jackson.databind.deser.impl.PropertyValue                         : loaded 2 times (x 73B)
Class com.fasterxml.jackson.core.json.JsonGeneratorImpl                               : loaded 2 times (x 225B)
Class com.fasterxml.jackson.core.exc.InputCoercionException                           : loaded 2 times (x 96B)
Class com.fasterxml.jackson.databind.ser.std.ObjectArraySerializer                    : loaded 2 times (x 133B)
Class [Lcom.fasterxml.jackson.core.util.Separators$Spacing;                           : loaded 2 times (x 69B)
Class com.fasterxml.jackson.core.async.ByteBufferFeeder                               : loaded 2 times (x 70B)
Class com.fasterxml.jackson.core.TokenStreamFactory                                   : loaded 2 times (x 119B)
Class org.h2.store.fs.FilePathWrapper                                                 : loaded 2 times (x 100B)
Class com.fasterxml.jackson.databind.type.TypeBase                                    : loaded 2 times (x 139B)
Class [Lkotlin.jvm.internal.markers.KMappedMarker;                                    : loaded 2 times (x 69B)
Class kotlin.text.RegexKt                                                             : loaded 2 times (x 71B)
Class org.slf4j.event.LoggingEvent                                                    : loaded 2 times (x 70B)
Class kotlin.coroutines.intrinsics.IntrinsicsKt__IntrinsicsKt                         : loaded 2 times (x 71B)
Class kotlin.text.Regex$findAll$2                                                     : loaded 2 times (x 125B)
Class com.fasterxml.jackson.databind.introspect.POJOPropertyBuilder$1                 : loaded 2 times (x 77B)
Class com.fasterxml.jackson.databind.util.TokenBufferReadContext                      : loaded 2 times (x 89B)
Class com.fasterxml.jackson.module.kotlin.KotlinInstantiators                         : loaded 2 times (x 75B)
Class com.fasterxml.jackson.databind.cfg.SerializerFactoryConfig                      : loaded 2 times (x 72B)
Class com.fasterxml.jackson.core.JsonParser$NumberType                                : loaded 2 times (x 79B)
Class com.fasterxml.jackson.databind.ser.std.SerializableSerializer                   : loaded 2 times (x 116B)
Class com.fasterxml.jackson.databind.ser.impl.FailingSerializer                       : loaded 2 times (x 114B)
Class com.fasterxml.jackson.databind.cfg.CoercionConfig                               : loaded 2 times (x 74B)
Class [Lcom.fasterxml.jackson.annotation.JsonInclude$Include;                         : loaded 2 times (x 69B)
Class com.fasterxml.jackson.databind.ser.DefaultSerializerProvider$Impl               : loaded 2 times (x 163B)
Class kotlin.collections.SlidingWindowKt                                              : loaded 2 times (x 71B)
Class org.slf4j.helpers.LegacyAbstractLogger                                          : loaded 2 times (x 215B)
Class kotlin.io.FilesKt__UtilsKt                                                      : loaded 2 times (x 71B)
Class kotlin.collections.CollectionsKt__CollectionsJVMKt                              : loaded 2 times (x 71B)
Class com.fasterxml.jackson.databind.introspect.POJOPropertyBuilder$2                 : loaded 2 times (x 77B)
Class com.fasterxml.jackson.annotation.JsonGetter                                     : loaded 2 times (x 70B)
Class com.fasterxml.jackson.databind.ser.std.NumberSerializers$LongSerializer         : loaded 2 times (x 119B)
Class com.fasterxml.jackson.databind.exc.UnrecognizedPropertyException                : loaded 2 times (x 101B)
Class com.fasterxml.jackson.core.util.RecyclerPool$ThreadLocalPoolBase                : loaded 2 times (x 83B)
Class com.fasterxml.jackson.core.JsonParser                                           : loaded 2 times (x 198B)
Class com.fasterxml.jackson.databind.introspect.Annotated                             : loaded 2 times (x 82B)
Class kotlin.sequences.SequencesKt                                                    : loaded 2 times (x 71B)
Class kotlin.collections.CollectionsKt__IteratorsKt                                   : loaded 2 times (x 71B)
Class com.fasterxml.jackson.databind.introspect.POJOPropertyBuilder$3                 : loaded 2 times (x 77B)
Class com.fasterxml.jackson.databind.annotation.JsonValueInstantiator                 : loaded 2 times (x 70B)
Class com.fasterxml.jackson.databind.introspect.MemberKey                             : loaded 2 times (x 72B)
Class com.fasterxml.jackson.databind.deser.std.StdKeyDeserializers                    : loaded 2 times (x 75B)
Class com.fasterxml.jackson.databind.util.StdDateFormat                               : loaded 2 times (x 108B)
Class com.fasterxml.jackson.databind.ObjectMapper                                     : loaded 2 times (x 336B)
Class kotlin.text.StringsKt                                                           : loaded 2 times (x 71B)
Class kotlinx.html.CommonAttributeGroupFacadeFlowHeadingPhrasingContent               : loaded 2 times (x 70B)
Class kotlinx.html.FlowContent                                                        : loaded 2 times (x 70B)
Class com.fasterxml.jackson.databind.introspect.POJOPropertyBuilder$4                 : loaded 2 times (x 77B)
Class [Lcom.fasterxml.jackson.databind.util.Named;                                    : loaded 2 times (x 69B)
Class com.fasterxml.jackson.databind.ext.NioPathDeserializer                          : loaded 2 times (x 157B)
Class com.fasterxml.jackson.databind.deser.std.JsonNodeDeserializer$ObjectDeserializer: loaded 2 times (x 163B)
Class com.fasterxml.jackson.databind.annotation.JsonTypeResolver                      : loaded 2 times (x 70B)
Class com.fasterxml.jackson.core.StreamWriteCapability                                : loaded 2 times (x 84B)
Class com.fasterxml.jackson.databind.ser.std.IterableSerializer                       : loaded 2 times (x 131B)
Class com.fasterxml.jackson.core.util.JacksonFeature                                  : loaded 2 times (x 70B)
Class com.fasterxml.jackson.databind.introspect.DefaultAccessorNamingStrategy$Provider: loaded 2 times (x 81B)
Class com.fasterxml.jackson.core.exc.StreamReadException                              : loaded 2 times (x 92B)
Class com.fasterxml.jackson.databind.cfg.MapperConfig                                 : loaded 2 times (x 118B)
Class org.slf4j.helpers.NOPMDCAdapter                                                 : loaded 2 times (x 93B)
Class kotlinx.html.HtmlBlockTag                                                       : loaded 2 times (x 70B)
Class kotlin.LazyKt__LazyJVMKt                                                        : loaded 2 times (x 71B)
Class kotlin.jvm.internal.markers.KMutableList                                        : loaded 2 times (x 70B)
Class com.fasterxml.jackson.databind.deser.BuilderBasedDeserializer                   : loaded 2 times (x 219B)
Class com.fasterxml.jackson.databind.introspect.POJOPropertyBuilder$5                 : loaded 2 times (x 77B)
Class [Lcom.fasterxml.jackson.annotation.PropertyAccessor;                            : loaded 2 times (x 69B)
Class com.fasterxml.jackson.databind.util.internal.PrivateMaxEntriesMap$Node          : loaded 2 times (x 78B)
Class com.fasterxml.jackson.databind.node.TreeTraversingParser                        : loaded 2 times (x 223B)
Class com.fasterxml.jackson.databind.deser.DefaultDeserializationContext$Impl         : loaded 2 times (x 176B)
Class com.fasterxml.jackson.databind.deser.std.StdDeserializer                        : loaded 2 times (x 156B)
Class org.slf4j.helpers.FormattingTuple                                               : loaded 2 times (x 75B)
Class kotlin.text.MatchNamedGroupCollection                                           : loaded 2 times (x 70B)
Class org.slf4j.spi.LoggingEventBuilder                                               : loaded 2 times (x 70B)
Class org.slf4j.helpers.NOPLoggerFactory                                              : loaded 2 times (x 75B)
Class kotlin.text.StringsKt__StringNumberConversionsKt                                : loaded 2 times (x 71B)
Class kotlin.io.FilesKt__FileReadWriteKt                                              : loaded 2 times (x 71B)
Class com.fasterxml.jackson.databind.introspect.POJOPropertyBuilder$6                 : loaded 2 times (x 71B)
Class com.fasterxml.jackson.annotation.JsonAutoDetect$1                               : loaded 2 times (x 71B)
Class com.fasterxml.jackson.databind.ser.BeanSerializerModifier                       : loaded 2 times (x 82B)
Class com.fasterxml.jackson.databind.deser.impl.MethodProperty                        : loaded 2 times (x 141B)
Class [Lcom.fasterxml.jackson.databind.type.LogicalType;                              : loaded 2 times (x 69B)
Class com.fasterxml.jackson.core.base.ParserBase                                      : loaded 2 times (x 261B)
Class com.fasterxml.jackson.databind.introspect.AnnotationCollector$NCollector        : loaded 2 times (x 77B)
Class com.fasterxml.jackson.annotation.JsonFilter                                     : loaded 2 times (x 70B)
Class com.fasterxml.jackson.databind.JsonSerializer$None                              : loaded 2 times (x 88B)
Class com.fasterxml.jackson.databind.ser.std.StringSerializer                         : loaded 2 times (x 114B)
Class com.fasterxml.jackson.databind.deser.impl.PropertyBasedObjectIdGenerator        : loaded 2 times (x 80B)
Class com.fasterxml.jackson.databind.jsontype.SubtypeResolver                         : loaded 2 times (x 81B)
Class kotlin.jvm.internal.Ref$LongRef                                                 : loaded 2 times (x 71B)
Class org.h2.mvstore.cache.FilePathCache$FileCache                                    : loaded 2 times (x 129B)
Class [Lorg.h2.mvstore.cache.CacheLongKeyLIRS$Entry;                                  : loaded 2 times (x 69B)
Class org.h2.mvstore.cache.CacheLongKeyLIRS                                           : loaded 2 times (x 100B)
Class com.fasterxml.jackson.databind.ser.BeanSerializerBuilder                        : loaded 2 times (x 90B)
Class [Lcom.fasterxml.jackson.databind.introspect.BeanPropertyDefinition;             : loaded 2 times (x 69B)
Class com.fasterxml.jackson.module.kotlin.KotlinNamesAnnotationIntrospectorKt         : loaded 2 times (x 71B)
Class [Lcom.fasterxml.jackson.annotation.JsonFormat$Feature;                          : loaded 2 times (x 69B)
Class com.fasterxml.jackson.module.kotlin.InternalCommonsKt$defaultConstructorMarker$2: loaded 2 times (x 78B)
Class com.fasterxml.jackson.core.util.DefaultPrettyPrinter                            : loaded 2 times (x 109B)
Class com.fasterxml.jackson.core.Base64Variants                                       : loaded 2 times (x 71B)
Class com.fasterxml.jackson.databind.ser.Serializers                                  : loaded 2 times (x 70B)
Class com.fasterxml.jackson.core.Versioned                                            : loaded 2 times (x 70B)
Class kotlin.collections.AbstractList$IteratorImpl                                    : loaded 2 times (x 82B)
Class com.fasterxml.jackson.databind.deser.std.NumberDeserializers$FloatDeserializer  : loaded 2 times (x 158B)
Class com.fasterxml.jackson.databind.deser.impl.ManagedReferenceProperty              : loaded 2 times (x 144B)
Class com.fasterxml.jackson.databind.deser.impl.NullsConstantProvider                 : loaded 2 times (x 80B)
Class com.fasterxml.jackson.annotation.JsonCreator                                    : loaded 2 times (x 70B)
Class com.fasterxml.jackson.databind.ser.impl.PropertySerializerMap$Empty             : loaded 2 times (x 73B)
Class com.fasterxml.jackson.databind.introspect.NopAnnotationIntrospector$1           : loaded 2 times (x 159B)
Class com.fasterxml.jackson.databind.deser.std.EnumDeserializer                       : loaded 2 times (x 170B)
Class [Lcom.fasterxml.jackson.annotation.JsonFormat$Shape;                            : loaded 2 times (x 69B)
Class com.fasterxml.jackson.core.sym.CharsToNameCanonicalizer$TableInfo               : loaded 2 times (x 72B)
Class com.fasterxml.jackson.databind.util.internal.Linked                             : loaded 2 times (x 70B)
Class com.fasterxml.jackson.databind.ser.BeanPropertyWriter                           : loaded 2 times (x 141B)
Class com.fasterxml.jackson.databind.ser.PropertyWriter                               : loaded 2 times (x 112B)
Class [Lorg.h2.mvstore.Page$PageReference;                                            : loaded 2 times (x 69B)
Class com.fasterxml.jackson.databind.type.CollectionType                              : loaded 2 times (x 145B)
Class kotlin.jvm.internal.markers.KMutableMap                                         : loaded 2 times (x 70B)
Class kotlinx.html.consumers.Delayed_consumerKt                                       : loaded 2 times (x 71B)
Class com.fasterxml.jackson.databind.deser.std.NumberDeserializers$DoubleDeserializer : loaded 2 times (x 159B)
Class com.fasterxml.jackson.databind.ser.impl.ReadOnlyClassToSerializerMap            : loaded 2 times (x 72B)
Class com.fasterxml.jackson.module.kotlin.KotlinFeature$Companion                     : loaded 2 times (x 71B)
Class [Lcom.fasterxml.jackson.databind.deser.ValueInstantiators;                      : loaded 2 times (x 69B)
Class com.fasterxml.jackson.core.exc.StreamConstraintsException                       : loaded 2 times (x 87B)
Class com.fasterxml.jackson.core.io.DataOutputAsStream                                : loaded 2 times (x 86B)
Class [Lcom.fasterxml.jackson.databind.DeserializationFeature;                        : loaded 2 times (x 69B)
Class org.slf4j.helpers.SubstituteLoggerFactory                                       : loaded 2 times (x 81B)
Class kotlin.enums.EnumEntries                                                        : loaded 2 times (x 70B)
Class kotlin.jvm.internal.markers.KMutableListIterator                                : loaded 2 times (x 70B)
Class com.fasterxml.jackson.annotation.ObjectIdGenerators$PropertyGenerator           : loaded 2 times (x 80B)
Class com.fasterxml.jackson.core.util.DefaultPrettyPrinter$FixedSpaceIndenter         : loaded 2 times (x 77B)
Class com.fasterxml.jackson.core.json.UTF8DataInputJsonParser                         : loaded 2 times (x 276B)
Class com.fasterxml.jackson.databind.ser.DefaultSerializerProvider                    : loaded 2 times (x 163B)
Class com.fasterxml.jackson.core.type.ResolvedType                                    : loaded 2 times (x 94B)
Class com.fasterxml.jackson.core.JacksonException                                     : loaded 2 times (x 85B)
Class com.fasterxml.jackson.databind.jsonFormatVisitors.JsonFormatVisitable           : loaded 2 times (x 70B)
Class com.fasterxml.jackson.databind.deser.impl.PropertyValue$Map                     : loaded 2 times (x 73B)
Class [Lcom.fasterxml.jackson.databind.ser.impl.ReadOnlyClassToSerializerMap$Bucket;  : loaded 2 times (x 69B)
Class com.fasterxml.jackson.databind.util.ArrayBuilders                               : loaded 2 times (x 72B)
Class com.fasterxml.jackson.databind.ser.impl.IndexedListSerializer                   : loaded 2 times (x 127B)
Class com.fasterxml.jackson.annotation.ObjectIdGenerators$Base                        : loaded 2 times (x 80B)
Class com.fasterxml.jackson.databind.deser.std.ContainerDeserializerBase              : loaded 2 times (x 161B)
Class com.fasterxml.jackson.core.json.ReaderBasedJsonParser                           : loaded 2 times (x 278B)
Class kotlin.text.MatchResult$DefaultImpls                                            : loaded 2 times (x 71B)
Class kotlinx.html.Tag$DefaultImpls                                                   : loaded 2 times (x 71B)
Class com.fasterxml.jackson.databind.util.internal.PrivateMaxEntriesMap$EntryIterator : loaded 2 times (x 79B)
Class com.fasterxml.jackson.module.kotlin.InternalCommonsKt                           : loaded 2 times (x 71B)
Class com.fasterxml.jackson.databind.deser.std.EnumMapDeserializer                    : loaded 2 times (x 174B)
Class com.fasterxml.jackson.databind.deser.std.StringDeserializer                     : loaded 2 times (x 158B)
Class com.fasterxml.jackson.core.sym.CharsToNameCanonicalizer                         : loaded 2 times (x 72B)
Class com.fasterxml.jackson.databind.util.internal.PrivateMaxEntriesMap               : loaded 2 times (x 148B)
Class com.fasterxml.jackson.databind.cfg.MapperConfigBase                             : loaded 2 times (x 133B)
Class kotlin.sequences.EmptySequence                                                  : loaded 2 times (x 78B)
Class com.fasterxml.jackson.annotation.JsonSetter                                     : loaded 2 times (x 70B)
Class com.fasterxml.jackson.databind.ser.std.ClassSerializer                          : loaded 2 times (x 115B)
Class [Lcom.fasterxml.jackson.databind.cfg.EnumFeature;                               : loaded 2 times (x 69B)
Class com.fasterxml.jackson.annotation.JacksonAnnotationValue                         : loaded 2 times (x 70B)
Class com.fasterxml.jackson.databind.deser.std.AtomicBooleanDeserializer              : loaded 2 times (x 157B)
Class com.fasterxml.jackson.annotation.JsonIdentityInfo                               : loaded 2 times (x 70B)
Class com.fasterxml.jackson.databind.ser.BeanSerializer                               : loaded 2 times (x 133B)
Class com.fasterxml.jackson.databind.introspect.AnnotationCollector$NoAnnotations     : loaded 2 times (x 81B)
Class com.fasterxml.jackson.core.TSFBuilder                                           : loaded 2 times (x 113B)
Class com.fasterxml.jackson.core.Base64Variant                                        : loaded 2 times (x 72B)
Class [Lcom.fasterxml.jackson.databind.util.ClassUtil$Ctor;                           : loaded 2 times (x 69B)
Class com.fasterxml.jackson.annotation.JsonManagedReference                           : loaded 2 times (x 70B)
Class com.fasterxml.jackson.databind.module.SimpleAbstractTypeResolver                : loaded 2 times (x 76B)
Class kotlin.UnsafeLazyImpl                                                           : loaded 2 times (x 76B)
Class kotlin.LazyKt__LazyJVMKt$WhenMappings                                           : loaded 2 times (x 71B)
Class com.fasterxml.jackson.databind.annotation.JsonNaming                            : loaded 2 times (x 70B)
Class com.fasterxml.jackson.annotation.JsonKey                                        : loaded 2 times (x 70B)
Class com.fasterxml.jackson.databind.introspect.CollectorBase                         : loaded 2 times (x 72B)
Class com.fasterxml.jackson.core.JsonStreamContext                                    : loaded 2 times (x 83B)
Class com.fasterxml.jackson.module.kotlin.KotlinModule$Companion                      : loaded 2 times (x 71B)
Class com.fasterxml.jackson.databind.cfg.DeserializerFactoryConfig                    : loaded 2 times (x 87B)
Class com.fasterxml.jackson.core.JsonParser$Feature                                   : loaded 2 times (x 79B)
Class com.fasterxml.jackson.core.util.BufferRecycler$Gettable                         : loaded 2 times (x 70B)
Class kotlin.jvm.internal.ArrayIterator                                               : loaded 2 times (x 79B)
Class kotlin.LazyThreadSafetyMode                                                     : loaded 2 times (x 79B)
Class kotlinx.html.FlowOrInteractiveContent                                           : loaded 2 times (x 70B)
Class com.fasterxml.jackson.databind.deser.std.NumberDeserializers$ByteDeserializer   : loaded 2 times (x 159B)
Class com.fasterxml.jackson.databind.introspect.POJOPropertyBuilder$Linked            : loaded 2 times (x 72B)
Class com.fasterxml.jackson.databind.introspect.TypeResolutionContext$Basic           : loaded 2 times (x 76B)
Class com.fasterxml.jackson.databind.introspect.AnnotatedFieldCollector               : loaded 2 times (x 74B)
Class com.fasterxml.jackson.databind.type.TypeBindings$TypeParamStash                 : loaded 2 times (x 71B)
Class com.fasterxml.jackson.core.ErrorReportConfiguration                             : loaded 2 times (x 74B)
Class com.fasterxml.jackson.core.io.SegmentedStringWriter                             : loaded 2 times (x 102B)
Class com.fasterxml.jackson.databind.type.MapType                                     : loaded 2 times (x 148B)
Class org.slf4j.LoggerFactory                                                         : loaded 2 times (x 71B)
Class kotlin.text.StringsKt__RegexExtensionsKt                                        : loaded 2 times (x 71B)
Class kotlinx.html.CommonAttributeGroupFacadeFlowHeadingContent                       : loaded 2 times (x 70B)
Class kotlin.SynchronizedLazyImpl                                                     : loaded 2 times (x 76B)
Class kotlin.collections.EmptyIterator                                                : loaded 2 times (x 89B)
Class com.fasterxml.jackson.databind.ser.std.StdKeySerializer                         : loaded 2 times (x 114B)
Class com.fasterxml.jackson.databind.introspect.AnnotatedMethodCollector              : loaded 2 times (x 75B)
Class com.fasterxml.jackson.core.util.JacksonFeatureSet                               : loaded 2 times (x 71B)
Class com.fasterxml.jackson.databind.ser.std.NumberSerializers$ShortSerializer        : loaded 2 times (x 119B)
Class com.fasterxml.jackson.databind.deser.impl.TypeWrappedDeserializer               : loaded 2 times (x 98B)
Class com.fasterxml.jackson.databind.node.NumericNode                                 : loaded 2 times (x 200B)
Class com.fasterxml.jackson.databind.type.LogicalType                                 : loaded 2 times (x 79B)
Class com.fasterxml.jackson.databind.cfg.CacheProvider                                : loaded 2 times (x 70B)
Class org.h2.mvstore.SFChunk                                                          : loaded 2 times (x 87B)
Class com.fasterxml.jackson.databind.deser.ContextualDeserializer                     : loaded 2 times (x 70B)
Class com.fasterxml.jackson.databind.JsonSerializable                                 : loaded 2 times (x 70B)
Class com.fasterxml.jackson.databind.deser.ValueInstantiators                         : loaded 2 times (x 70B)
Class kotlin.sequences.SequencesKt__SequencesJVMKt                                    : loaded 2 times (x 71B)
Class kotlin.collections.AbstractList                                                 : loaded 2 times (x 197B)
Class kotlin.collections.AbstractCollection                                           : loaded 2 times (x 117B)
Class kotlin.collections.ArrayAsCollection                                            : loaded 2 times (x 105B)
Class [Lcom.fasterxml.jackson.databind.JsonNode;                                      : loaded 2 times (x 69B)
Class com.fasterxml.jackson.databind.deser.SettableBeanProperty$Delegating            : loaded 2 times (x 143B)
Class com.fasterxml.jackson.databind.deser.std.FromStringDeserializer                 : loaded 2 times (x 162B)
Class com.fasterxml.jackson.databind.introspect.AnnotationCollector$OneCollector      : loaded 2 times (x 77B)
Class com.fasterxml.jackson.databind.ser.std.ToEmptyObjectSerializer                  : loaded 2 times (x 114B)
Class [Lcom.fasterxml.jackson.databind.SerializationFeature;                          : loaded 2 times (x 69B)
Class com.fasterxml.jackson.databind.type.ResolvedRecursiveType                       : loaded 2 times (x 141B)
Class com.fasterxml.jackson.databind.util.ClassUtil$Ctor                              : loaded 2 times (x 72B)
Class org.h2.mvstore.Page$PageReference                                               : loaded 2 times (x 72B)
Class kotlin.text.Regex                                                               : loaded 2 times (x 72B)
Class kotlin.text.StringsKt__StringBuilderJVMKt                                       : loaded 2 times (x 71B)
Class kotlin.LazyKt__LazyKt                                                           : loaded 2 times (x 71B)
Class com.fasterxml.jackson.core.sym.ByteQuadsCanonicalizer$TableInfo                 : loaded 2 times (x 72B)
Class com.fasterxml.jackson.core.async.NonBlockingInputFeeder                         : loaded 2 times (x 70B)
Class com.fasterxml.jackson.core.JsonGenerator                                        : loaded 2 times (x 212B)
Class org.h2.mvstore.MVMap$DecisionMaker$1                                            : loaded 2 times (x 75B)
Class com.fasterxml.jackson.databind.BeanProperty                                     : loaded 2 times (x 70B)
Class kotlin.UNINITIALIZED_VALUE                                                      : loaded 2 times (x 71B)
Class kotlin.jvm.internal.Ref$ObjectRef                                               : loaded 2 times (x 72B)
Class [Lcom.fasterxml.jackson.core.TreeNode;                                          : loaded 2 times (x 69B)
Class com.fasterxml.jackson.databind.ser.impl.PropertySerializerMap$Double            : loaded 2 times (x 74B)
Class com.fasterxml.jackson.databind.ser.std.StdScalarSerializer                      : loaded 2 times (x 114B)
Class [Lcom.fasterxml.jackson.databind.deser.KeyDeserializers;                        : loaded 2 times (x 69B)
Class org.h2.mvstore.MVMap$DecisionMaker$2                                            : loaded 2 times (x 75B)
Class org.h2.mvstore.cache.CacheLongKeyLIRS$Entry                                     : loaded 2 times (x 75B)
Class com.fasterxml.jackson.databind.introspect.ClassIntrospector$MixInResolver       : loaded 2 times (x 70B)
Class kotlin.sequences.SequencesKt__SequencesKt                                       : loaded 2 times (x 71B)
Class kotlin.comparisons.ComparisonsKt__ComparisonsKt                                 : loaded 2 times (x 71B)
Class kotlin.ranges.RangesKt__RangesKt                                                : loaded 2 times (x 71B)
Class kotlinx.html.stream.HTMLStreamBuilder$UnsafeImpl$1                              : loaded 2 times (x 79B)
Class kotlin.collections.SetsKt___SetsKt                                              : loaded 2 times (x 71B)
Class com.fasterxml.jackson.databind.ser.PropertyBuilder$1                            : loaded 2 times (x 71B)
Class com.fasterxml.jackson.databind.AnnotationIntrospector$ReferenceProperty         : loaded 2 times (x 76B)
Class com.fasterxml.jackson.databind.type.TypeBindings$AsKey                          : loaded 2 times (x 72B)
Class com.fasterxml.jackson.databind.ser.std.BooleanSerializer                        : loaded 2 times (x 117B)
Class com.fasterxml.jackson.databind.exc.ValueInstantiationException                  : loaded 2 times (x 97B)
Class com.fasterxml.jackson.core.util.Separators$Spacing                              : loaded 2 times (x 79B)
Class org.h2.mvstore.MVMap$DecisionMaker$3                                            : loaded 2 times (x 75B)
Class kotlin.sequences.FilteringSequence                                              : loaded 2 times (x 75B)
Class kotlin.text.CharsKt__CharJVMKt                                                  : loaded 2 times (x 71B)
Class kotlin.comparisons.ComparisonsKt                                                : loaded 2 times (x 71B)
Class kotlin.comparisons.ComparisonsKt___ComparisonsKt                                : loaded 2 times (x 71B)
Class com.fasterxml.jackson.module.kotlin.KotlinValueInstantiator                     : loaded 2 times (x 122B)
Class com.fasterxml.jackson.databind.BeanProperty$Std                                 : loaded 2 times (x 108B)
Class kotlin.UInt                                                                     : loaded 2 times (x 74B)
Class com.fasterxml.jackson.databind.deser.AbstractDeserializer                       : loaded 2 times (x 104B)
Class org.h2.mvstore.MVMap$DecisionMaker$4                                            : loaded 2 times (x 75B)
Class com.fasterxml.jackson.annotation.JsonTypeId                                     : loaded 2 times (x 70B)
Class kotlinx.html.BR                                                                 : loaded 2 times (x 129B)
Class com.fasterxml.jackson.databind.jsontype.DefaultBaseTypeLimitingValidator        : loaded 2 times (x 76B)
Class com.fasterxml.jackson.databind.introspect.NopAnnotationIntrospector             : loaded 2 times (x 159B)
Class org.h2.mvstore.MVMap$DecisionMaker$5                                            : loaded 2 times (x 75B)
Class org.h2.mvstore.MVStore                                                          : loaded 2 times (x 155B)
Class org.slf4j.IMarkerFactory                                                        : loaded 2 times (x 70B)
Class kotlinx.html.impl.DelegatingMap                                                 : loaded 2 times (x 112B)
Class kotlin.collections.CollectionsKt___CollectionsJvmKt                             : loaded 2 times (x 71B)
Class kotlin.jvm.internal.markers.KMutableIterable                                    : loaded 2 times (x 70B)
Class kotlin.jdk7.AutoCloseableKt                                                     : loaded 2 times (x 71B)
Class com.fasterxml.jackson.databind.introspect.AnnotationCollector$OneAnnotation     : loaded 2 times (x 82B)
Class com.fasterxml.jackson.databind.deser.impl.JDKValueInstantiators$TreeMapInstantiator: loaded 2 times (x 108B)
Class com.fasterxml.jackson.databind.introspect.ConcreteBeanPropertyBase              : loaded 2 times (x 106B)
Class com.fasterxml.jackson.core.TreeCodec                                            : loaded 2 times (x 78B)
Class org.h2.mvstore.Chunk                                                            : loaded 2 times (x 87B)
Class kotlin.sequences.SequencesKt___SequencesJvmKt                                   : loaded 2 times (x 71B)
Class com.fasterxml.jackson.databind.introspect.AnnotationCollector                   : loaded 2 times (x 77B)
Class kotlin.time.DurationKt                                                          : loaded 2 times (x 71B)
Class com.intellij.cwm.plugin.provisioner.ProvisionedCodeWithMeEnterpriseConfiguration: loaded 2 times (x 78B)
Class com.fasterxml.jackson.databind.deser.impl.BeanAsArrayDeserializer               : loaded 2 times (x 214B)
Class [Lcom.fasterxml.jackson.databind.deser.impl.CreatorCandidate$Param;             : loaded 2 times (x 69B)
Class [Lcom.fasterxml.jackson.databind.introspect.AnnotatedWithParams;                : loaded 2 times (x 69B)
Class com.fasterxml.jackson.databind.ser.std.ByteBufferSerializer                     : loaded 2 times (x 115B)
Class com.fasterxml.jackson.databind.ser.std.MapSerializer                            : loaded 2 times (x 148B)
Class com.fasterxml.jackson.databind.deser.std.AtomicReferenceDeserializer            : loaded 2 times (x 169B)
Class com.fasterxml.jackson.databind.introspect.AnnotatedClass                        : loaded 2 times (x 86B)
Class kotlin.ranges.RangesKt                                                          : loaded 2 times (x 71B)
Class kotlin.sequences.GeneratorSequence                                              : loaded 2 times (x 75B)
Class com.fasterxml.jackson.databind.deser.std.NumberDeserializers$IntegerDeserializer: loaded 2 times (x 157B)
Class com.fasterxml.jackson.databind.deser.std.UUIDDeserializer                       : loaded 2 times (x 168B)
Class com.fasterxml.jackson.databind.PropertyMetadata                                 : loaded 2 times (x 89B)
Class com.fasterxml.jackson.databind.util.internal.PrivateMaxEntriesMap$WeightedValue : loaded 2 times (x 72B)
Class com.fasterxml.jackson.module.kotlin.KotlinModule$Builder$Companion              : loaded 2 times (x 71B)
Class com.fasterxml.jackson.databind.deser.impl.ErrorThrowingDeserializer             : loaded 2 times (x 98B)
Class com.fasterxml.jackson.annotation.JsonFormat$Features                            : loaded 2 times (x 75B)
Class org.h2.store.fs.FileUtils                                                       : loaded 2 times (x 71B)
Class kotlin.sequences.FlatteningSequence$iterator$1                                  : loaded 2 times (x 79B)
Class kotlinx.html.HtmlBlockInlineTag                                                 : loaded 2 times (x 70B)
Class kotlinx.html.consumers.DelayedConsumer                                          : loaded 2 times (x 84B)
Class kotlin.collections.ArraysUtilJVM                                                : loaded 2 times (x 71B)
Class kotlin.collections.AbstractMutableList                                          : loaded 2 times (x 206B)
Class org.h2.mvstore.Page$IncompleteNonLeaf                                           : loaded 2 times (x 108B)
Class com.fasterxml.jackson.databind.ser.impl.PropertySerializerMap$Single            : loaded 2 times (x 74B)
Class com.fasterxml.jackson.databind.introspect.AnnotatedField                        : loaded 2 times (x 91B)
Class com.fasterxml.jackson.databind.deser.std.ObjectArrayDeserializer                : loaded 2 times (x 169B)
Class com.fasterxml.jackson.core.util.RecyclerPool                                    : loaded 2 times (x 70B)
Class [Lcom.fasterxml.jackson.core.JsonParser$Feature;                                : loaded 2 times (x 69B)
Class com.fasterxml.jackson.databind.introspect.AccessorNamingStrategy                : loaded 2 times (x 75B)
Class com.fasterxml.jackson.databind.deser.ResolvableDeserializer                     : loaded 2 times (x 70B)
Class org.slf4j.helpers.BasicMarkerFactory                                            : loaded 2 times (x 82B)
Class kotlin.KotlinNothingValueException                                              : loaded 2 times (x 82B)
Class com.fasterxml.jackson.databind.ser.std.StdKeySerializers$StringKeySerializer    : loaded 2 times (x 114B)
Class com.fasterxml.jackson.annotation.JsonIgnoreProperties$Value                     : loaded 2 times (x 96B)
Class com.fasterxml.jackson.databind.deser.DeserializerCache                          : loaded 2 times (x 72B)
Class com.fasterxml.jackson.annotation.JsonInclude$Include                            : loaded 2 times (x 79B)
Class com.fasterxml.jackson.databind.introspect.AccessorNamingStrategy$Provider       : loaded 2 times (x 74B)
Class com.fasterxml.jackson.databind.deser.BeanDeserializerFactory                    : loaded 2 times (x 158B)
Class kotlin.jvm.internal.markers.KMutableIterator                                    : loaded 2 times (x 70B)
Class org.h2.util.MemoryEstimator                                                     : loaded 2 times (x 71B)
Class kotlinx.html.FlowPhrasingContent                                                : loaded 2 times (x 70B)
Class com.fasterxml.jackson.module.kotlin.BucketGenerator$Companion                   : loaded 2 times (x 71B)
Class com.fasterxml.jackson.databind.ser.std.InetAddressSerializer                    : loaded 2 times (x 120B)
Class com.fasterxml.jackson.databind.deser.std.CollectionDeserializer                 : loaded 2 times (x 174B)
Class com.fasterxml.jackson.databind.cfg.CoercionConfigs                              : loaded 2 times (x 79B)
Class com.fasterxml.jackson.annotation.JsonFormat                                     : loaded 2 times (x 70B)
Class com.fasterxml.jackson.databind.MapperFeature                                    : loaded 2 times (x 84B)
Class kotlin.collections.MapsKt___MapsJvmKt                                           : loaded 2 times (x 71B)
Class com.fasterxml.jackson.core.SerializableString                                   : loaded 2 times (x 70B)
Class com.fasterxml.jackson.databind.ser.impl.AttributePropertyWriter                 : loaded 2 times (x 143B)
Class com.fasterxml.jackson.databind.deser.std.StdDelegatingDeserializer              : loaded 2 times (x 168B)
Class com.fasterxml.jackson.databind.deser.ValueInstantiator$Gettable                 : loaded 2 times (x 70B)
Class com.fasterxml.jackson.databind.ser.std.StdDelegatingSerializer                  : loaded 2 times (x 126B)
Class com.fasterxml.jackson.databind.jsonschema.SchemaAware                           : loaded 2 times (x 70B)
Class kotlin.collections.EmptySet                                                     : loaded 2 times (x 122B)
Class kotlin.collections.CollectionsKt___CollectionsKt                                : loaded 2 times (x 71B)
Class kotlin.annotation.Target                                                        : loaded 2 times (x 70B)
Class com.fasterxml.jackson.databind.deser.impl.JDKValueInstantiators$LinkedListInstantiator: loaded 2 times (x 108B)
Class com.fasterxml.jackson.databind.ext.OptionalHandlerFactory                       : loaded 2 times (x 75B)
Class kotlin.jvm.JvmInline                                                            : loaded 2 times (x 70B)
Class com.fasterxml.jackson.databind.ser.std.ArraySerializerBase                      : loaded 2 times (x 126B)
Class com.fasterxml.jackson.databind.cfg.EnumFeature                                  : loaded 2 times (x 87B)
Class com.fasterxml.jackson.databind.cfg.ConfigOverride$Empty                         : loaded 2 times (x 80B)
Class com.fasterxml.jackson.databind.util.RootNameLookup                              : loaded 2 times (x 75B)
Class com.fasterxml.jackson.core.json.async.NonBlockingJsonParser                     : loaded 2 times (x 310B)
Class org.h2.message.DbException                                                      : loaded 2 times (x 87B)
Class kotlin.text.StringsKt___StringsJvmKt                                            : loaded 2 times (x 71B)
Class kotlin.annotation.Retention                                                     : loaded 2 times (x 70B)
Class com.fasterxml.jackson.module.kotlin.ReflectionCacheKt                           : loaded 2 times (x 71B)
Class com.fasterxml.jackson.databind.deser.std.StdValueInstantiator                   : loaded 2 times (x 121B)
Class [Lcom.fasterxml.jackson.databind.introspect.POJOPropertyBuilder$Linked;         : loaded 2 times (x 69B)
Class com.fasterxml.jackson.module.kotlin.KotlinSerializers                           : loaded 2 times (x 87B)
Class com.fasterxml.jackson.databind.type.TypeBindings                                : loaded 2 times (x 85B)
Class com.fasterxml.jackson.databind.introspect.VirtualAnnotatedMember                : loaded 2 times (x 93B)
Class com.fasterxml.jackson.databind.jsontype.impl.LaissezFaireSubTypeValidator       : loaded 2 times (x 74B)
Class org.h2.mvstore.SingleFileStore                                                  : loaded 2 times (x 146B)
Class [Lorg.slf4j.event.Level;                                                        : loaded 2 times (x 69B)
Class kotlin.collections.MapsKt___MapsKt                                              : loaded 2 times (x 71B)
Class kotlin.io.FilesKt                                                               : loaded 2 times (x 71B)
Class kotlin.collections.ArraysKt___ArraysKt                                          : loaded 2 times (x 71B)
Class com.fasterxml.jackson.databind.deser.std.NumberDeserializers$CharacterDeserializer: loaded 2 times (x 158B)
Class com.fasterxml.jackson.databind.deser.impl.MergingSettableBeanProperty           : loaded 2 times (x 143B)
Class [Lcom.fasterxml.jackson.databind.introspect.Annotated;                          : loaded 2 times (x 69B)
Class com.fasterxml.jackson.databind.ser.std.StdJdkSerializers$AtomicLongSerializer   : loaded 2 times (x 115B)
Class com.fasterxml.jackson.databind.deser.std.StringArrayDeserializer                : loaded 2 times (x 160B)
Class org.h2.mvstore.Cursor                                                           : loaded 2 times (x 80B)
Class kotlin.sequences.SequencesKt___SequencesKt$asIterable$$inlined$Iterable$1       : loaded 2 times (x 79B)
Class kotlin.collections.MapsKt__MapWithDefaultKt                                     : loaded 2 times (x 71B)
Class [Lkotlin.time.DurationUnit;                                                     : loaded 2 times (x 69B)
Class [Lkotlin.annotation.AnnotationRetention;                                        : loaded 2 times (x 69B)
Class com.fasterxml.jackson.module.kotlin.ClosedRangeMixin                            : loaded 2 times (x 79B)
Class com.fasterxml.jackson.module.kotlin.KotlinAnnotationIntrospector$Companion      : loaded 2 times (x 71B)
Class com.fasterxml.jackson.databind.deser.std.ArrayBlockingQueueDeserializer         : loaded 2 times (x 175B)
Class com.fasterxml.jackson.databind.ser.SerializerCache                              : loaded 2 times (x 72B)
Class com.fasterxml.jackson.databind.cfg.DatatypeFeatures$DefaultHolder               : loaded 2 times (x 71B)
Class com.fasterxml.jackson.core.json.JsonParserBase                                  : loaded 2 times (x 261B)
Class com.fasterxml.jackson.databind.type.IdentityEqualityType                        : loaded 2 times (x 139B)
Class [Lcom.fasterxml.jackson.databind.cfg.ConfigFeature;                             : loaded 2 times (x 69B)
Class com.fasterxml.jackson.databind.SerializationConfig                              : loaded 2 times (x 134B)
Class kotlin.text.StringsKt___StringsKt                                               : loaded 2 times (x 71B)
Class kotlinx.html.FlowOrInteractiveOrPhrasingContent                                 : loaded 2 times (x 70B)
Class kotlinx.html.stream.StreamKt                                                    : loaded 2 times (x 71B)
Class kotlin.collections.CollectionsKt__MutableCollectionsJVMKt                       : loaded 2 times (x 71B)
Class kotlin.enums.EnumEntriesKt                                                      : loaded 2 times (x 71B)
Class com.fasterxml.jackson.databind.deser.std.JsonLocationInstantiator               : loaded 2 times (x 108B)
Class kotlin.annotation.MustBeDocumented                                              : loaded 2 times (x 70B)
Class com.fasterxml.jackson.databind.deser.std.BaseNodeDeserializer$ContainerStack    : loaded 2 times (x 72B)
Class com.fasterxml.jackson.annotation.JsonIncludeProperties                          : loaded 2 times (x 70B)
Class com.fasterxml.jackson.databind.introspect.AnnotatedMethodCollector$MethodBuilder: loaded 2 times (x 72B)
Class com.fasterxml.jackson.databind.AnnotationIntrospector$ReferenceProperty$Type    : loaded 2 times (x 79B)
Class com.fasterxml.jackson.databind.ser.std.DateSerializer                           : loaded 2 times (x 126B)
Class com.fasterxml.jackson.databind.ser.std.CalendarSerializer                       : loaded 2 times (x 126B)
Class [Lcom.fasterxml.jackson.databind.deser.BeanDeserializerModifier;                : loaded 2 times (x 69B)
Class [Lcom.fasterxml.jackson.core.JsonGenerator$Feature;                             : loaded 2 times (x 69B)
Class com.fasterxml.jackson.databind.introspect.DefaultAccessorNamingStrategy$RecordNaming: loaded 2 times (x 80B)
Class [Lkotlin.LazyThreadSafetyMode;                                                  : loaded 2 times (x 69B)
Class kotlin.jvm.internal.markers.KMutableCollection                                  : loaded 2 times (x 70B)
Class com.fasterxml.jackson.module.kotlin.KotlinKeyDeserializers                      : loaded 2 times (x 75B)
Class com.fasterxml.jackson.databind.ser.impl.IteratorSerializer                      : loaded 2 times (x 132B)
Class com.fasterxml.jackson.databind.ser.impl.MapEntrySerializer                      : loaded 2 times (x 132B)
Class com.fasterxml.jackson.annotation.JsonAutoDetect$Visibility                      : loaded 2 times (x 79B)
Class org.h2.mvstore.type.StringDataType                                              : loaded 2 times (x 115B)
Class org.h2.util.IOUtils                                                             : loaded 2 times (x 71B)
Class kotlin.text.MatcherMatchResult$groups$1                                         : loaded 2 times (x 151B)
Class kotlin.coroutines.intrinsics.IntrinsicsKt                                       : loaded 2 times (x 71B)
Class kotlin.collections.EmptyMap                                                     : loaded 2 times (x 109B)
Class com.fasterxml.jackson.annotation.JacksonAnnotationsInside                       : loaded 2 times (x 70B)
Class com.fasterxml.jackson.databind.deser.BeanDeserializerBuilder                    : loaded 2 times (x 103B)
Class com.fasterxml.jackson.databind.deser.std.FromStringDeserializer$Std             : loaded 2 times (x 163B)
Class com.fasterxml.jackson.databind.ser.std.StdJdkSerializers$AtomicBooleanSerializer: loaded 2 times (x 115B)
Class com.fasterxml.jackson.databind.deser.std.StdKeyDeserializer$EnumKD              : loaded 2 times (x 79B)
Class com.fasterxml.jackson.databind.deser.std.MapDeserializer                        : loaded 2 times (x 178B)
Class com.fasterxml.jackson.core.json.async.NonBlockingUtf8JsonParserBase             : loaded 2 times (x 300B)
Class [Lcom.fasterxml.jackson.core.Versioned;                                         : loaded 2 times (x 69B)
Class kotlin.collections.MapsKt                                                       : loaded 2 times (x 71B)
Class kotlin.collections.CollectionsKt__IterablesKt                                   : loaded 2 times (x 71B)
Class com.fasterxml.jackson.annotation.JsonIgnoreType                                 : loaded 2 times (x 70B)
Class [Lcom.fasterxml.jackson.databind.cfg.ConstructorDetector$SingleArgConstructor;  : loaded 2 times (x 69B)
Class com.fasterxml.jackson.core.json.JsonWriteContext                                : loaded 2 times (x 95B)
Class com.fasterxml.jackson.databind.util.internal.PrivateMaxEntriesMap$EntrySet      : loaded 2 times (x 136B)
Class com.fasterxml.jackson.module.kotlin.KotlinModule$Builder                        : loaded 2 times (x 72B)
Class com.fasterxml.jackson.databind.deser.impl.FieldProperty                         : loaded 2 times (x 141B)
Class com.fasterxml.jackson.databind.deser.std.TokenBufferDeserializer                : loaded 2 times (x 157B)
Class com.fasterxml.jackson.databind.node.JsonNodeFactory                             : loaded 2 times (x 136B)
Class [Lcom.fasterxml.jackson.databind.cfg.JsonNodeFeature;                           : loaded 2 times (x 69B)
Class com.fasterxml.jackson.annotation.JsonFormat$Shape                               : loaded 2 times (x 79B)
Class com.fasterxml.jackson.core.json.UTF8JsonGenerator                               : loaded 2 times (x 226B)
Class com.fasterxml.jackson.databind.DeserializationContext                           : loaded 2 times (x 167B)
Class com.fasterxml.jackson.databind.JavaType                                         : loaded 2 times (x 131B)
Class com.fasterxml.jackson.databind.Module                                           : loaded 2 times (x 79B)
Class kotlin.ranges.OpenEndRange                                                      : loaded 2 times (x 70B)
Class kotlin.text.Charsets                                                            : loaded 2 times (x 71B)
Class kotlin.ULong                                                                    : loaded 2 times (x 74B)
Class com.fasterxml.jackson.databind.deser.impl.CreatorCandidate$Param                : loaded 2 times (x 72B)
Class kotlin.UByte                                                                    : loaded 2 times (x 74B)
Class com.fasterxml.jackson.annotation.JsonAnyGetter                                  : loaded 2 times (x 70B)
Class com.fasterxml.jackson.databind.util.TypeKey                                     : loaded 2 times (x 75B)
Class com.fasterxml.jackson.databind.util.internal.PrivateMaxEntriesMap$Builder       : loaded 2 times (x 71B)
Class com.fasterxml.jackson.databind.type.MapLikeType                                 : loaded 2 times (x 148B)
Class kotlin.ranges.RangesKt___RangesKt                                               : loaded 2 times (x 71B)
Class com.fasterxml.jackson.databind.cfg.ConstructorDetector$SingleArgConstructor     : loaded 2 times (x 79B)
Class [Lcom.fasterxml.jackson.databind.util.Annotations;                              : loaded 2 times (x 69B)
Class com.fasterxml.jackson.databind.ser.std.BooleanSerializer$AsNumber               : loaded 2 times (x 117B)
Class com.fasterxml.jackson.databind.node.ShortNode                                   : loaded 2 times (x 200B)
Class [Lcom.fasterxml.jackson.databind.cfg.DatatypeFeature;                           : loaded 2 times (x 69B)
Class [Lcom.fasterxml.jackson.databind.JavaType;                                      : loaded 2 times (x 69B)
Class com.fasterxml.jackson.databind.type.PlaceholderForType                          : loaded 2 times (x 142B)
Class org.h2.mvstore.MVMap$RewriteDecisionMaker                                       : loaded 2 times (x 76B)
Class org.h2.mvstore.cache.FilePathCache                                              : loaded 2 times (x 100B)
Class kotlin.coroutines.jvm.internal.Boxing                                           : loaded 2 times (x 71B)
Class org.slf4j.helpers.MessageFormatter                                              : loaded 2 times (x 71B)
Class kotlin.text.CharsKt__CharKt                                                     : loaded 2 times (x 71B)
Class kotlin.collections.ArraysKt                                                     : loaded 2 times (x 71B)
Class com.fasterxml.jackson.databind.deser.std.NumberDeserializers$PrimitiveOrWrapperDeserializer: loaded 2 times (x 157B)
Class com.fasterxml.jackson.databind.AnnotationIntrospector                           : loaded 2 times (x 159B)
Class org.h2.store.fs.encrypt.FileEncrypt                                             : loaded 2 times (x 131B)
Class com.fasterxml.jackson.databind.node.ObjectNode                                  : loaded 2 times (x 285B)
Class org.slf4j.helpers.NOP_FallbackServiceProvider                                   : loaded 2 times (x 84B)
Class kotlin.collections.SetsKt__SetsKt                                               : loaded 2 times (x 71B)
Class kotlin.LazyKt                                                                   : loaded 2 times (x 71B)
Class [Lcom.fasterxml.jackson.databind.ser.BeanPropertyWriter;                        : loaded 2 times (x 69B)
Class com.fasterxml.jackson.databind.deser.std.BaseNodeDeserializer                   : loaded 2 times (x 163B)
Class com.fasterxml.jackson.databind.introspect.AnnotatedCreatorCollector             : loaded 2 times (x 73B)
Class com.fasterxml.jackson.databind.util.internal.PrivateMaxEntriesMap$AddTask       : loaded 2 times (x 75B)
Class com.fasterxml.jackson.databind.ser.std.StdJdkSerializers                        : loaded 2 times (x 71B)
Class com.fasterxml.jackson.databind.ser.std.ReferenceTypeSerializer                  : loaded 2 times (x 126B)
Class com.fasterxml.jackson.databind.ser.std.NumberSerializer                         : loaded 2 times (x 119B)
Class com.fasterxml.jackson.databind.PropertyName                                     : loaded 2 times (x 83B)
Class com.fasterxml.jackson.databind.deser.std.EnumSetDeserializer                    : loaded 2 times (x 167B)
Class com.fasterxml.jackson.databind.ser.impl.UnknownSerializer                       : loaded 2 times (x 115B)
Class com.fasterxml.jackson.core.Base64Variant$PaddingReadBehaviour                   : loaded 2 times (x 79B)
Class com.fasterxml.jackson.databind.util.LookupCache                                 : loaded 2 times (x 70B)
Class kotlin.collections.ArraysKt__ArraysJVMKt                                        : loaded 2 times (x 71B)
Class com.fasterxml.jackson.databind.ser.impl.BeanAsArraySerializer                   : loaded 2 times (x 134B)
Class com.fasterxml.jackson.databind.deser.impl.PropertyValueBuffer                   : loaded 2 times (x 83B)
Class [Lcom.fasterxml.jackson.databind.BeanProperty;                                  : loaded 2 times (x 69B)
Class com.fasterxml.jackson.databind.deser.impl.JDKValueInstantiators$ConstantValueInstantiator: loaded 2 times (x 108B)
Class [Lcom.fasterxml.jackson.core.JsonToken;                                         : loaded 2 times (x 69B)
Class com.fasterxml.jackson.module.kotlin.ReflectionCache                             : loaded 2 times (x 72B)
Class com.fasterxml.jackson.databind.ser.std.NumberSerializers$IntegerSerializer      : loaded 2 times (x 119B)
Class com.fasterxml.jackson.databind.ser.impl.UnsupportedTypeSerializer               : loaded 2 times (x 114B)
Class com.fasterxml.jackson.databind.deser.BeanDeserializerModifier                   : loaded 2 times (x 82B)
Class [Lcom.fasterxml.jackson.databind.deser.Deserializers;                           : loaded 2 times (x 69B)
Class [Lcom.fasterxml.jackson.databind.MapperFeature;                                 : loaded 2 times (x 69B)
Class com.fasterxml.jackson.databind.introspect.BasicBeanDescription                  : loaded 2 times (x 123B)
Class org.h2.mvstore.MVMap$EqualsDecisionMaker                                        : loaded 2 times (x 76B)
Class com.fasterxml.jackson.databind.type.ClassKey                                    : loaded 2 times (x 75B)
Class kotlin.text.StringsKt__StringBuilderKt                                          : loaded 2 times (x 71B)
Class com.fasterxml.jackson.databind.ser.impl.PropertySerializerMap$Multi             : loaded 2 times (x 74B)
Class com.fasterxml.jackson.databind.ObjectReader                                     : loaded 2 times (x 229B)
Class com.fasterxml.jackson.databind.deser.impl.JDKValueInstantiators$HashMapInstantiator: loaded 2 times (x 108B)
Class com.fasterxml.jackson.databind.deser.std.FromStringDeserializer$StringBufferDeserializer: loaded 2 times (x 162B)
Class com.fasterxml.jackson.annotation.JacksonInject                                  : loaded 2 times (x 70B)
Class com.fasterxml.jackson.core.PrettyPrinter                                        : loaded 2 times (x 70B)
Class com.fasterxml.jackson.core.base.ParserMinimalBase                               : loaded 2 times (x 220B)
Class com.fasterxml.jackson.databind.AbstractTypeResolver                             : loaded 2 times (x 74B)
Class kotlin.TypeCastException                                                        : loaded 2 times (x 82B)
Class kotlin.NoWhenBranchMatchedException                                             : loaded 2 times (x 82B)
Class com.fasterxml.jackson.databind.deser.std.NumberDeserializers$BigDecimalDeserializer: loaded 2 times (x 157B)
Class com.fasterxml.jackson.annotation.JsonCreator$Mode                               : loaded 2 times (x 79B)
Class com.fasterxml.jackson.databind.deser.std.JsonNodeDeserializer                   : loaded 2 times (x 165B)
Class [Lcom.fasterxml.jackson.module.kotlin.KotlinFeature;                            : loaded 2 times (x 69B)
Class [Lcom.fasterxml.jackson.databind.ser.Serializers;                               : loaded 2 times (x 69B)
Class com.fasterxml.jackson.databind.ser.std.DateTimeSerializerBase                   : loaded 2 times (x 123B)
Class com.fasterxml.jackson.databind.ser.std.AsArraySerializerBase                    : loaded 2 times (x 127B)
Class com.fasterxml.jackson.databind.exc.InvalidDefinitionException                   : loaded 2 times (x 99B)
Class com.fasterxml.jackson.databind.jsontype.impl.StdSubtypeResolver                 : loaded 2 times (x 85B)
Class org.h2.mvstore.cache.CacheLongKeyLIRS$Segment                                   : loaded 2 times (x 81B)
Class com.fasterxml.jackson.databind.DeserializationConfig                            : loaded 2 times (x 134B)
Class org.slf4j.helpers.SubstituteServiceProvider                                     : loaded 2 times (x 85B)
Class com.fasterxml.jackson.databind.deser.impl.InnerClassProperty                    : loaded 2 times (x 143B)
Class com.fasterxml.jackson.databind.ser.std.JsonValueSerializer                      : loaded 2 times (x 123B)
Class com.fasterxml.jackson.databind.deser.CreatorProperty                            : loaded 2 times (x 144B)
Class com.fasterxml.jackson.databind.annotation.JsonDeserialize                       : loaded 2 times (x 70B)
Class com.fasterxml.jackson.databind.introspect.AnnotationIntrospectorPair            : loaded 2 times (x 162B)
Class org.h2.util.MathUtils                                                           : loaded 2 times (x 71B)
Class org.h2.mvstore.cache.CacheLongKeyLIRS$Config                                    : loaded 2 times (x 71B)
Class org.slf4j.event.Level                                                           : loaded 2 times (x 80B)
Class com.fasterxml.jackson.databind.ser.impl.UnwrappingBeanSerializer                : loaded 2 times (x 133B)
Class com.fasterxml.jackson.databind.deser.impl.PropertyValue$Regular                 : loaded 2 times (x 73B)
Class com.fasterxml.jackson.annotation.JsonFormat$Feature                             : loaded 2 times (x 79B)
Class com.fasterxml.jackson.databind.util.IgnorePropertiesUtil                        : loaded 2 times (x 71B)
Class com.fasterxml.jackson.databind.ser.impl.PropertyBasedObjectIdGenerator          : loaded 2 times (x 80B)
Class com.fasterxml.jackson.databind.node.BinaryNode                                  : loaded 2 times (x 200B)
Class com.fasterxml.jackson.databind.node.TextNode                                    : loaded 2 times (x 201B)
Class com.fasterxml.jackson.core.util.JsonRecyclerPools$ThreadLocalPool               : loaded 2 times (x 85B)
Class com.fasterxml.jackson.databind.introspect.BasicClassIntrospector                : loaded 2 times (x 97B)
Class com.fasterxml.jackson.databind.type.CollectionLikeType                          : loaded 2 times (x 145B)
Class com.fasterxml.jackson.databind.JsonMappingException                             : loaded 2 times (x 96B)
Class kotlin.jvm.internal.markers.KMappedMarker                                       : loaded 2 times (x 70B)
Class com.fasterxml.jackson.databind.cfg.ContextAttributes                            : loaded 2 times (x 76B)
Class com.fasterxml.jackson.databind.cfg.DatatypeFeature                              : loaded 2 times (x 70B)
Class [Lcom.fasterxml.jackson.annotation.Nulls;                                       : loaded 2 times (x 69B)
Class [Lcom.fasterxml.jackson.core.Base64Variant$PaddingReadBehaviour;                : loaded 2 times (x 69B)
Class com.fasterxml.jackson.databind.introspect.VisibilityChecker                     : loaded 2 times (x 70B)
Class com.fasterxml.jackson.databind.JsonSerializer                                   : loaded 2 times (x 88B)
Class com.fasterxml.jackson.databind.deser.impl.JDKValueInstantiators$ArrayListInstantiator: loaded 2 times (x 108B)
Class [Lcom.fasterxml.jackson.databind.AnnotationIntrospector$ReferenceProperty$Type; : loaded 2 times (x 69B)
Class com.fasterxml.jackson.databind.deser.std.MapEntryDeserializer                   : loaded 2 times (x 168B)
Class com.fasterxml.jackson.core.json.WriterBasedJsonGenerator                        : loaded 2 times (x 227B)
Class com.fasterxml.jackson.databind.introspect.ClassIntrospector                     : loaded 2 times (x 79B)
Class [Lorg.h2.mvstore.cache.CacheLongKeyLIRS$Segment;                                : loaded 2 times (x 69B)
Class com.fasterxml.jackson.databind.JsonDeserializer                                 : loaded 2 times (x 97B)
Class com.fasterxml.jackson.databind.ser.ResolvableSerializer                         : loaded 2 times (x 70B)
Class kotlinx.html.HtmlInlineTag                                                      : loaded 2 times (x 70B)
Class kotlin.coroutines.jvm.internal.SuspendFunction                                  : loaded 2 times (x 70B)
Class [Lcom.fasterxml.jackson.databind.JsonSerializable$Base;                         : loaded 2 times (x 69B)
Class com.fasterxml.jackson.databind.deser.std.AtomicLongDeserializer                 : loaded 2 times (x 157B)
Class com.fasterxml.jackson.core.io.ContentReference                                  : loaded 2 times (x 86B)
Class com.fasterxml.jackson.databind.ser.std.NumberSerializers$DoubleSerializer       : loaded 2 times (x 119B)
Class com.fasterxml.jackson.databind.ser.std.InetSocketAddressSerializer              : loaded 2 times (x 116B)
Class com.fasterxml.jackson.databind.ser.std.EnumSerializer                           : loaded 2 times (x 119B)
Class [Lcom.fasterxml.jackson.core.type.ResolvedType;                                 : loaded 2 times (x 69B)
Class com.fasterxml.jackson.databind.util.internal.LinkedDeque                        : loaded 2 times (x 201B)
Class com.fasterxml.jackson.core.util.ByteArrayBuilder                                : loaded 2 times (x 89B)
Class kotlin.coroutines.intrinsics.IntrinsicsKt__IntrinsicsJvmKt                      : loaded 2 times (x 71B)
Class kotlin.jvm.internal.Ref$BooleanRef                                              : loaded 2 times (x 71B)
Class com.fasterxml.jackson.databind.deser.std.FromStringDeserializer$StringBuilderDeserializer: loaded 2 times (x 162B)
Class com.fasterxml.jackson.databind.util.LinkedNode                                  : loaded 2 times (x 72B)
Class com.fasterxml.jackson.annotation.JsonIgnoreProperties                           : loaded 2 times (x 70B)
Class com.fasterxml.jackson.databind.introspect.POJOPropertyBuilder$WithMember        : loaded 2 times (x 70B)
Class com.fasterxml.jackson.annotation.JsonAnySetter                                  : loaded 2 times (x 70B)
Class com.fasterxml.jackson.databind.ser.impl.ReadOnlyClassToSerializerMap$Bucket     : loaded 2 times (x 72B)
Class com.fasterxml.jackson.databind.ObjectMapper$1                                   : loaded 2 times (x 130B)
Class com.fasterxml.jackson.databind.ser.std.StdJdkSerializers$AtomicIntegerSerializer: loaded 2 times (x 115B)
Class com.fasterxml.jackson.databind.introspect.AnnotationCollector$EmptyCollector    : loaded 2 times (x 77B)
Class com.fasterxml.jackson.databind.util.Named                                       : loaded 2 times (x 70B)
Class kotlin.collections.CollectionsKt                                                : loaded 2 times (x 71B)
Class com.fasterxml.jackson.databind.deser.std.NumberDeserializers$BooleanDeserializer: loaded 2 times (x 157B)
Class com.fasterxml.jackson.module.kotlin.KotlinModuleKt                              : loaded 2 times (x 71B)
Class com.fasterxml.jackson.annotation.JsonAutoDetect                                 : loaded 2 times (x 70B)
Class com.fasterxml.jackson.core.util.DefaultPrettyPrinter$Indenter                   : loaded 2 times (x 70B)
Class org.h2.mvstore.MVMap$Decision                                                   : loaded 2 times (x 79B)
Class kotlin.time.DurationUnitKt                                                      : loaded 2 times (x 71B)
Class org.jsoup.nodes.Node                                                            : loaded 2 times (x 144B)
Class com.fasterxml.jackson.databind.deser.impl.JDKValueInstantiators$ConcurrentHashMapInstantiator: loaded 2 times (x 108B)
Class com.fasterxml.jackson.databind.util.ArrayIterator                               : loaded 2 times (x 90B)
Class com.fasterxml.jackson.databind.ser.std.NumberSerializers$FloatSerializer        : loaded 2 times (x 119B)
Class com.fasterxml.jackson.databind.deser.std.ThrowableDeserializer                  : loaded 2 times (x 223B)
Class com.fasterxml.jackson.databind.cfg.CoercionInputShape                           : loaded 2 times (x 79B)
Class org.h2.mvstore.Page$NonLeaf                                                     : loaded 2 times (x 107B)
Class org.h2.mvstore.type.BasicDataType                                               : loaded 2 times (x 109B)
Class org.h2.store.fs.FileBaseDefault                                                 : loaded 2 times (x 130B)
Class com.fasterxml.jackson.databind.deser.Deserializers                              : loaded 2 times (x 70B)
Class kotlinx.html.FlowOrPhrasingContent                                              : loaded 2 times (x 70B)
Class [Lcom.fasterxml.jackson.databind.ser.PropertyWriter;                            : loaded 2 times (x 69B)
Class com.fasterxml.jackson.databind.deser.impl.JDKValueInstantiators$TreeSetInstantiator: loaded 2 times (x 108B)
Class com.fasterxml.jackson.databind.ser.std.TokenBufferSerializer                    : loaded 2 times (x 115B)
Class com.fasterxml.jackson.databind.KeyDeserializer                                  : loaded 2 times (x 72B)
Class com.fasterxml.jackson.databind.introspect.AnnotatedParameter                    : loaded 2 times (x 92B)
Class com.fasterxml.jackson.databind.Module$SetupContext                              : loaded 2 times (x 70B)
Class org.slf4j.helpers.BasicMDCAdapter                                               : loaded 2 times (x 95B)

---------------  S Y S T E M  ---------------

OS:
 Windows 10 , 64 bit Build 19041 (10.0.19041.5915)
OS uptime: 4 days 8:34 hours

CPU: total 16 (initial active 16) (8 cores per cpu, 2 threads per core) family 6 model 141 stepping 1 microcode 0x50, cx8, cmov, fxsr, ht, mmx, 3dnowpref, sse, sse2, sse3, ssse3, sse4.1, sse4.2, popcnt, lzcnt, tsc, tscinvbit, avx, avx2, aes, erms, clmul, bmi1, bmi2, adx, avx512f, avx512dq, avx512cd, avx512bw, avx512vl, sha, fma, vzeroupper, avx512_vpopcntdq, avx512_vpclmulqdq, avx512_vaes, avx512_vnni, clflush, clflushopt, clwb, avx512_vbmi2, avx512_vbmi, rdtscp, rdpid, fsrm, gfni, avx512_bitalg, f16c, pku, cet_ibt, cet_ss, avx512_ifma
Processor Information for the first 16 processors :
  Max Mhz: 2304, Current Mhz: 2304, Mhz Limit: 2304

Memory: 4k page, system-wide physical 16151M (604M free)
TotalPageFile size 32493M (AvailPageFile size 0M)
current process WorkingSet (physical memory assigned to process): 1603M, peak: 1857M
current process commit charge ("private bytes"): 2479M, peak: 2480M

vm_info: OpenJDK 64-Bit Server VM (21.0.8+1-b1038.73) for windows-amd64 JRE (21.0.8+1-b1038.73), built on 2025-09-24 by "builduser" with MS VC++ 16.10 / 16.11 (VS2019)

END.
